game_id,season,week,game_date,player_id,player_name,position,team,opponent,home_away,game_result,temp,wind,roof,surface,div_game,spread_line,total_line,home_score,away_score,pass_attempts,completions,passing_yards,passing_tds,interceptions,completion_pct,yards_per_attempt,passer_rating,pass_epa,cpoe,rush_attempts,rushing_yards,rushing_tds,yards_per_carry,rush_epa,rush_share,explosive_runs,targets,receptions,receiving_yards,receiving_tds,catch_rate,target_share,air_yards,yac,racr,wopr,red_zone_targets,red_zone_tds,third_down_targets,third_down_conversions,explosive_catches,explosive_rate,time_to_throw,aggressiveness,avg_separation,avg_cushion,rush_efficiency,ryoe_per_att,yac_above_expected,fantasy_points_std,fantasy_points_ppr,fantasy_points_per_game,height,weight,years_exp,rookie_year,sacks,sack_yards,pass_epa_per_att,success_rate,third_down_attempts,third_down_completions,red_zone_attempts,pressures,td_pct,int_pct,third_down_pct,red_zone_td_pct,pressure_rate,fumbles,fumbles_lost,rush_epa_per_att,first_down_rushes,third_down_rushes,red_zone_rushes,goal_line_rushes,goal_line_tds,td_rate,fumble_rate,third_down_conversion_rate,red_zone_td_rate,goal_line_td_rate,drops,rec_epa,rec_epa_per_target,completed_air_yards,first_down_targets,yards_per_target,yards_per_reception,drop_rate,air_yards_per_target,yac_per_reception,gameday,weekday,gametime,home_team,away_team,result,total,location,home_moneyline,away_moneyline,overtime,total_points,spread_cover_home,total_over,avg_air_distance,intended_air_yards,cpoe_ngs,time_to_los,player_name_roster
2023_01_ARI_WAS,2023,1,2023-09-10,00-0033553,J.Conner,RB,ARI,WAS,Away,L,NA,NA,outdoors,,0,7,38,20,16,NA,NA,NA,NA,NA,NA,NA,NA,NA,NA,14,62,0,4.428571428571429,-1.402507855789736,0.56,0,NA,NA,NA,NA,NA,0.15151515151515152,NA,NA,NA,NA,NA,0,NA,1,NA,0,NA,NA,NA,NA,4.0525806451612905,-1.3224410730528748,NA,7,12,12,73,233,6,2017,NA,NA,NA,0.42857142857142855,NA,NA,NA,NA,NA,NA,NA,NA,NA,0,0,-0.10017913255640973,7,2,0,0,0,0,0,0.5,0,0,NA,NA,NA,NA,NA,NA,NA,NA,NA,NA,2023-09-10,Sunday,13:00,WAS,ARI,4,36,Home,-340,270,0,36,FALSE,FALSE,NA,NA,NA,2.579166666666667,James Conner
2023_01_ARI_WAS,2023,1,2023-09-10,00-0033553,J.Conner,RB,ARI,WAS,Away,L,NA,NA,outdoors,,0,7,38,20,16,NA,NA,NA,NA,NA,NA,NA,NA,NA,NA,NA,NA,NA,NA,NA,0.56,NA,5,5,8,0,1,0.15151515151515152,-16,24,8,6.5,1,0,0,0,0,0,NA,NA,NA,NA,4.0525806451612905,-1.3224410730528748,NA,7,12,12,73,233,6,2017,NA,NA,NA,NA,NA,NA,NA,NA,NA,NA,NA,NA,NA,0,NA,NA,NA,NA,NA,NA,NA,0,NA,0,0,NA,0,-2.4684203705983236,-0.49368407411966475,-80,3,1.6,1.6,0,-3.2,4.8,2023-09-10,Sunday,13:00,WAS,ARI,4,36,Home,-340,270,0,36,FALSE,FALSE,NA,NA,NA,2.579166666666667,James Conner
2023_01_ARI_WAS,2023,1,2023-09-10,00-0033949,J.Dobbs,QB,ARI,WAS,Away,L,NA,NA,outdoors,,0,7,38,20,16,33,21,114,0,0,0.6363636363636364,3.4545454545454546,69.50757575757575,-9.239667566276069,2.0314213633537292,NA,NA,NA,NA,NA,0.12,NA,NA,NA,NA,NA,NA,NA,186,63,NA,NA,NA,0,NA,NA,NA,NA,2.6794000000000002,26.666666666666668,NA,NA,NA,NA,NA,2.9800000000000004,2.9800000000000004,2.9800000000000004,NA,NA,NA,NA,3,-18,-0.2799899262507899,0.30303030303030304,11,5,5,8,0,0,0.45454545454545453,0,0.24242424242424243,NA,NA,NA,NA,NA,NA,NA,NA,NA,NA,NA,NA,NA,NA,NA,NA,NA,NA,NA,NA,NA,NA,NA,2023-09-10,Sunday,13:00,WAS,ARI,4,36,Home,-340,270,0,36,FALSE,FALSE,3.2295238095238097,5.990333333333333,9.55423121651014,NA,NA
2023_01_ARI_WAS,2023,1,2023-09-10,00-0033949,J.Dobbs,RB,ARI,WAS,Away,L,NA,NA,outdoors,,0,7,38,20,16,NA,NA,NA,NA,NA,NA,NA,NA,NA,NA,3,-3,0,-1,-7.96104086341802,0.12,0,NA,NA,NA,NA,NA,NA,NA,NA,NA,NA,NA,0,NA,0,NA,0,2.6794000000000002,26.666666666666668,NA,NA,NA,NA,NA,2.9800000000000004,2.9800000000000004,2.9800000000000004,NA,NA,NA,NA,NA,NA,NA,0,NA,NA,NA,NA,NA,NA,NA,NA,NA,1,1,-2.6536802878060066,1,0,1,0,0,0,0.3333333333333333,0,0,0,NA,NA,NA,NA,NA,NA,NA,NA,NA,NA,2023-09-10,Sunday,13:00,WAS,ARI,4,36,Home,-340,270,0,36,FALSE,FALSE,3.2295238095238097,5.990333333333333,9.55423121651014,NA,NA
2023_01_ARI_WAS,2023,1,2023-09-10,00-0037299,K.Ingram,RB,ARI,WAS,Away,L,NA,NA,outdoors,,0,7,38,20,16,NA,NA,NA,NA,NA,NA,NA,NA,NA,NA,5,-4,0,-0.8,-3.6633026723284274,0.2,0,NA,NA,NA,NA,NA,NA,NA,NA,NA,NA,NA,0,NA,0,NA,0,NA,NA,NA,NA,NA,NA,NA,-0.4,-0.4,-0.4,NA,NA,NA,NA,NA,NA,NA,0.2,NA,NA,NA,NA,NA,NA,NA,NA,NA,0,0,-0.7326605344656855,3,0,0,0,0,0,0,0,0,0,NA,NA,NA,NA,NA,NA,NA,NA,NA,NA,2023-09-10,Sunday,13:00,WAS,ARI,4,36,Home,-340,270,0,36,FALSE,FALSE,NA,NA,NA,NA,NA
2023_01_ARI_WAS,2023,1,2023-09-10,00-0035662,M.Brown,WR,ARI,WAS,Away,L,NA,NA,outdoors,,0,7,38,20,16,NA,NA,NA,NA,NA,NA,NA,NA,NA,NA,1,29,0,29,2.1730704207438976,0.04,1,NA,NA,NA,NA,NA,0.15151515151515152,NA,NA,NA,NA,NA,0,NA,0,NA,1,NA,NA,1.5526400101593871,6.258,NA,NA,-0.9010304399830222,5.7,8.7,8.7,69,170,4,2019,NA,NA,NA,1,NA,NA,NA,NA,NA,NA,NA,NA,NA,0,0,2.1730704207438976,0,0,0,0,0,0,0,0,0,0,NA,NA,NA,NA,NA,NA,NA,NA,NA,NA,2023-09-10,Sunday,13:00,WAS,ARI,4,36,Home,-340,270,0,36,FALSE,FALSE,NA,NA,NA,NA,Marquise Brown
2023_01_ARI_WAS,2023,1,2023-09-10,00-0035662,M.Brown,WR,ARI,WAS,Away,L,NA,NA,outdoors,,0,7,38,20,16,NA,NA,NA,NA,NA,NA,NA,NA,NA,NA,NA,NA,NA,NA,NA,0.04,NA,5,3,28,0,0.6,0.15151515151515152,48,0,0.5833333333333334,16.5,1,0,4,2,0,0,NA,NA,1.5526400101593871,6.258,NA,NA,-0.9010304399830222,5.7,8.7,8.7,69,170,4,2019,NA,NA,NA,NA,NA,NA,NA,NA,NA,NA,NA,NA,NA,0,NA,NA,NA,NA,NA,NA,NA,0,NA,0.5,0,NA,2,2.5659663477961274,0.5131932695592256,144,1,5.6,9.333333333333334,0.4,9.6,0,2023-09-10,Sunday,13:00,WAS,ARI,4,36,Home,-340,270,0,36,FALSE,FALSE,NA,NA,NA,NA,Marquise Brown
2023_01_ARI_WAS,2023,1,2023-09-10,00-0038559,Mi.Wilson,WR,ARI,WAS,Away,L,NA,NA,outdoors,,0,7,38,20,16,NA,NA,NA,NA,NA,NA,NA,NA,NA,NA,NA,NA,NA,NA,NA,NA,NA,4,2,19,0,0.5,0.12121212121212122,68,-1,0.27941176470588236,11.5,0,0,0,0,0,0,NA,NA,NA,NA,NA,NA,NA,1.9000000000000001,3.9000000000000004,3.9000000000000004,74,209,0,2023,NA,NA,NA,NA,NA,NA,NA,NA,NA,NA,NA,NA,NA,0,NA,NA,NA,NA,NA,NA,NA,0,NA,0,0,NA,2,-2.072323744010646,-0.5180809360026615,136,2,4.75,9.5,0.5,17,-0.5,2023-09-10,Sunday,13:00,WAS,ARI,4,36,Home,-340,270,0,36,FALSE,FALSE,NA,NA,NA,NA,Michael Wilson
2023_01_ARI_WAS,2023,1,2023-09-10,00-0036936,R.Moore,WR,ARI,WAS,Away,L,NA,NA,outdoors,,0,7,38,20,16,NA,NA,NA,NA,NA,NA,NA,NA,NA,NA,2,12,0,6,-0.3255146318115294,0.08,0,NA,NA,NA,NA,NA,0.09090909090909091,NA,NA,NA,NA,NA,0,NA,0,NA,0,NA,NA,NA,NA,NA,NA,NA,4.5,7.5,7.5,67,180,2,2021,NA,NA,NA,0,NA,NA,NA,NA,NA,NA,NA,NA,NA,0,0,-0.1627573159057647,1,1,0,0,0,0,0,0,0,0,NA,NA,NA,NA,NA,NA,NA,NA,NA,NA,2023-09-10,Sunday,13:00,WAS,ARI,4,36,Home,-340,270,0,36,FALSE,FALSE,NA,NA,NA,NA,Rondale Moore
2023_01_ARI_WAS,2023,1,2023-09-10,00-0036936,R.Moore,WR,ARI,WAS,Away,L,NA,NA,outdoors,,0,7,38,20,16,NA,NA,NA,NA,NA,NA,NA,NA,NA,NA,NA,NA,NA,NA,NA,0.08,NA,3,3,33,0,1,0.09090909090909091,8,25,4.125,18,1,0,1,0,1,0.3333333333333333,NA,NA,NA,NA,NA,NA,NA,4.5,7.5,7.5,67,180,2,2021,NA,NA,NA,NA,NA,NA,NA,NA,NA,NA,NA,NA,NA,0,NA,NA,NA,NA,NA,NA,NA,0,NA,0,0,NA,0,1.5174502628506161,0.5058167542835388,24,1,11,11,0,2.6666666666666665,8.333333333333334,2023-09-10,Sunday,13:00,WAS,ARI,4,36,Home,-340,270,0,36,FALSE,FALSE,NA,NA,NA,NA,Rondale Moore
2023_01_ARI_WAS,2023,1,2023-09-10,00-0037744,T.McBride,TE,ARI,WAS,Away,L,NA,NA,outdoors,,0,7,38,20,16,NA,NA,NA,NA,NA,NA,NA,NA,NA,NA,NA,NA,NA,NA,NA,NA,NA,2,2,23,0,1,0.06060606060606061,14,9,1.6428571428571428,12.5,0,0,0,0,0,0,NA,NA,NA,NA,NA,NA,NA,2.3000000000000003,4.300000000000001,4.300000000000001,76,245,1,2022,NA,NA,NA,NA,NA,NA,NA,NA,NA,NA,NA,NA,NA,0,NA,NA,NA,NA,NA,NA,NA,0,NA,0,0,NA,0,1.5979559590341523,0.7989779795170762,28,1,11.5,11.5,0,7,4.5,2023-09-10,Sunday,13:00,WAS,ARI,4,36,Home,-340,270,0,36,FALSE,FALSE,NA,NA,NA,NA,Trey McBride
2023_01_ARI_WAS,2023,1,2023-09-10,00-0030061,Z.Ertz,WR,ARI,WAS,Away,L,NA,NA,outdoors,,0,7,38,20,16,NA,NA,NA,NA,NA,NA,NA,NA,NA,NA,NA,NA,NA,NA,NA,NA,NA,10,6,21,0,0.6,0.30303030303030304,56,6,0.375,15.5,2,0,4,1,0,0,NA,NA,1.480500571314145,8.011666666666667,NA,NA,-0.21528993431044552,2.1,8.1,8.1,NA,NA,NA,NA,NA,NA,NA,NA,NA,NA,NA,NA,NA,NA,NA,NA,NA,0,NA,NA,NA,NA,NA,NA,NA,0,NA,0.25,0,NA,4,-3.3606025351883275,-0.33606025351883273,336,3,2.1,3.5,0.4,5.6,1,2023-09-10,Sunday,13:00,WAS,ARI,4,36,Home,-340,270,0,36,FALSE,FALSE,NA,NA,NA,NA,NA
2023_01_ARI_WAS,2023,1,2023-09-10,00-0033251,Z.Pascal,WR,ARI,WAS,Away,L,NA,NA,outdoors,,0,7,38,20,16,NA,NA,NA,NA,NA,NA,NA,NA,NA,NA,NA,NA,NA,NA,NA,NA,NA,1,0,0,0,0,0.030303030303030304,8,0,0,0.5,0,0,0,0,0,NA,NA,NA,NA,NA,NA,NA,NA,0,0,0,74,214,6,2017,NA,NA,NA,NA,NA,NA,NA,NA,NA,NA,NA,NA,NA,0,NA,NA,NA,NA,NA,NA,NA,0,NA,0,0,NA,1,-0.5793663724325597,-0.5793663724325597,0,1,0,0,1,8,0,2023-09-10,Sunday,13:00,WAS,ARI,4,36,Home,-340,270,0,36,FALSE,FALSE,NA,NA,NA,NA,Zach Pascal
2023_01_ARI_WAS,2023,1,2023-09-10,00-0036328,A.Gibson,RB,WAS,ARI,Home,W,NA,NA,outdoors,,0,7,38,20,16,NA,NA,NA,NA,NA,NA,NA,NA,NA,NA,3,9,0,3,-4.909313174721319,0.10714285714285714,0,NA,NA,NA,NA,NA,0.02702702702702703,NA,NA,NA,NA,NA,0,NA,0,NA,0,NA,NA,NA,NA,NA,NA,NA,-0.09999999999999987,0.9000000000000001,0.9000000000000001,74,221,3,2020,NA,NA,NA,0.33333333333333337,NA,NA,NA,NA,NA,NA,NA,NA,NA,1,1,-1.6364377249071063,1,0,1,0,0,0,0.3333333333333333,0,0,0,NA,NA,NA,NA,NA,NA,NA,NA,NA,NA,2023-09-10,Sunday,13:00,WAS,ARI,4,36,Home,-340,270,0,36,FALSE,FALSE,NA,NA,NA,NA,Antonio Gibson
2023_01_ARI_WAS,2023,1,2023-09-10,00-0036328,A.Gibson,RB,WAS,ARI,Home,W,NA,NA,outdoors,,0,7,38,20,16,NA,NA,NA,NA,NA,NA,NA,NA,NA,NA,NA,NA,NA,NA,NA,0.10714285714285714,NA,1,1,10,0,1,0.02702702702702703,-4,14,10,5.5,0,0,1,0,0,0,NA,NA,NA,NA,NA,NA,NA,-0.09999999999999987,0.9000000000000001,0.9000000000000001,74,221,3,2020,NA,NA,NA,NA,NA,NA,NA,NA,NA,NA,NA,NA,NA,0,NA,NA,NA,NA,NA,NA,NA,0,NA,0,0,NA,0,0.38347411272116005,0.38347411272116005,-4,0,10,10,0,-4,14,2023-09-10,Sunday,13:00,WAS,ARI,4,36,Home,-340,270,0,36,FALSE,FALSE,NA,NA,NA,NA,Antonio Gibson
2023_01_ARI_WAS,2023,1,2023-09-10,00-0037746,B.Robinson,RB,WAS,ARI,Home,W,NA,NA,outdoors,,0,7,38,20,16,NA,NA,NA,NA,NA,NA,NA,NA,NA,NA,19,59,0,3.1052631578947367,-3.4775958434614918,0.6785714285714286,0,NA,NA,NA,NA,NA,0.05405405405405406,NA,NA,NA,NA,NA,0,NA,0,NA,0,NA,NA,NA,NA,4.573559322033899,-1.105910623383201,NA,12.600000000000001,13.600000000000001,13.600000000000001,73,228,1,2022,NA,NA,NA,0.368421052631579,NA,NA,NA,NA,NA,NA,NA,NA,NA,0,0,-0.18303136018218374,9,2,3,0,0,0,0,0,0,0,NA,NA,NA,NA,NA,NA,NA,NA,NA,NA,2023-09-10,Sunday,13:00,WAS,ARI,4,36,Home,-340,270,0,36,FALSE,FALSE,NA,NA,NA,2.335470588235294,Brian Robinson
2023_01_ARI_WAS,2023,1,2023-09-10,00-0037746,B.Robinson,RB,WAS,ARI,Home,W,NA,NA,outdoors,,0,7,38,20,16,NA,NA,NA,NA,NA,NA,NA,NA,NA,NA,NA,NA,NA,NA,NA,0.6785714285714286,NA,2,1,7,1,0.5,0.05405405405405406,3,0,2.3333333333333335,4.5,1,1,0,0,0,0,NA,NA,NA,NA,4.573559322033899,-1.105910623383201,NA,12.600000000000001,13.600000000000001,13.600000000000001,73,228,1,2022,NA,NA,NA,NA,NA,NA,NA,NA,NA,NA,NA,NA,NA,0,NA,NA,NA,NA,NA,NA,NA,0.5,NA,0,1,NA,1,0.9807186058023944,0.4903593029011972,3,1,3.5,7,0.5,1.5,0,2023-09-10,Sunday,13:00,WAS,ARI,4,36,Home,-340,270,0,36,FALSE,FALSE,NA,NA,NA,2.335470588235294,Brian Robinson
2023_01_ARI_WAS,2023,1,2023-09-10,00-0038611,C.Rodriguez,RB,WAS,ARI,Home,W,NA,NA,outdoors,,0,7,38,20,16,NA,NA,NA,NA,NA,NA,NA,NA,NA,NA,3,7,0,2.3333333333333335,-0.27890417573507875,0.10714285714285714,0,NA,NA,NA,NA,NA,NA,NA,NA,NA,NA,NA,0,NA,1,NA,0,NA,NA,NA,NA,NA,NA,NA,0.7000000000000001,0.7000000000000001,0.7000000000000001,71,224,0,2023,NA,NA,NA,0.33333333333333337,NA,NA,NA,NA,NA,NA,NA,NA,NA,0,0,-0.09296805857835962,0,2,1,0,0,0,0,0.5,0,0,NA,NA,NA,NA,NA,NA,NA,NA,NA,NA,2023-09-10,Sunday,13:00,WAS,ARI,4,36,Home,-340,270,0,36,FALSE,FALSE,NA,NA,NA,NA,Chris Rodriguez
2023_01_ARI_WAS,2023,1,2023-09-10,00-0033282,C.Samuel,WR,WAS,ARI,Home,W,NA,NA,outdoors,,0,7,38,20,16,NA,NA,NA,NA,NA,NA,NA,NA,NA,NA,1,6,0,6,0.1888738968409598,0.03571428571428571,0,NA,NA,NA,NA,NA,0.13513513513513514,NA,NA,NA,NA,NA,0,NA,0,NA,0,NA,NA,4.960519157051017,8.1225,NA,NA,-0.9567409963625044,6,11,11,71,195,6,2017,NA,NA,NA,1,NA,NA,NA,NA,NA,NA,NA,NA,NA,0,0,0.1888738968409598,1,0,1,0,0,0,0,0,0,0,NA,NA,NA,NA,NA,NA,NA,NA,NA,NA,2023-09-10,Sunday,13:00,WAS,ARI,4,36,Home,-340,270,0,36,FALSE,FALSE,NA,NA,NA,NA,Curtis Samuel
2023_01_ARI_WAS,2023,1,2023-09-10,00-0033282,C.Samuel,WR,WAS,ARI,Home,W,NA,NA,outdoors,,0,7,38,20,16,NA,NA,NA,NA,NA,NA,NA,NA,NA,NA,NA,NA,NA,NA,NA,0.03571428571428571,NA,5,5,54,0,1,0.13513513513513514,27,27,2,29.5,0,0,1,0,1,0.2,NA,NA,4.960519157051017,8.1225,NA,NA,-0.9567409963625044,6,11,11,71,195,6,2017,NA,NA,NA,NA,NA,NA,NA,NA,NA,NA,NA,NA,NA,0,NA,NA,NA,NA,NA,NA,NA,0,NA,0,0,NA,0,-0.042015018640086055,-0.008403003728017212,135,3,10.8,10.8,0,5.4,5.4,2023-09-10,Sunday,13:00,WAS,ARI,4,36,Home,-340,270,0,36,FALSE,FALSE,NA,NA,NA,NA,Curtis Samuel
2023_01_ARI_WAS,2023,1,2023-09-10,00-0037078,C.Turner,TE,WAS,ARI,Home,W,NA,NA,outdoors,,0,7,38,20,16,NA,NA,NA,NA,NA,NA,NA,NA,NA,NA,NA,NA,NA,NA,NA,NA,NA,2,1,17,0,0.5,0.05405405405405406,27,1,0.6296296296296297,9.5,0,0,0,0,0,0,NA,NA,NA,NA,NA,NA,NA,1.7000000000000002,2.7,2.7,78,240,1,2022,NA,NA,NA,NA,NA,NA,NA,NA,NA,NA,NA,NA,NA,0,NA,NA,NA,NA,NA,NA,NA,0,NA,0,0,NA,1,1.2270133298588917,0.6135066649294458,27,1,8.5,17,0.5,13.5,1,2023-09-10,Sunday,13:00,WAS,ARI,4,36,Home,-340,270,0,36,FALSE,FALSE,NA,NA,NA,NA,Cole Turner
2023_01_ARI_WAS,2023,1,2023-09-10,00-0037741,J.Dotson,WR,WAS,ARI,Home,W,NA,NA,outdoors,,0,7,38,20,16,NA,NA,NA,NA,NA,NA,NA,NA,NA,NA,NA,NA,NA,NA,NA,NA,NA,7,5,40,0,0.7142857142857143,0.1891891891891892,64,3,0.625,23.5,0,0,1,1,0,0,NA,NA,1.8637461059929414,7.958571428571427,NA,NA,-0.5173516199762702,4,9,9,71,182,1,2022,NA,NA,NA,NA,NA,NA,NA,NA,NA,NA,NA,NA,NA,0,NA,NA,NA,NA,NA,NA,NA,0,NA,1,0,NA,1,-1.6105891632614657,-0.23008416618020935,320,4,5.714285714285714,8,0.14285714285714285,9.142857142857142,0.6,2023-09-10,Sunday,13:00,WAS,ARI,4,36,Home,-340,270,0,36,FALSE,FALSE,NA,NA,NA,NA,Jahan Dotson
2023_01_ARI_WAS,2023,1,2023-09-10,00-0031260,L.Thomas,TE,WAS,ARI,Home,W,NA,NA,outdoors,,0,7,38,20,16,NA,NA,NA,NA,NA,NA,NA,NA,NA,NA,NA,NA,NA,NA,NA,NA,NA,8,4,43,0,0.5,0.21621621621621623,47,12,0.9148936170212766,25.5,0,0,1,0,0,0,NA,NA,2.8212830854726043,7.5725,NA,NA,0.7116513852291337,4.3,8.3,8.3,78,250,9,2014,NA,NA,NA,NA,NA,NA,NA,NA,NA,NA,NA,NA,NA,0,NA,NA,NA,NA,NA,NA,NA,0,NA,0,0,NA,4,-0.9567330903955735,-0.11959163629944669,188,3,5.375,10.75,0.5,5.875,3,2023-09-10,Sunday,13:00,WAS,ARI,4,36,Home,-340,270,0,36,FALSE,FALSE,NA,NA,NA,NA,Logan Thomas
2023_01_ARI_WAS,2023,1,2023-09-10,00-0037077,S.Howell,QB,WAS,ARI,Home,W,NA,NA,outdoors,,0,7,38,20,16,37,19,156,1,1,0.5135135135135135,4.216216216216216,60.19144144144144,-13.413062730876792,-6.899052961119292,NA,NA,NA,NA,NA,0.07142857142857142,NA,NA,NA,NA,NA,NA,NA,228,68,NA,NA,NA,1,NA,NA,NA,NA,2.8733548387096772,16.129032258064516,NA,NA,NA,NA,NA,15.18,15.18,15.18,73,225,1,2022,6,-46,-0.36251520894261596,0.37837837837837834,8,5,3,12,0.02702702702702703,0.02702702702702703,0.625,0.3333333333333333,0.32432432432432434,NA,NA,NA,NA,NA,NA,NA,NA,NA,NA,NA,NA,NA,NA,NA,NA,NA,NA,NA,NA,NA,NA,NA,2023-09-10,Sunday,13:00,WAS,ARI,4,36,Home,-340,270,0,36,FALSE,FALSE,7.081052631578949,7.5379310344827575,-0.19944238085900423,NA,Sam Howell
2023_01_ARI_WAS,2023,1,2023-09-10,00-0037077,S.Howell,QB,WAS,ARI,Home,W,NA,NA,outdoors,,0,7,38,20,16,NA,NA,NA,NA,NA,NA,NA,NA,NA,NA,2,11,1,5.5,2.768072582257446,0.07142857142857142,0,NA,NA,NA,NA,NA,NA,NA,NA,NA,NA,NA,1,NA,1,NA,0,2.8733548387096772,16.129032258064516,NA,NA,NA,NA,NA,15.18,15.18,15.18,73,225,1,2022,NA,NA,NA,0.5,NA,NA,NA,NA,NA,NA,NA,NA,NA,0,0,1.384036291128723,1,1,1,0,0,0.5,0,1,1,0,NA,NA,NA,NA,NA,NA,NA,NA,NA,NA,2023-09-10,Sunday,13:00,WAS,ARI,4,36,Home,-340,270,0,36,FALSE,FALSE,7.081052631578949,7.5379310344827575,-0.19944238085900423,NA,Sam Howell
2023_01_ARI_WAS,2023,1,2023-09-10,00-0035659,T.McLaurin,WR,WAS,ARI,Home,W,NA,NA,outdoors,,0,7,38,20,16,NA,NA,NA,NA,NA,NA,NA,NA,NA,NA,NA,NA,NA,NA,NA,NA,NA,4,2,31,0,0.5,0.10810810810810811,44,11,0.7045454545454546,17.5,0,0,1,1,0,0,NA,NA,NA,NA,NA,NA,NA,3.1,5.1,5.1,72,210,4,2019,NA,NA,NA,NA,NA,NA,NA,NA,NA,NA,NA,NA,NA,0,NA,NA,NA,NA,NA,NA,NA,0,NA,1,0,NA,2,1.4279045789735392,0.3569761447433848,88,2,7.75,15.5,0.5,11,5.5,2023-09-10,Sunday,13:00,WAS,ARI,4,36,Home,-340,270,0,36,FALSE,FALSE,NA,NA,NA,NA,Terry McLaurin
2023_01_BUF_NYJ,2023,1,2023-09-11,00-0035657,D.Harris,RB,BUF,NYJ,Away,L,NA,NA,outdoors,,1,-2.5,44.5,22,16,NA,NA,NA,NA,NA,NA,NA,NA,NA,NA,1,3,0,3,-0.48061497445451096,0.045454545454545456,0,NA,NA,NA,NA,NA,0.044444444444444446,NA,NA,NA,NA,NA,0,NA,0,NA,0,NA,NA,NA,NA,NA,NA,NA,1.9000000000000001,3.9000000000000004,3.9000000000000004,71,215,4,2019,NA,NA,NA,0,NA,NA,NA,NA,NA,NA,NA,NA,NA,0,0,-0.48061497445451096,0,0,1,0,0,0,0,0,0,0,NA,NA,NA,NA,NA,NA,NA,NA,NA,NA,2023-09-11,Monday,20:15,NYJ,BUF,6,38,Home,114,-135,1,38,TRUE,FALSE,NA,NA,NA,NA,Damien Harris
2023_01_BUF_NYJ,2023,1,2023-09-11,00-0035657,D.Harris,RB,BUF,NYJ,Away,L,NA,NA,outdoors,,1,-2.5,44.5,22,16,NA,NA,NA,NA,NA,NA,NA,NA,NA,NA,NA,NA,NA,NA,NA,0.045454545454545456,NA,2,2,16,0,1,0.044444444444444446,0,16,16,9,0,0,1,0,0,0,NA,NA,NA,NA,NA,NA,NA,1.9000000000000001,3.9000000000000004,3.9000000000000004,71,215,4,2019,NA,NA,NA,NA,NA,NA,NA,NA,NA,NA,NA,NA,NA,0,NA,NA,NA,NA,NA,NA,NA,0,NA,0,0,NA,0,0.5349582841505538,0.2674791420752769,0,0,8,8,0,0,8,2023-09-11,Monday,20:15,NYJ,BUF,6,38,Home,114,-135,1,38,TRUE,FALSE,NA,NA,NA,NA,Damien Harris
2023_01_BUF_NYJ,2023,1,2023-09-11,00-0035215,D.Harty,WR,BUF,NYJ,Away,L,NA,NA,outdoors,,1,-2.5,44.5,22,16,NA,NA,NA,NA,NA,NA,NA,NA,NA,NA,1,4,0,4,-0.1633087145164609,0.045454545454545456,0,NA,NA,NA,NA,NA,0.08888888888888889,NA,NA,NA,NA,NA,0,NA,0,NA,0,NA,NA,NA,NA,NA,NA,NA,1.3,4.3,4.3,66,170,4,2019,NA,NA,NA,0,NA,NA,NA,NA,NA,NA,NA,NA,NA,0,0,-0.1633087145164609,1,0,0,0,0,0,0,0,0,0,NA,NA,NA,NA,NA,NA,NA,NA,NA,NA,2023-09-11,Monday,20:15,NYJ,BUF,6,38,Home,114,-135,1,38,TRUE,FALSE,NA,NA,NA,NA,Deonte Harty
2023_01_BUF_NYJ,2023,1,2023-09-11,00-0035215,D.Harty,WR,BUF,NYJ,Away,L,NA,NA,outdoors,,1,-2.5,44.5,22,16,NA,NA,NA,NA,NA,NA,NA,NA,NA,NA,NA,NA,NA,NA,NA,0.045454545454545456,NA,4,3,9,0,0.75,0.08888888888888889,49,25,0.1836734693877551,6.5,0,0,1,0,0,0,NA,NA,NA,NA,NA,NA,NA,1.3,4.3,4.3,66,170,4,2019,NA,NA,NA,NA,NA,NA,NA,NA,NA,NA,NA,NA,NA,0,NA,NA,NA,NA,NA,NA,NA,0,NA,0,0,NA,0,-0.5214514171238989,-0.13036285428097472,147,1,2.25,3,0,12.25,8.333333333333334,2023-09-11,Monday,20:15,NYJ,BUF,6,38,Home,114,-135,1,38,TRUE,FALSE,NA,NA,NA,NA,Deonte Harty
2023_01_BUF_NYJ,2023,1,2023-09-11,00-0038933,D.Kincaid,TE,BUF,NYJ,Away,L,NA,NA,outdoors,,1,-2.5,44.5,22,16,NA,NA,NA,NA,NA,NA,NA,NA,NA,NA,NA,NA,NA,NA,NA,NA,NA,4,4,26,0,1,0.08888888888888889,5,21,5.2,15,0,0,0,0,0,0,NA,NA,NA,NA,NA,NA,NA,2.6,6.6,6.6,76,240,0,2023,NA,NA,NA,NA,NA,NA,NA,NA,NA,NA,NA,NA,NA,0,NA,NA,NA,NA,NA,NA,NA,0,NA,0,0,NA,0,1.578823934076354,0.3947059835190885,20,2,6.5,6.5,0,1.25,5.25,2023-09-11,Monday,20:15,NYJ,BUF,6,38,Home,114,-135,1,38,TRUE,FALSE,NA,NA,NA,NA,Dalton Kincaid
2023_01_BUF_NYJ,2023,1,2023-09-11,00-0035689,D.Knox,TE,BUF,NYJ,Away,L,NA,NA,outdoors,,1,-2.5,44.5,22,16,NA,NA,NA,NA,NA,NA,NA,NA,NA,NA,NA,NA,NA,NA,NA,NA,NA,4,3,25,0,0.75,0.08888888888888889,28,10,0.8928571428571429,14.5,0,0,0,0,0,0,NA,NA,NA,NA,NA,NA,NA,2.5,5.5,5.5,76,254,4,2019,NA,NA,NA,NA,NA,NA,NA,NA,NA,NA,NA,NA,NA,0,NA,NA,NA,NA,NA,NA,NA,0,NA,0,0,NA,1,1.2140105839353055,0.30350264598382637,84,2,6.25,8.333333333333334,0.25,7,3.3333333333333335,2023-09-11,Monday,20:15,NYJ,BUF,6,38,Home,114,-135,1,38,TRUE,FALSE,NA,NA,NA,NA,Dawson Knox
2023_01_BUF_NYJ,2023,1,2023-09-11,00-0036196,G.Davis,WR,BUF,NYJ,Away,L,NA,NA,outdoors,,1,-2.5,44.5,22,16,NA,NA,NA,NA,NA,NA,NA,NA,NA,NA,NA,NA,NA,NA,NA,NA,NA,4,2,32,0,0.5,0.08888888888888889,70,8,0.45714285714285713,18,0,0,1,0,1,0.5,NA,NA,NA,NA,NA,NA,NA,3.2,5.2,5.2,74,213,3,2020,NA,NA,NA,NA,NA,NA,NA,NA,NA,NA,NA,NA,NA,0,NA,NA,NA,NA,NA,NA,NA,0,NA,0,0,NA,1,-1.5008575187530369,-0.3752143796882592,140,0,8,16,0.25,17.5,4,2023-09-11,Monday,20:15,NYJ,BUF,6,38,Home,114,-135,1,38,TRUE,FALSE,NA,NA,NA,NA,Gabe Davis
2023_01_BUF_NYJ,2023,1,2023-09-11,00-0034857,J.Allen,QB,BUF,NYJ,Away,L,NA,NA,outdoors,,1,-2.5,44.5,22,16,46,29,217,1,3,0.6304347826086957,4.717391304347826,54.34782608695653,-1.409397025535174,7.830620079468456,NA,NA,NA,NA,NA,0.2727272727272727,NA,NA,NA,NA,NA,NA,NA,338,132,NA,NA,NA,1,NA,NA,NA,NA,2.775075,21.951219512195124,NA,NA,NA,NA,NA,11.04,11.04,11.04,77,237,5,2018,5,-19,-0.030639065772503797,0.5,9,4,3,14,0.021739130434782608,0.06521739130434782,0.4444444444444444,0.3333333333333333,0.30434782608695654,NA,NA,NA,NA,NA,NA,NA,NA,NA,NA,NA,NA,NA,NA,NA,NA,NA,NA,NA,NA,NA,NA,NA,2023-09-11,Monday,20:15,NYJ,BUF,6,38,Home,114,-135,1,38,TRUE,FALSE,3.7537931034482765,7.855384615384616,8.254943047536585,NA,Josh Allen
2023_01_BUF_NYJ,2023,1,2023-09-11,00-0034857,J.Allen,QB,BUF,NYJ,Away,L,NA,NA,outdoors,,1,-2.5,44.5,22,16,NA,NA,NA,NA,NA,NA,NA,NA,NA,NA,6,36,0,6,-1.3393285559971733,0.2727272727272727,0,NA,NA,NA,NA,NA,NA,NA,NA,NA,NA,NA,0,NA,3,NA,0,2.775075,21.951219512195124,NA,NA,NA,NA,NA,11.04,11.04,11.04,77,237,5,2018,NA,NA,NA,0.6666666666666666,NA,NA,NA,NA,NA,NA,NA,NA,NA,1,1,-0.223221425999529,2,4,0,0,0,0,0.16666666666666666,0.75,0,0,NA,NA,NA,NA,NA,NA,NA,NA,NA,NA,2023-09-11,Monday,20:15,NYJ,BUF,6,38,Home,114,-135,1,38,TRUE,FALSE,3.7537931034482765,7.855384615384616,8.254943047536585,NA,Josh Allen
2023_01_BUF_NYJ,2023,1,2023-09-11,00-0037248,J.Cook,RB,BUF,NYJ,Away,L,NA,NA,outdoors,,1,-2.5,44.5,22,16,NA,NA,NA,NA,NA,NA,NA,NA,NA,NA,12,46,0,3.8333333333333335,-1.1546591858495958,0.5454545454545454,0,NA,NA,NA,NA,NA,0.13333333333333333,NA,NA,NA,NA,NA,0,NA,0,NA,0,NA,NA,NA,NA,4.51804347826087,0.18630278741494996,NA,6.300000000000001,10.3,10.3,71,190,1,2022,NA,NA,NA,0.41666666666666663,NA,NA,NA,NA,NA,NA,NA,NA,NA,0,0,-0.09622159882079967,6,0,0,0,0,0,0,0,0,0,NA,NA,NA,NA,NA,NA,NA,NA,NA,NA,2023-09-11,Monday,20:15,NYJ,BUF,6,38,Home,114,-135,1,38,TRUE,FALSE,NA,NA,NA,2.764444444444445,James Cook
2023_01_BUF_NYJ,2023,1,2023-09-11,00-0037248,J.Cook,RB,BUF,NYJ,Away,L,NA,NA,outdoors,,1,-2.5,44.5,22,16,NA,NA,NA,NA,NA,NA,NA,NA,NA,NA,NA,NA,NA,NA,NA,0.5454545454545454,NA,6,4,17,0,0.6666666666666666,0.13333333333333333,25,16,0.68,11.5,0,0,1,0,0,0,NA,NA,NA,NA,4.51804347826087,0.18630278741494996,NA,6.300000000000001,10.3,10.3,71,190,1,2022,NA,NA,NA,NA,NA,NA,NA,NA,NA,NA,NA,NA,NA,0,NA,NA,NA,NA,NA,NA,NA,0,NA,0,0,NA,2,-1.9452438402804546,-0.32420730671340914,100,3,2.8333333333333335,4.25,0.3333333333333333,4.166666666666667,4,2023-09-11,Monday,20:15,NYJ,BUF,6,38,Home,114,-135,1,38,TRUE,FALSE,NA,NA,NA,2.764444444444445,James Cook
2023_01_BUF_NYJ,2023,1,2023-09-11,00-0030513,L.Murray,RB,BUF,NYJ,Away,L,NA,NA,outdoors,,1,-2.5,44.5,22,16,NA,NA,NA,NA,NA,NA,NA,NA,NA,NA,2,8,0,4,-0.030656790593639016,0.09090909090909091,0,NA,NA,NA,NA,NA,0.044444444444444446,NA,NA,NA,NA,NA,0,NA,0,NA,0,NA,NA,NA,NA,NA,NA,NA,1.7000000000000002,2.7,2.7,75,230,10,2013,NA,NA,NA,0.5,NA,NA,NA,NA,NA,NA,NA,NA,NA,0,0,-0.015328395296819508,1,0,0,0,0,0,0,0,0,0,NA,NA,NA,NA,NA,NA,NA,NA,NA,NA,2023-09-11,Monday,20:15,NYJ,BUF,6,38,Home,114,-135,1,38,TRUE,FALSE,NA,NA,NA,NA,Latavius Murray
2023_01_BUF_NYJ,2023,1,2023-09-11,00-0030513,L.Murray,RB,BUF,NYJ,Away,L,NA,NA,outdoors,,1,-2.5,44.5,22,16,NA,NA,NA,NA,NA,NA,NA,NA,NA,NA,NA,NA,NA,NA,NA,0.09090909090909091,NA,2,1,9,0,0.5,0.044444444444444446,4,8,2.25,5.5,0,0,2,1,0,0,NA,NA,NA,NA,NA,NA,NA,1.7000000000000002,2.7,2.7,75,230,10,2013,NA,NA,NA,NA,NA,NA,NA,NA,NA,NA,NA,NA,NA,0,NA,NA,NA,NA,NA,NA,NA,0,NA,0.5,0,NA,1,2.017519950132316,1.008759975066158,4,0,4.5,9,0.5,2,8,2023-09-11,Monday,20:15,NYJ,BUF,6,38,Home,114,-135,1,38,TRUE,FALSE,NA,NA,NA,NA,Latavius Murray
2023_01_BUF_NYJ,2023,1,2023-09-11,00-0031588,S.Diggs,WR,BUF,NYJ,Away,L,NA,NA,outdoors,,1,-2.5,44.5,22,16,NA,NA,NA,NA,NA,NA,NA,NA,NA,NA,NA,NA,NA,NA,NA,NA,NA,13,10,102,1,0.7692307692307693,0.28888888888888886,135,28,0.7555555555555555,57.5,2,1,3,1,0,0,NA,NA,1.867173635827922,6.415384615384616,NA,NA,0.600342104201181,16.200000000000003,26.200000000000003,26.200000000000003,72,191,8,2015,NA,NA,NA,NA,NA,NA,NA,NA,NA,NA,NA,NA,NA,0,NA,NA,NA,NA,NA,NA,NA,0.07692307692307693,NA,0.3333333333333333,0.5,NA,2,3.7230798516538925,0.2863907578195303,1350,5,7.846153846153846,10.2,0.15384615384615385,10.384615384615385,2.8,2023-09-11,Monday,20:15,NYJ,BUF,6,38,Home,114,-135,1,38,TRUE,FALSE,NA,NA,NA,NA,Stefon Diggs
2023_01_BUF_NYJ,2023,1,2023-09-11,00-0034521,A.Lazard,WR,NYJ,BUF,Home,W,NA,NA,outdoors,,1,-2.5,44.5,22,16,NA,NA,NA,NA,NA,NA,NA,NA,NA,NA,NA,NA,NA,NA,NA,NA,NA,4,2,46,0,0.5,0.16,37,23,1.2432432432432432,25,0,0,2,2,2,1,NA,NA,NA,NA,NA,NA,NA,4.6000000000000005,6.6000000000000005,6.6000000000000005,77,227,5,2018,NA,NA,NA,NA,NA,NA,NA,NA,NA,NA,NA,NA,NA,0,NA,NA,NA,NA,NA,NA,NA,0,NA,1,0,NA,2,4.151035470422357,1.0377588676055893,74,1,11.5,23,0.5,9.25,11.5,2023-09-11,Monday,20:15,NYJ,BUF,6,38,Home,114,-135,1,38,TRUE,FALSE,NA,NA,NA,NA,Allen Lazard
2023_01_BUF_NYJ,2023,1,2023-09-11,00-0023459,A.Rodgers,QB,NYJ,BUF,Home,W,NA,NA,outdoors,,1,-2.5,44.5,22,16,2,0,-10,0,0,0,-5,0,-2.0319598843343556,NA,NA,NA,NA,NA,NA,NA,NA,NA,NA,NA,NA,NA,NA,17,0,NA,NA,NA,0,NA,NA,NA,NA,NA,NA,NA,NA,NA,NA,NA,0,0,0,74,225,18,2005,1,-10,-1.0159799421671778,0,0,0,0,3,0,0,0,0,1.5,NA,NA,NA,NA,NA,NA,NA,NA,NA,NA,NA,NA,NA,NA,NA,NA,NA,NA,NA,NA,NA,NA,NA,2023-09-11,Monday,20:15,NYJ,BUF,6,38,Home,114,-135,1,38,TRUE,FALSE,NA,NA,NA,NA,Aaron Rodgers
2023_01_BUF_NYJ,2023,1,2023-09-11,00-0038120,Bre.Hall,RB,NYJ,BUF,Home,W,NA,NA,outdoors,,1,-2.5,44.5,22,16,NA,NA,NA,NA,NA,NA,NA,NA,NA,NA,10,127,0,12.7,4.568738044530619,0.38461538461538464,2,NA,NA,NA,NA,NA,0.08,NA,NA,NA,NA,NA,0,NA,0,NA,0.2,NA,NA,NA,NA,2.1800000000000006,8.140735973655206,NA,14.700000000000001,15.700000000000001,15.700000000000001,73,220,1,2022,NA,NA,NA,0.6,NA,NA,NA,NA,NA,NA,NA,NA,NA,1,0,0.45687380445306186,6,0,0,0,0,0,0.1,0,0,0,NA,NA,NA,NA,NA,NA,NA,NA,NA,NA,2023-09-11,Monday,20:15,NYJ,BUF,6,38,Home,114,-135,1,38,TRUE,FALSE,NA,NA,NA,2.7478888888888893,Breece Hall
2023_01_BUF_NYJ,2023,1,2023-09-11,00-0038120,Bre.Hall,RB,NYJ,BUF,Home,W,NA,NA,outdoors,,1,-2.5,44.5,22,16,NA,NA,NA,NA,NA,NA,NA,NA,NA,NA,NA,NA,NA,NA,NA,0.38461538461538464,NA,2,1,20,0,0.5,0.08,-1,24,20,11,0,0,0,0,1,1,NA,NA,NA,NA,2.1800000000000006,8.140735973655206,NA,14.700000000000001,15.700000000000001,15.700000000000001,73,220,1,2022,NA,NA,NA,NA,NA,NA,NA,NA,NA,NA,NA,NA,NA,0,NA,NA,NA,NA,NA,NA,NA,0,NA,0,0,NA,1,0.4366037013242021,0.21830185066210106,-1,0,10,20,0.5,-0.5,24,2023-09-11,Monday,20:15,NYJ,BUF,6,38,Home,114,-135,1,38,TRUE,FALSE,NA,NA,NA,2.7478888888888893,Breece Hall
2023_01_BUF_NYJ,2023,1,2023-09-11,00-0033893,D.Cook,RB,NYJ,BUF,Home,W,NA,NA,outdoors,,1,-2.5,44.5,22,16,NA,NA,NA,NA,NA,NA,NA,NA,NA,NA,13,33,0,2.5384615384615383,-3.633846827840898,0.5,0,NA,NA,NA,NA,NA,0.12,NA,NA,NA,NA,NA,0,NA,1,NA,0,NA,NA,NA,NA,5.758787878787879,-1.7487768960070582,NA,5.9,8.9,8.9,NA,NA,NA,NA,NA,NA,NA,0.3076923076923077,NA,NA,NA,NA,NA,NA,NA,NA,NA,0,0,-0.27952667906468454,5,2,5,0,0,0,0,0.5,0,0,NA,NA,NA,NA,NA,NA,NA,NA,NA,NA,2023-09-11,Monday,20:15,NYJ,BUF,6,38,Home,114,-135,1,38,TRUE,FALSE,NA,NA,NA,2.5705999999999998,NA
2023_01_BUF_NYJ,2023,1,2023-09-11,00-0033893,D.Cook,WR,NYJ,BUF,Home,W,NA,NA,outdoors,,1,-2.5,44.5,22,16,NA,NA,NA,NA,NA,NA,NA,NA,NA,NA,NA,NA,NA,NA,NA,0.5,NA,3,3,26,0,1,0.12,-5,31,26,14.5,0,0,0,0,0,0,NA,NA,NA,NA,5.758787878787879,-1.7487768960070582,NA,5.9,8.9,8.9,NA,NA,NA,NA,NA,NA,NA,NA,NA,NA,NA,NA,NA,NA,NA,NA,NA,0,NA,NA,NA,NA,NA,NA,NA,0,NA,0,0,NA,0,1.0051361108198762,0.33504537027329206,-15,2,8.666666666666666,8.666666666666666,0,-1.6666666666666667,10.333333333333334,2023-09-11,Monday,20:15,NYJ,BUF,6,38,Home,114,-135,1,38,TRUE,FALSE,NA,NA,NA,2.5705999999999998,NA
2023_01_BUF_NYJ,2023,1,2023-09-11,00-0037740,G.Wilson,WR,NYJ,BUF,Home,W,NA,NA,outdoors,,1,-2.5,44.5,22,16,NA,NA,NA,NA,NA,NA,NA,NA,NA,NA,NA,NA,NA,NA,NA,NA,NA,5,5,34,1,1,0.2,31,3,1.096774193548387,19.5,1,1,2,2,0,0,NA,NA,1.5262024657567577,4.196,NA,NA,-0.9648578972751487,9.4,14.4,14.4,72,192,1,2022,NA,NA,NA,NA,NA,NA,NA,NA,NA,NA,NA,NA,NA,0,NA,NA,NA,NA,NA,NA,NA,0.2,NA,1,1,NA,0,3.6068560012208764,0.7213712002441752,155,1,6.8,6.8,0,6.2,0.6,2023-09-11,Monday,20:15,NYJ,BUF,6,38,Home,114,-135,1,38,TRUE,FALSE,NA,NA,NA,NA,Garrett Wilson
2023_01_BUF_NYJ,2023,1,2023-09-11,00-0036924,Mi.Carter,RB,NYJ,BUF,Home,W,NA,NA,outdoors,,1,-2.5,44.5,22,16,NA,NA,NA,NA,NA,NA,NA,NA,NA,NA,1,6,0,6,-0.3097534245750868,0.038461538461538464,0,NA,NA,NA,NA,NA,0.08,NA,NA,NA,NA,NA,0,NA,0,NA,0,NA,NA,NA,NA,NA,NA,NA,1.8,3.8,3.8,NA,NA,NA,NA,NA,NA,NA,0,NA,NA,NA,NA,NA,NA,NA,NA,NA,0,0,-0.3097534245750868,0,1,1,0,0,0,0,0,0,0,NA,NA,NA,NA,NA,NA,NA,NA,NA,NA,2023-09-11,Monday,20:15,NYJ,BUF,6,38,Home,114,-135,1,38,TRUE,FALSE,NA,NA,NA,NA,NA
2023_01_BUF_NYJ,2023,1,2023-09-11,00-0036924,Mi.Carter,WR,NYJ,BUF,Home,W,NA,NA,outdoors,,1,-2.5,44.5,22,16,NA,NA,NA,NA,NA,NA,NA,NA,NA,NA,NA,NA,NA,NA,NA,0.038461538461538464,NA,2,2,12,0,1,0.08,5,7,2.4,7,0,0,2,0,0,0,NA,NA,NA,NA,NA,NA,NA,1.8,3.8,3.8,NA,NA,NA,NA,NA,NA,NA,NA,NA,NA,NA,NA,NA,NA,NA,NA,NA,0,NA,NA,NA,NA,NA,NA,NA,0,NA,0,0,NA,0,-1.324572116136551,-0.6622860580682755,10,0,6,6,0,2.5,3.5,2023-09-11,Monday,20:15,NYJ,BUF,6,38,Home,114,-135,1,38,TRUE,FALSE,NA,NA,NA,NA,NA
2023_01_BUF_NYJ,2023,1,2023-09-11,00-0028002,R.Cobb,WR,NYJ,BUF,Home,W,NA,NA,outdoors,,1,-2.5,44.5,22,16,NA,NA,NA,NA,NA,NA,NA,NA,NA,NA,NA,NA,NA,NA,NA,NA,NA,1,0,0,0,0,0.04,10,0,0,0.5,0,0,0,0,0,NA,NA,NA,NA,NA,NA,NA,NA,0,0,0,70,192,12,2011,NA,NA,NA,NA,NA,NA,NA,NA,NA,NA,NA,NA,NA,0,NA,NA,NA,NA,NA,NA,NA,0,NA,0,0,NA,0,-3.9241312073427252,-3.9241312073427252,0,1,0,0,0,10,0,2023-09-11,Monday,20:15,NYJ,BUF,6,38,Home,114,-135,1,38,TRUE,FALSE,NA,NA,NA,NA,Randall Cobb
2023_01_BUF_NYJ,2023,1,2023-09-11,00-0034270,T.Conklin,TE,NYJ,BUF,Home,W,NA,NA,outdoors,,1,-2.5,44.5,22,16,NA,NA,NA,NA,NA,NA,NA,NA,NA,NA,NA,NA,NA,NA,NA,NA,NA,1,1,2,0,1,0.04,-2,4,2,1.5,0,0,0,0,0,0,NA,NA,NA,NA,NA,NA,NA,0.2,1.2,1.2,75,254,5,2018,NA,NA,NA,NA,NA,NA,NA,NA,NA,NA,NA,NA,NA,0,NA,NA,NA,NA,NA,NA,NA,0,NA,0,0,NA,0,-0.47521815448999405,-0.47521815448999405,-2,1,2,2,0,-2,4,2023-09-11,Monday,20:15,NYJ,BUF,6,38,Home,114,-135,1,38,TRUE,FALSE,NA,NA,NA,NA,Tyler Conklin
2023_01_BUF_NYJ,2023,1,2023-09-11,00-0037013,Z.Wilson,QB,NYJ,BUF,Home,W,NA,NA,outdoors,,1,-2.5,44.5,22,16,23,14,127,1,1,0.6086956521739131,5.521739130434782,72.19202898550724,-3.1895326425664656,6.418682138125101,NA,NA,NA,NA,NA,0.07692307692307693,NA,NA,NA,NA,NA,NA,NA,96,92,NA,NA,NA,1,NA,NA,NA,NA,3.2857142857142856,14.285714285714285,NA,NA,NA,NA,NA,8.200000000000001,8.200000000000001,8.200000000000001,74,208,2,2021,2,-13,-0.13867533228549847,0.3478260869565218,10,6,2,7,0.043478260869565216,0.043478260869565216,0.6,0.5,0.30434782608695654,NA,NA,NA,NA,NA,NA,NA,NA,NA,NA,NA,NA,NA,NA,NA,NA,NA,NA,NA,NA,NA,NA,NA,2023-09-11,Monday,20:15,NYJ,BUF,6,38,Home,114,-135,1,38,TRUE,FALSE,3.4471428571428575,4.328888888888889,5.593538993880848,NA,Zach Wilson
2023_01_BUF_NYJ,2023,1,2023-09-11,00-0037013,Z.Wilson,QB,NYJ,BUF,Home,W,NA,NA,outdoors,,1,-2.5,44.5,22,16,NA,NA,NA,NA,NA,NA,NA,NA,NA,NA,4,6,0,1.5,2.178302038781112,0.07692307692307693,0,NA,NA,NA,NA,NA,NA,NA,NA,NA,NA,NA,0,NA,0,NA,0,3.2857142857142856,14.285714285714285,NA,NA,NA,NA,NA,8.200000000000001,8.200000000000001,8.200000000000001,74,208,2,2021,NA,NA,NA,0.5,NA,NA,NA,NA,NA,NA,NA,NA,NA,0,0,0.544575509695278,3,0,2,0,0,0,0,0,0,0,NA,NA,NA,NA,NA,NA,NA,NA,NA,NA,2023-09-11,Monday,20:15,NYJ,BUF,6,38,Home,114,-135,1,38,TRUE,FALSE,3.4471428571428575,4.328888888888889,5.593538993880848,NA,Zach Wilson
2023_01_CAR_ATL,2023,1,2023-09-10,00-0038542,B.Robinson,RB,ATL,CAR,Home,W,NA,NA,closed,,1,3.5,40.5,24,10,NA,NA,NA,NA,NA,NA,NA,NA,NA,NA,10,56,0,5.6,-1.6533947992796962,0.4,1,NA,NA,NA,NA,NA,0.2727272727272727,NA,NA,NA,NA,NA,0,NA,0,NA,0.1,NA,NA,NA,NA,3.2803571428571425,2.045740056961116,NA,14.3,20.3,20.3,71,214,0,2023,NA,NA,NA,0.4,NA,NA,NA,NA,NA,NA,NA,NA,NA,0,0,-0.16533947992796966,5,1,1,0,0,0,0,0,0,0,NA,NA,NA,NA,NA,NA,NA,NA,NA,NA,2023-09-10,Sunday,13:00,ATL,CAR,14,34,Home,-192,160,0,34,TRUE,FALSE,NA,NA,NA,2.989777777777778,Bijan Robinson
2023_01_CAR_ATL,2023,1,2023-09-10,00-0038542,B.Robinson,RB,ATL,CAR,Home,W,NA,NA,closed,,1,3.5,40.5,24,10,NA,NA,NA,NA,NA,NA,NA,NA,NA,NA,NA,NA,NA,NA,NA,0.4,NA,6,6,27,1,1,0.2727272727272727,-24,51,27,16.5,2,1,5,2,0,0,NA,NA,NA,NA,3.2803571428571425,2.045740056961116,NA,14.3,20.3,20.3,71,214,0,2023,NA,NA,NA,NA,NA,NA,NA,NA,NA,NA,NA,NA,NA,0,NA,NA,NA,NA,NA,NA,NA,0.16666666666666666,NA,0.4,0.5,NA,0,-0.2421274685766548,-0.04035457809610919,-144,1,4.5,4.5,0,-4,8.5,2023-09-10,Sunday,13:00,ATL,CAR,14,34,Home,-192,160,0,34,TRUE,FALSE,NA,NA,NA,2.989777777777778,Bijan Robinson
2023_01_CAR_ATL,2023,1,2023-09-10,00-0037238,D.London,WR,ATL,CAR,Home,W,NA,NA,closed,,1,3.5,40.5,24,10,NA,NA,NA,NA,NA,NA,NA,NA,NA,NA,NA,NA,NA,NA,NA,NA,NA,1,0,0,0,0,0.045454545454545456,6,0,0,0.5,0,0,0,0,0,NA,NA,NA,NA,NA,NA,NA,NA,0,0,0,76,210,1,2022,NA,NA,NA,NA,NA,NA,NA,NA,NA,NA,NA,NA,NA,0,NA,NA,NA,NA,NA,NA,NA,0,NA,0,0,NA,1,-0.5805345675908029,-0.5805345675908029,0,1,0,0,1,6,0,2023-09-10,Sunday,13:00,ATL,CAR,14,34,Home,-192,160,0,34,TRUE,FALSE,NA,NA,NA,NA,Drake London
2023_01_CAR_ATL,2023,1,2023-09-10,00-0038122,D.Ridder,QB,ATL,CAR,Home,W,NA,NA,closed,,1,3.5,40.5,24,10,22,15,91,1,0,0.6818181818181818,4.136363636363637,91.2878787878788,-4.450449751486303,6.426090333196852,NA,NA,NA,NA,NA,NA,NA,NA,NA,NA,NA,NA,0.045454545454545456,63,75,NA,NA,NA,1,NA,NA,NA,NA,2.6376666666666666,5.555555555555555,NA,NA,NA,NA,NA,7.900000000000001,8.900000000000002,8.900000000000002,75,215,1,2022,4,-24,-0.20229317052210455,0.36363636363636354,8,7,2,8,0.045454545454545456,0,0.875,0.5,0.36363636363636365,NA,NA,NA,NA,NA,NA,NA,NA,NA,NA,NA,NA,NA,NA,NA,NA,NA,NA,NA,NA,NA,NA,NA,2023-09-10,Sunday,13:00,ATL,CAR,14,34,Home,-192,160,0,34,TRUE,FALSE,2.2913333333333332,3.039444444444444,4.108896189265792,NA,Desmond Ridder
2023_01_CAR_ATL,2023,1,2023-09-10,00-0038122,D.Ridder,QB,ATL,CAR,Home,W,NA,NA,closed,,1,3.5,40.5,24,10,NA,NA,NA,NA,NA,NA,NA,NA,NA,NA,1,-1,0,-1,0,NA,0,NA,NA,NA,NA,NA,0.045454545454545456,NA,NA,NA,NA,NA,0,NA,0,NA,0,2.6376666666666666,5.555555555555555,NA,NA,NA,NA,NA,7.900000000000001,8.900000000000002,8.900000000000002,75,215,1,2022,NA,NA,NA,0,NA,NA,NA,NA,NA,NA,NA,NA,NA,0,0,0,1,0,0,0,0,0,0,0,0,0,NA,NA,NA,NA,NA,NA,NA,NA,NA,NA,2023-09-10,Sunday,13:00,ATL,CAR,14,34,Home,-192,160,0,34,TRUE,FALSE,2.2913333333333332,3.039444444444444,4.108896189265792,NA,Desmond Ridder
2023_01_CAR_ATL,2023,1,2023-09-10,00-0038122,D.Ridder,QB,ATL,CAR,Home,W,NA,NA,closed,,1,3.5,40.5,24,10,NA,NA,NA,NA,NA,NA,NA,NA,NA,NA,NA,NA,NA,NA,NA,NA,NA,1,1,-6,0,1,0.045454545454545456,-6,0,-6,-2.5,0,0,0,0,0,0,2.6376666666666666,5.555555555555555,NA,NA,NA,NA,NA,7.900000000000001,8.900000000000002,8.900000000000002,75,215,1,2022,NA,NA,NA,NA,NA,NA,NA,NA,NA,NA,NA,NA,NA,0,NA,NA,NA,NA,NA,NA,NA,0,NA,0,0,NA,0,-1.5153478160500526,-1.5153478160500526,-6,1,-6,-6,0,-6,0,2023-09-10,Sunday,13:00,ATL,CAR,14,34,Home,-192,160,0,34,TRUE,FALSE,2.2913333333333332,3.039444444444444,4.108896189265792,NA,Desmond Ridder
2023_01_CAR_ATL,2023,1,2023-09-10,00-0036970,K.Pitts,TE,ATL,CAR,Home,W,NA,NA,closed,,1,3.5,40.5,24,10,NA,NA,NA,NA,NA,NA,NA,NA,NA,NA,NA,NA,NA,NA,NA,NA,NA,3,2,44,0,0.6666666666666666,0.13636363636363635,52,7,0.8461538461538461,23.5,0,0,0,0,1,0.5,NA,NA,NA,NA,NA,NA,NA,4.4,6.4,6.4,78,250,2,2021,NA,NA,NA,NA,NA,NA,NA,NA,NA,NA,NA,NA,NA,0,NA,NA,NA,NA,NA,NA,NA,0,NA,0,0,NA,1,2.7848150630888995,0.9282716876962998,104,0,14.666666666666666,22,0.3333333333333333,17.333333333333332,3.5,2023-09-10,Sunday,13:00,ATL,CAR,14,34,Home,-192,160,0,34,TRUE,FALSE,NA,NA,NA,NA,Kyle Pitts
2023_01_CAR_ATL,2023,1,2023-09-10,00-0033555,M.Hollins,WR,ATL,CAR,Home,W,NA,NA,closed,,1,3.5,40.5,24,10,NA,NA,NA,NA,NA,NA,NA,NA,NA,NA,NA,NA,NA,NA,NA,NA,NA,4,3,31,0,0.75,0.18181818181818182,32,1,0.96875,17.5,0,0,1,0,0,0,NA,NA,NA,NA,NA,NA,NA,3.1,6.1,6.1,76,221,6,2017,NA,NA,NA,NA,NA,NA,NA,NA,NA,NA,NA,NA,NA,0,NA,NA,NA,NA,NA,NA,NA,0,NA,0,0,NA,1,0.9222098818281665,0.23055247045704164,96,1,7.75,10.333333333333334,0.25,8,0.3333333333333333,2023-09-10,Sunday,13:00,ATL,CAR,14,34,Home,-192,160,0,34,TRUE,FALSE,NA,NA,NA,NA,Mack Hollins
2023_01_CAR_ATL,2023,1,2023-09-10,00-0037263,T.Allgeier,RB,ATL,CAR,Home,W,NA,NA,closed,,1,3.5,40.5,24,10,NA,NA,NA,NA,NA,NA,NA,NA,NA,NA,15,75,2,5,1.057623240427347,0.6,1,NA,NA,NA,NA,NA,0.13636363636363635,NA,NA,NA,NA,NA,2,NA,0,NA,0.06666666666666667,NA,NA,NA,NA,3.7181333333333337,1.2687404095580348,NA,21.4,24.4,24.4,71,220,1,2022,NA,NA,NA,0.4,NA,NA,NA,NA,NA,NA,NA,NA,NA,0,0,0.0705082160284898,10,1,4,3,2,0.13333333333333333,0,0,0.5,0.6666666666666666,NA,NA,NA,NA,NA,NA,NA,NA,NA,NA,2023-09-10,Sunday,13:00,ATL,CAR,14,34,Home,-192,160,0,34,TRUE,FALSE,NA,NA,NA,3.099928571428571,Tyler Allgeier
2023_01_CAR_ATL,2023,1,2023-09-10,00-0037263,T.Allgeier,RB,ATL,CAR,Home,W,NA,NA,closed,,1,3.5,40.5,24,10,NA,NA,NA,NA,NA,NA,NA,NA,NA,NA,NA,NA,NA,NA,NA,0.6,NA,3,3,19,0,1,0.13636363636363635,3,16,6.333333333333333,11,0,0,1,0,0,0,NA,NA,NA,NA,3.7181333333333337,1.2687404095580348,NA,21.4,24.4,24.4,71,220,1,2022,NA,NA,NA,NA,NA,NA,NA,NA,NA,NA,NA,NA,NA,0,NA,NA,NA,NA,NA,NA,NA,0,NA,0,0,NA,0,-0.6502156798960641,-0.2167385599653547,9,2,6.333333333333333,6.333333333333333,0,1,5.333333333333333,2023-09-10,Sunday,13:00,ATL,CAR,14,34,Home,-192,160,0,34,TRUE,FALSE,NA,NA,NA,3.099928571428571,Tyler Allgeier
2023_01_CAR_ATL,2023,1,2023-09-10,00-0030035,A.Thielen,WR,CAR,ATL,Away,L,NA,NA,closed,,1,3.5,40.5,24,10,NA,NA,NA,NA,NA,NA,NA,NA,NA,NA,NA,NA,NA,NA,NA,NA,NA,2,2,12,0,1,0.05,9,3,1.3333333333333333,7,0,0,1,1,0,0,NA,NA,NA,NA,NA,NA,NA,1.2000000000000002,3.2,3.2,74,200,10,2013,NA,NA,NA,NA,NA,NA,NA,NA,NA,NA,NA,NA,NA,0,NA,NA,NA,NA,NA,NA,NA,0,NA,1,0,NA,0,0.7571652349433862,0.3785826174716931,18,0,6,6,0,4.5,1.5,2023-09-10,Sunday,13:00,ATL,CAR,14,34,Home,-192,160,0,34,TRUE,FALSE,NA,NA,NA,NA,Adam Thielen
2023_01_CAR_ATL,2023,1,2023-09-10,00-0039150,B.Young,QB,CAR,ATL,Away,L,NA,NA,closed,,1,3.5,40.5,24,10,40,20,127,1,2,0.5,3.175,44.479166666666664,-10.528563417818297,-5.514065777101824,NA,NA,NA,NA,NA,0.09375,NA,NA,NA,NA,NA,NA,NA,281,92,NA,NA,NA,1,NA,NA,NA,NA,3.157421052631579,7.894736842105263,NA,NA,NA,NA,NA,7.54,7.54,7.54,70,194,0,2023,2,-19,-0.26321408544545744,0.3,12,6,2,9,0.025,0.05,0.5,0.5,0.225,NA,NA,NA,NA,NA,NA,NA,NA,NA,NA,NA,NA,NA,NA,NA,NA,NA,NA,NA,NA,NA,NA,NA,2023-09-10,Sunday,13:00,ATL,CAR,14,34,Home,-192,160,0,34,TRUE,FALSE,2.607500000000001,6.292580645161291,-3.2173253203693264,NA,Bryce Young
2023_01_CAR_ATL,2023,1,2023-09-10,00-0039150,B.Young,QB,CAR,ATL,Away,L,NA,NA,closed,,1,3.5,40.5,24,10,NA,NA,NA,NA,NA,NA,NA,NA,NA,NA,3,17,0,5.666666666666667,-1.5006851732032374,0.09375,0,NA,NA,NA,NA,NA,NA,NA,NA,NA,NA,NA,0,NA,0,NA,0,3.157421052631579,7.894736842105263,NA,NA,NA,NA,NA,7.54,7.54,7.54,70,194,0,2023,NA,NA,NA,0.33333333333333337,NA,NA,NA,NA,NA,NA,NA,NA,NA,1,0,-0.5002283910677459,2,0,0,0,0,0,0.3333333333333333,0,0,0,NA,NA,NA,NA,NA,NA,NA,NA,NA,NA,2023-09-10,Sunday,13:00,ATL,CAR,14,34,Home,-192,160,0,34,TRUE,FALSE,2.607500000000001,6.292580645161291,-3.2173253203693264,NA,Bryce Young
2023_01_CAR_ATL,2023,1,2023-09-10,00-0036555,C.Hubbard,RB,CAR,ATL,Away,L,NA,NA,closed,,1,3.5,40.5,24,10,NA,NA,NA,NA,NA,NA,NA,NA,NA,NA,9,60,0,6.666666666666667,-1.302875212393701,0.28125,1,NA,NA,NA,NA,NA,0.05,NA,NA,NA,NA,NA,0,NA,0,NA,0.1111111111111111,NA,NA,NA,NA,NA,NA,NA,6.9,8.9,8.9,73,207,2,2021,NA,NA,NA,0.7777777777777778,NA,NA,NA,NA,NA,NA,NA,NA,NA,0,0,-0.14476391248818904,3,0,2,0,0,0,0,0,0,0,NA,NA,NA,NA,NA,NA,NA,NA,NA,NA,2023-09-10,Sunday,13:00,ATL,CAR,14,34,Home,-192,160,0,34,TRUE,FALSE,NA,NA,NA,NA,Chuba Hubbard
2023_01_CAR_ATL,2023,1,2023-09-10,00-0036555,C.Hubbard,RB,CAR,ATL,Away,L,NA,NA,closed,,1,3.5,40.5,24,10,NA,NA,NA,NA,NA,NA,NA,NA,NA,NA,NA,NA,NA,NA,NA,0.28125,NA,2,2,9,0,1,0.05,-4,13,9,5.5,0,0,1,0,0,0,NA,NA,NA,NA,NA,NA,NA,6.9,8.9,8.9,73,207,2,2021,NA,NA,NA,NA,NA,NA,NA,NA,NA,NA,NA,NA,NA,0,NA,NA,NA,NA,NA,NA,NA,0,NA,0,0,NA,0,-1.136343113379553,-0.5681715566897765,-8,0,4.5,4.5,0,-2,6.5,2023-09-10,Sunday,13:00,ATL,CAR,14,34,Home,-192,160,0,34,TRUE,FALSE,NA,NA,NA,NA,Chuba Hubbard
2023_01_CAR_ATL,2023,1,2023-09-10,00-0035956,G.Ricci,TE,CAR,ATL,Away,L,NA,NA,closed,,1,3.5,40.5,24,10,NA,NA,NA,NA,NA,NA,NA,NA,NA,NA,NA,NA,NA,NA,NA,NA,NA,1,1,2,0,1,0.025,-1,3,2,1.5,0,0,0,0,0,0,NA,NA,NA,NA,NA,NA,NA,0.2,1.2,1.2,75,240,3,2020,NA,NA,NA,NA,NA,NA,NA,NA,NA,NA,NA,NA,NA,0,NA,NA,NA,NA,NA,NA,NA,0,NA,0,0,NA,0,-0.48964928975328803,-0.48964928975328803,-1,1,2,2,0,-1,3,2023-09-10,Sunday,13:00,ATL,CAR,14,34,Home,-192,160,0,34,TRUE,FALSE,NA,NA,NA,NA,Giovanni Ricci
2023_01_CAR_ATL,2023,1,2023-09-10,00-0034830,H.Hurst,TE,CAR,ATL,Away,L,NA,NA,closed,,1,3.5,40.5,24,10,NA,NA,NA,NA,NA,NA,NA,NA,NA,NA,NA,NA,NA,NA,NA,NA,NA,7,5,41,1,0.7142857142857143,0.175,57,13,0.7192982456140351,24,2,1,1,1,0,0,NA,NA,2.7403138818243584,8.061666666666666,NA,NA,-1.0741655411367104,10.100000000000001,15.100000000000001,15.100000000000001,76,245,5,2018,NA,NA,NA,NA,NA,NA,NA,NA,NA,NA,NA,NA,NA,0,NA,NA,NA,NA,NA,NA,NA,0.14285714285714285,NA,1,0.5,NA,1,-0.23103908373741433,-0.03300558339105919,285,3,5.857142857142857,8.2,0.14285714285714285,8.142857142857142,2.6,2023-09-10,Sunday,13:00,ATL,CAR,14,34,Home,-192,160,0,34,TRUE,FALSE,NA,NA,NA,NA,Hayden Hurst
2023_01_CAR_ATL,2023,1,2023-09-10,00-0039062,J.Mingo,WR,CAR,ATL,Away,L,NA,NA,closed,,1,3.5,40.5,24,10,NA,NA,NA,NA,NA,NA,NA,NA,NA,NA,NA,NA,NA,NA,NA,NA,NA,5,2,17,0,0.4,0.125,87,0,0.19540229885057472,11,0,0,3,1,0,0,NA,NA,1.3774337837688473,3.4219999999999997,NA,NA,-0.5201077205903291,1.7000000000000002,3.7,3.7,74,225,0,2023,NA,NA,NA,NA,NA,NA,NA,NA,NA,NA,NA,NA,NA,0,NA,NA,NA,NA,NA,NA,NA,0,NA,0.3333333333333333,0,NA,3,-0.11018953004189935,-0.02203790600837985,174,1,3.4,8.5,0.6,17.4,0,2023-09-10,Sunday,13:00,ATL,CAR,14,34,Home,-192,160,0,34,TRUE,FALSE,NA,NA,NA,NA,Jonathan Mingo
2023_01_CAR_ATL,2023,1,2023-09-10,00-0036268,L.Shenault,WR,CAR,ATL,Away,L,NA,NA,closed,,1,3.5,40.5,24,10,NA,NA,NA,NA,NA,NA,NA,NA,NA,NA,2,5,0,2.5,-0.9867308694520034,0.0625,0,NA,NA,NA,NA,NA,0.05,NA,NA,NA,NA,NA,0,NA,0,NA,0,NA,NA,NA,NA,NA,NA,NA,2.1,4.1,4.1,73,220,3,2020,NA,NA,NA,0.5,NA,NA,NA,NA,NA,NA,NA,NA,NA,0,0,-0.4933654347260017,0,1,1,0,0,0,0,0,0,0,NA,NA,NA,NA,NA,NA,NA,NA,NA,NA,2023-09-10,Sunday,13:00,ATL,CAR,14,34,Home,-192,160,0,34,TRUE,FALSE,NA,NA,NA,NA,Laviska Shenault
2023_01_CAR_ATL,2023,1,2023-09-10,00-0036268,L.Shenault,WR,CAR,ATL,Away,L,NA,NA,closed,,1,3.5,40.5,24,10,NA,NA,NA,NA,NA,NA,NA,NA,NA,NA,NA,NA,NA,NA,NA,0.0625,NA,2,2,16,0,1,0.05,-11,27,16,9,0,0,1,1,0,0,NA,NA,NA,NA,NA,NA,NA,2.1,4.1,4.1,73,220,3,2020,NA,NA,NA,NA,NA,NA,NA,NA,NA,NA,NA,NA,NA,0,NA,NA,NA,NA,NA,NA,NA,0,NA,1,0,NA,0,2.049319067155011,1.0246595335775055,-22,0,8,8,0,-5.5,13.5,2023-09-10,Sunday,13:00,ATL,CAR,14,34,Home,-192,160,0,34,TRUE,FALSE,NA,NA,NA,NA,Laviska Shenault
2023_01_CAR_ATL,2023,1,2023-09-10,00-0035243,M.Sanders,RB,CAR,ATL,Away,L,NA,NA,closed,,1,3.5,40.5,24,10,NA,NA,NA,NA,NA,NA,NA,NA,NA,NA,18,72,0,4,-5.107153539371211,0.5625,0,NA,NA,NA,NA,NA,0.15,NA,NA,NA,NA,NA,0,NA,1,NA,0,NA,NA,NA,NA,3.9120833333333342,-1.0286445441526482,NA,7.800000000000001,11.8,11.8,71,211,4,2019,NA,NA,NA,0.38888888888888895,NA,NA,NA,NA,NA,NA,NA,NA,NA,1,1,-0.28373075218728944,12,1,2,0,0,0,0.05555555555555555,1,0,0,NA,NA,NA,NA,NA,NA,NA,NA,NA,NA,2023-09-10,Sunday,13:00,ATL,CAR,14,34,Home,-192,160,0,34,TRUE,FALSE,NA,NA,NA,2.5867499999999994,Miles Sanders
2023_01_CAR_ATL,2023,1,2023-09-10,00-0035243,M.Sanders,RB,CAR,ATL,Away,L,NA,NA,closed,,1,3.5,40.5,24,10,NA,NA,NA,NA,NA,NA,NA,NA,NA,NA,NA,NA,NA,NA,NA,0.5625,NA,6,4,26,0,0.6666666666666666,0.15,-4,27,26,16,0,0,0,0,0,0,NA,NA,NA,NA,3.9120833333333342,-1.0286445441526482,NA,7.800000000000001,11.8,11.8,71,211,4,2019,NA,NA,NA,NA,NA,NA,NA,NA,NA,NA,NA,NA,NA,0,NA,NA,NA,NA,NA,NA,NA,0,NA,0,0,NA,2,0.33397136023268104,0.05566189337211354,-16,4,4.333333333333333,6.5,0.3333333333333333,-0.6666666666666666,6.75,2023-09-10,Sunday,13:00,ATL,CAR,14,34,Home,-192,160,0,34,TRUE,FALSE,NA,NA,NA,2.5867499999999994,Miles Sanders
2023_01_CAR_ATL,2023,1,2023-09-10,00-0036955,T.Marshall,WR,CAR,ATL,Away,L,NA,NA,closed,,1,3.5,40.5,24,10,NA,NA,NA,NA,NA,NA,NA,NA,NA,NA,NA,NA,NA,NA,NA,NA,NA,6,2,23,0,0.3333333333333333,0.15,95,6,0.24210526315789474,14.5,0,0,2,0,0,0,NA,NA,2.3038773090826243,4.258333333333334,NA,NA,-0.10018645102632817,2.3000000000000003,4.300000000000001,4.300000000000001,74,200,2,2021,NA,NA,NA,NA,NA,NA,NA,NA,NA,NA,NA,NA,NA,0,NA,NA,NA,NA,NA,NA,NA,0,NA,0,0,NA,3,-4.276235028170049,-0.7127058380283415,190,2,3.8333333333333335,11.5,0.5,15.833333333333334,3,2023-09-10,Sunday,13:00,ATL,CAR,14,34,Home,-192,160,0,34,TRUE,FALSE,NA,NA,NA,NA,Terrace Marshall
2023_01_CIN_CLE,2023,1,2023-09-10,00-0036857,C.Evans,RB,CIN,CLE,Away,L,NA,NA,outdoors,,1,-1,46.5,24,3,NA,NA,NA,NA,NA,NA,NA,NA,NA,NA,2,12,0,6,-0.6515378241892904,0.1111111111111111,0,NA,NA,NA,NA,NA,0.029411764705882353,NA,NA,NA,NA,NA,0,NA,0,NA,0,NA,NA,NA,NA,NA,NA,NA,1.1,2.1,2.1,71,216,2,2021,NA,NA,NA,0,NA,NA,NA,NA,NA,NA,NA,NA,NA,0,0,-0.3257689120946452,0,1,0,0,0,0,0,0,0,0,NA,NA,NA,NA,NA,NA,NA,NA,NA,NA,2023-09-10,Sunday,13:00,CLE,CIN,21,27,Home,-108,-112,0,27,TRUE,FALSE,NA,NA,NA,NA,Chris Evans
2023_01_CIN_CLE,2023,1,2023-09-10,00-0036857,C.Evans,RB,CIN,CLE,Away,L,NA,NA,outdoors,,1,-1,46.5,24,3,NA,NA,NA,NA,NA,NA,NA,NA,NA,NA,NA,NA,NA,NA,NA,0.1111111111111111,NA,1,1,-1,0,1,0.029411764705882353,-1,0,-1,0,0,0,1,0,0,0,NA,NA,NA,NA,NA,NA,NA,1.1,2.1,2.1,71,216,2,2021,NA,NA,NA,NA,NA,NA,NA,NA,NA,NA,NA,NA,NA,0,NA,NA,NA,NA,NA,NA,NA,0,NA,0,0,NA,0,-1.3476241859607399,-1.3476241859607399,-1,0,-1,-1,0,-1,0,2023-09-10,Sunday,13:00,CLE,CIN,21,27,Home,-108,-112,0,27,TRUE,FALSE,NA,NA,NA,NA,Chris Evans
2023_01_CIN_CLE,2023,1,2023-09-10,00-0034970,I.Smith,TE,CIN,CLE,Away,L,NA,NA,outdoors,,1,-1,46.5,24,3,NA,NA,NA,NA,NA,NA,NA,NA,NA,NA,NA,NA,NA,NA,NA,NA,NA,5,3,17,0,0.6,0.14705882352941177,2,8,8.5,11,0,0,4,0,0,0,NA,NA,3.9702170701312824,7.536666666666666,NA,NA,0.9778792063491795,1.7000000000000002,4.7,4.7,74,240,4,2019,NA,NA,NA,NA,NA,NA,NA,NA,NA,NA,NA,NA,NA,0,NA,NA,NA,NA,NA,NA,NA,0,NA,0,0,NA,2,-4.559399119765012,-0.9118798239530024,6,0,3.4,5.666666666666667,0.4,0.4,2.6666666666666665,2023-09-10,Sunday,13:00,CLE,CIN,21,27,Home,-108,-112,0,27,TRUE,FALSE,NA,NA,NA,NA,Irv Smith
2023_01_CIN_CLE,2023,1,2023-09-10,00-0035100,J.Browning,QB,CIN,CLE,Away,L,NA,NA,outdoors,,1,-1,46.5,24,3,1,0,0,0,0,0,0,2.0833333333333335,-1.24702901893761,-36.419203877449036,NA,NA,NA,NA,NA,NA,NA,NA,NA,NA,NA,NA,NA,15,0,NA,NA,NA,0,NA,NA,NA,NA,NA,NA,NA,NA,NA,NA,NA,-0.1,-0.1,-0.1,74,209,4,2019,0,0,-1.24702901893761,0,1,0,0,1,0,0,0,0,1,NA,NA,NA,NA,NA,NA,NA,NA,NA,NA,NA,NA,NA,NA,NA,NA,NA,NA,NA,NA,NA,NA,NA,2023-09-10,Sunday,13:00,CLE,CIN,21,27,Home,-108,-112,0,27,TRUE,FALSE,NA,NA,NA,NA,Jake Browning
2023_01_CIN_CLE,2023,1,2023-09-10,00-0035100,J.Browning,QB,CIN,CLE,Away,L,NA,NA,outdoors,,1,-1,46.5,24,3,NA,NA,NA,NA,NA,NA,NA,NA,NA,NA,1,-1,0,-1,0,NA,0,NA,NA,NA,NA,NA,NA,NA,NA,NA,NA,NA,0,NA,0,NA,0,NA,NA,NA,NA,NA,NA,NA,-0.1,-0.1,-0.1,74,209,4,2019,NA,NA,NA,0,NA,NA,NA,NA,NA,NA,NA,NA,NA,0,0,0,1,0,0,0,0,0,0,0,0,0,NA,NA,NA,NA,NA,NA,NA,NA,NA,NA,2023-09-10,Sunday,13:00,CLE,CIN,21,27,Home,-108,-112,0,27,TRUE,FALSE,NA,NA,NA,NA,Jake Browning
2023_01_CIN_CLE,2023,1,2023-09-10,00-0036442,J.Burrow,QB,CIN,CLE,Away,L,NA,NA,outdoors,,1,-1,46.5,24,3,33,14,67,0,0,0.42424242424242425,2.0303030303030303,45.89646464646464,-18.635626889657797,-18.20710390806198,NA,NA,NA,NA,NA,NA,NA,NA,NA,NA,NA,NA,NA,221,51,NA,NA,NA,0,NA,NA,NA,NA,2.5629032258064517,9.67741935483871,NA,NA,NA,NA,NA,3.18,3.18,3.18,76,216,3,2020,2,-15,-0.5647159663532666,0.2121212121212121,12,7,0,11,0,0,0.5833333333333334,0,0.3333333333333333,NA,NA,NA,NA,NA,NA,NA,NA,NA,NA,NA,NA,NA,NA,NA,NA,NA,NA,NA,NA,NA,NA,NA,2023-09-10,Sunday,13:00,CLE,CIN,21,27,Home,-108,-112,0,27,TRUE,FALSE,2.132142857142856,7.0876666666666654,-13.886917929255205,NA,Joe Burrow
2023_01_CIN_CLE,2023,1,2023-09-10,00-0036442,J.Burrow,QB,CIN,CLE,Away,L,NA,NA,outdoors,,1,-1,46.5,24,3,NA,NA,NA,NA,NA,NA,NA,NA,NA,NA,1,-1,0,-1,0,NA,0,NA,NA,NA,NA,NA,NA,NA,NA,NA,NA,NA,0,NA,0,NA,0,2.5629032258064517,9.67741935483871,NA,NA,NA,NA,NA,3.18,3.18,3.18,76,216,3,2020,NA,NA,NA,0,NA,NA,NA,NA,NA,NA,NA,NA,NA,0,0,0,1,0,0,0,0,0,0,0,0,0,NA,NA,NA,NA,NA,NA,NA,NA,NA,NA,2023-09-10,Sunday,13:00,CLE,CIN,21,27,Home,-108,-112,0,27,TRUE,FALSE,2.132142857142856,7.0876666666666654,-13.886917929255205,NA,Joe Burrow
2023_01_CIN_CLE,2023,1,2023-09-10,00-0036900,J.Chase,WR,CIN,CLE,Away,L,NA,NA,outdoors,,1,-1,46.5,24,3,NA,NA,NA,NA,NA,NA,NA,NA,NA,NA,1,2,0,2,-0.4303936273790896,0.05555555555555555,0,NA,NA,NA,NA,NA,0.2647058823529412,NA,NA,NA,NA,NA,0,NA,0,NA,0,NA,NA,2.7895962745636194,5.19,NA,NA,0.9511225702594288,4.1000000000000005,9.100000000000001,9.100000000000001,72,200,2,2021,NA,NA,NA,0,NA,NA,NA,NA,NA,NA,NA,NA,NA,0,0,-0.4303936273790896,1,0,0,0,0,0,0,0,0,0,NA,NA,NA,NA,NA,NA,NA,NA,NA,NA,2023-09-10,Sunday,13:00,CLE,CIN,21,27,Home,-108,-112,0,27,TRUE,FALSE,NA,NA,NA,NA,Ja'Marr Chase
2023_01_CIN_CLE,2023,1,2023-09-10,00-0036900,J.Chase,WR,CIN,CLE,Away,L,NA,NA,outdoors,,1,-1,46.5,24,3,NA,NA,NA,NA,NA,NA,NA,NA,NA,NA,NA,NA,NA,NA,NA,0.05555555555555555,NA,9,5,39,0,0.5555555555555556,0.2647058823529412,89,19,0.43820224719101125,24,0,0,3,2,0,0,NA,NA,2.7895962745636194,5.19,NA,NA,0.9511225702594288,4.1000000000000005,9.100000000000001,9.100000000000001,72,200,2,2021,NA,NA,NA,NA,NA,NA,NA,NA,NA,NA,NA,NA,NA,0,NA,NA,NA,NA,NA,NA,NA,0,NA,0.6666666666666666,0,NA,4,2.3582530569983646,0.2620281174442628,445,2,4.333333333333333,7.8,0.4444444444444444,9.88888888888889,3.8,2023-09-10,Sunday,13:00,CLE,CIN,21,27,Home,-108,-112,0,27,TRUE,FALSE,NA,NA,NA,NA,Ja'Marr Chase
2023_01_CIN_CLE,2023,1,2023-09-10,00-0033897,J.Mixon,RB,CIN,CLE,Away,L,NA,NA,outdoors,,1,-1,46.5,24,3,NA,NA,NA,NA,NA,NA,NA,NA,NA,NA,13,56,0,4.3076923076923075,-2.910220284597017,0.7222222222222222,1,NA,NA,NA,NA,NA,0.14705882352941177,NA,NA,NA,NA,NA,0,NA,0,NA,0.07692307692307693,NA,NA,NA,NA,3.5201785714285707,1.5205822535821352,NA,7.300000000000001,10.3,10.3,73,220,6,2017,NA,NA,NA,0.23076923076923075,NA,NA,NA,NA,NA,NA,NA,NA,NA,0,0,-0.22386309881515518,10,1,0,0,0,0,0,0,0,0,NA,NA,NA,NA,NA,NA,NA,NA,NA,NA,2023-09-10,Sunday,13:00,CLE,CIN,21,27,Home,-108,-112,0,27,TRUE,FALSE,NA,NA,NA,3.062583333333333,Joe Mixon
2023_01_CIN_CLE,2023,1,2023-09-10,00-0033897,J.Mixon,RB,CIN,CLE,Away,L,NA,NA,outdoors,,1,-1,46.5,24,3,NA,NA,NA,NA,NA,NA,NA,NA,NA,NA,NA,NA,NA,NA,NA,0.7222222222222222,NA,5,3,17,0,0.6,0.14705882352941177,-13,23,17,11,0,0,0,0,0,0,NA,NA,NA,NA,3.5201785714285707,1.5205822535821352,NA,7.300000000000001,10.3,10.3,73,220,6,2017,NA,NA,NA,NA,NA,NA,NA,NA,NA,NA,NA,NA,NA,0,NA,NA,NA,NA,NA,NA,NA,0,NA,0,0,NA,2,-0.9978125973138958,-0.1995625194627792,-39,1,3.4,5.666666666666667,0.4,-2.6,7.666666666666667,2023-09-10,Sunday,13:00,CLE,CIN,21,27,Home,-108,-112,0,27,TRUE,FALSE,NA,NA,NA,3.062583333333333,Joe Mixon
2023_01_CIN_CLE,2023,1,2023-09-10,00-0033009,T.Boyd,WR,CIN,CLE,Away,L,NA,NA,outdoors,,1,-1,46.5,24,3,NA,NA,NA,NA,NA,NA,NA,NA,NA,NA,NA,NA,NA,NA,NA,NA,NA,3,2,10,0,0.6666666666666666,0.08823529411764706,8,1,1.25,6.5,0,0,1,0,0,0,NA,NA,NA,NA,NA,NA,NA,1,3,3,74,203,7,2016,NA,NA,NA,NA,NA,NA,NA,NA,NA,NA,NA,NA,NA,0,NA,NA,NA,NA,NA,NA,NA,0,NA,0,0,NA,1,-1.289442045148462,-0.42981401504948735,16,0,3.3333333333333335,5,0.3333333333333333,2.6666666666666665,0.5,2023-09-10,Sunday,13:00,CLE,CIN,21,27,Home,-108,-112,0,27,TRUE,FALSE,NA,NA,NA,NA,Tyler Boyd
2023_01_CIN_CLE,2023,1,2023-09-10,00-0036410,T.Higgins,WR,CIN,CLE,Away,L,NA,NA,outdoors,,1,-1,46.5,24,3,NA,NA,NA,NA,NA,NA,NA,NA,NA,NA,NA,NA,NA,NA,NA,NA,NA,8,0,0,0,0,0.23529411764705882,151,0,0,4,0,0,3,0,0,NA,NA,NA,1.872665130888809,4.612500000000001,NA,NA,NA,0,0,0,76,210,3,2020,NA,NA,NA,NA,NA,NA,NA,NA,NA,NA,NA,NA,NA,0,NA,NA,NA,NA,NA,NA,NA,0,NA,0,0,NA,8,-7.465530163023278,-0.9331912703779097,0,3,0,0,1,18.875,0,2023-09-10,Sunday,13:00,CLE,CIN,21,27,Home,-108,-112,0,27,TRUE,FALSE,NA,NA,NA,NA,Tee Higgins
2023_01_CIN_CLE,2023,1,2023-09-10,00-0035291,T.Williams,RB,CIN,CLE,Away,L,NA,NA,outdoors,,1,-1,46.5,24,3,NA,NA,NA,NA,NA,NA,NA,NA,NA,NA,2,7,0,3.5,-0.32421284075826406,0.1111111111111111,0,NA,NA,NA,NA,NA,NA,NA,NA,NA,NA,NA,0,NA,0,NA,0,NA,NA,NA,NA,NA,NA,NA,0.7000000000000001,0.7000000000000001,0.7000000000000001,68,206,4,2019,NA,NA,NA,0.5,NA,NA,NA,NA,NA,NA,NA,NA,NA,0,0,-0.16210642037913203,1,0,0,0,0,0,0,0,0,0,NA,NA,NA,NA,NA,NA,NA,NA,NA,NA,2023-09-10,Sunday,13:00,CLE,CIN,21,27,Home,-108,-112,0,27,TRUE,FALSE,NA,NA,NA,NA,Trayveon Williams
2023_01_CIN_CLE,2023,1,2023-09-10,00-0031544,A.Cooper,WR,CLE,CIN,Home,W,NA,NA,outdoors,,1,-1,46.5,24,3,NA,NA,NA,NA,NA,NA,NA,NA,NA,NA,NA,NA,NA,NA,NA,NA,NA,7,3,37,0,0.42857142857142855,0.21875,122,1,0.30327868852459017,22,1,0,2,1,1,0.3333333333333333,NA,NA,4.027022003408706,6.135714285714285,NA,NA,-1.3548284681434324,3.7,6.7,6.7,73,211,8,2015,NA,NA,NA,NA,NA,NA,NA,NA,NA,NA,NA,NA,NA,0,NA,NA,NA,NA,NA,NA,NA,0,NA,0.5,0,NA,4,-0.5473477478371933,-0.07819253540531337,366,3,5.285714285714286,12.333333333333334,0.5714285714285714,17.428571428571427,0.3333333333333333,2023-09-10,Sunday,13:00,CLE,CIN,21,27,Home,-108,-112,0,27,TRUE,FALSE,NA,NA,NA,NA,Amari Cooper
2023_01_CIN_CLE,2023,1,2023-09-10,00-0033885,D.Njoku,TE,CLE,CIN,Home,W,NA,NA,outdoors,,1,-1,46.5,24,3,NA,NA,NA,NA,NA,NA,NA,NA,NA,NA,NA,NA,NA,NA,NA,NA,NA,3,2,24,0,0.6666666666666666,0.09375,7,22,3.4285714285714284,13.5,1,0,0,0,0,0,NA,NA,NA,NA,NA,NA,NA,2.4000000000000004,4.4,4.4,76,246,6,2017,NA,NA,NA,NA,NA,NA,NA,NA,NA,NA,NA,NA,NA,0,NA,NA,NA,NA,NA,NA,NA,0,NA,0,0,NA,1,1.0334962767083198,0.34449875890277326,14,2,8,12,0.3333333333333333,2.3333333333333335,11,2023-09-10,Sunday,13:00,CLE,CIN,21,27,Home,-108,-112,0,27,TRUE,FALSE,NA,NA,NA,NA,David Njoku
2023_01_CIN_CLE,2023,1,2023-09-10,00-0036233,D.Peoples-Jones,WR,CLE,CIN,Home,W,NA,NA,outdoors,,1,-1,46.5,24,3,NA,NA,NA,NA,NA,NA,NA,NA,NA,NA,NA,NA,NA,NA,NA,NA,NA,2,1,12,0,0.5,0.0625,31,0,0.3870967741935484,7,0,0,0,0,0,0,NA,NA,NA,NA,NA,NA,NA,1.2000000000000002,2.2,2.2,NA,NA,NA,NA,NA,NA,NA,NA,NA,NA,NA,NA,NA,NA,NA,NA,NA,0,NA,NA,NA,NA,NA,NA,NA,0,NA,0,0,NA,1,0.26061193499481305,0.13030596749740653,31,1,6,12,0.5,15.5,0,2023-09-10,Sunday,13:00,CLE,CIN,21,27,Home,-108,-112,0,27,TRUE,FALSE,NA,NA,NA,NA,NA
2023_01_CIN_CLE,2023,1,2023-09-10,00-0033537,D.Watson,QB,CLE,CIN,Home,W,NA,NA,outdoors,,1,-1,46.5,24,3,32,16,144,1,1,0.5,4.5,59.895833333333336,-10.871305896014096,-6.878151616145822,NA,NA,NA,NA,NA,0.14634146341463414,NA,NA,NA,NA,NA,NA,NA,329,62,NA,NA,NA,1,NA,NA,NA,NA,3.2111034482758614,17.24137931034483,NA,NA,NA,NA,NA,20.66,20.66,20.66,75,221,6,2017,3,-10,-0.3397283092504407,0.375,9,4,5,8,0.03125,0.03125,0.4444444444444444,0.2,0.25,NA,NA,NA,NA,NA,NA,NA,NA,NA,NA,NA,NA,NA,NA,NA,NA,NA,NA,NA,NA,NA,NA,NA,2023-09-10,Sunday,13:00,CLE,CIN,21,27,Home,-108,-112,0,27,TRUE,FALSE,5.467499999999999,11.033448275862069,-12.072045124810316,NA,Deshaun Watson
2023_01_CIN_CLE,2023,1,2023-09-10,00-0033537,D.Watson,QB,CLE,CIN,Home,W,NA,NA,outdoors,,1,-1,46.5,24,3,NA,NA,NA,NA,NA,NA,NA,NA,NA,NA,6,47,1,7.833333333333333,7.417469060383271,0.14634146341463414,0,NA,NA,NA,NA,NA,NA,NA,NA,NA,NA,NA,1,NA,1,NA,0,3.2111034482758614,17.24137931034483,NA,NA,NA,NA,NA,20.66,20.66,20.66,75,221,6,2017,NA,NA,NA,0.8333333333333334,NA,NA,NA,NA,NA,NA,NA,NA,NA,0,0,1.236244843397212,2,1,2,1,0,0.16666666666666666,0,1,0.5,0,NA,NA,NA,NA,NA,NA,NA,NA,NA,NA,2023-09-10,Sunday,13:00,CLE,CIN,21,27,Home,-108,-112,0,27,TRUE,FALSE,5.467499999999999,11.033448275862069,-12.072045124810316,NA,Deshaun Watson
2023_01_CIN_CLE,2023,1,2023-09-10,00-0037257,Dav.Bell,WR,CLE,CIN,Home,W,NA,NA,outdoors,,1,-1,46.5,24,3,NA,NA,NA,NA,NA,NA,NA,NA,NA,NA,NA,NA,NA,NA,NA,NA,NA,1,0,0,0,0,0.03125,13,0,0,0.5,0,0,0,0,0,NA,NA,NA,NA,NA,NA,NA,NA,0,0,0,73,205,1,2022,NA,NA,NA,NA,NA,NA,NA,NA,NA,NA,NA,NA,NA,0,NA,NA,NA,NA,NA,NA,NA,0,NA,0,0,NA,1,-0.39468981319805607,-0.39468981319805607,0,1,0,0,1,13,0,2023-09-10,Sunday,13:00,CLE,CIN,21,27,Home,-108,-112,0,27,TRUE,FALSE,NA,NA,NA,NA,David Bell
2023_01_CIN_CLE,2023,1,2023-09-10,00-0036980,E.Moore,WR,CLE,CIN,Home,W,NA,NA,outdoors,,1,-1,46.5,24,3,NA,NA,NA,NA,NA,NA,NA,NA,NA,NA,2,19,0,9.5,0.3696068121935241,0.04878048780487805,0,NA,NA,NA,NA,NA,0.21875,NA,NA,NA,NA,NA,0,NA,0,NA,0,NA,NA,4.249302060650611,4.094285714285714,NA,NA,-0.6635851589577584,6.2,9.2,9.2,70,184,2,2021,NA,NA,NA,0.5,NA,NA,NA,NA,NA,NA,NA,NA,NA,0,0,0.18480340609676205,2,0,0,0,0,0,0,0,0,0,NA,NA,NA,NA,NA,NA,NA,NA,NA,NA,2023-09-10,Sunday,13:00,CLE,CIN,21,27,Home,-108,-112,0,27,TRUE,FALSE,NA,NA,NA,NA,Elijah Moore
2023_01_CIN_CLE,2023,1,2023-09-10,00-0036980,E.Moore,WR,CLE,CIN,Home,W,NA,NA,outdoors,,1,-1,46.5,24,3,NA,NA,NA,NA,NA,NA,NA,NA,NA,NA,NA,NA,NA,NA,NA,0.04878048780487805,NA,7,3,43,0,0.42857142857142855,0.21875,64,7,0.671875,25,2,0,3,0,1,0.3333333333333333,NA,NA,4.249302060650611,4.094285714285714,NA,NA,-0.6635851589577584,6.2,9.2,9.2,70,184,2,2021,NA,NA,NA,NA,NA,NA,NA,NA,NA,NA,NA,NA,NA,0,NA,NA,NA,NA,NA,NA,NA,0,NA,0,0,NA,3,-7.251435480436905,-1.0359193543481293,192,1,6.142857142857143,14.333333333333334,0.42857142857142855,9.142857142857142,2.3333333333333335,2023-09-10,Sunday,13:00,CLE,CIN,21,27,Home,-108,-112,0,27,TRUE,FALSE,NA,NA,NA,NA,Elijah Moore
2023_01_CIN_CLE,2023,1,2023-09-10,00-0036232,H.Bryant,TE,CLE,CIN,Home,W,NA,NA,outdoors,,1,-1,46.5,24,3,NA,NA,NA,NA,NA,NA,NA,NA,NA,NA,NA,NA,NA,NA,NA,NA,NA,2,2,5,1,1,0.0625,4,1,1.25,3.5,1,1,1,0,0,0,NA,NA,NA,NA,NA,NA,NA,6.5,8.5,8.5,77,240,3,2020,NA,NA,NA,NA,NA,NA,NA,NA,NA,NA,NA,NA,NA,0,NA,NA,NA,NA,NA,NA,NA,0.5,NA,0,1,NA,0,0.06283829031466137,0.031419145157330686,8,0,2.5,2.5,0,2,0.5,2023-09-10,Sunday,13:00,CLE,CIN,21,27,Home,-108,-112,0,27,TRUE,FALSE,NA,NA,NA,NA,Harrison Bryant
