"","Name","Position","School","mddRank","tankRank","espnRank","buzz_rank","jeremiah_rank","ringer_rank","cbs_rank","Rank_average","Rank_combined_03_11"
"1","Travis Hunter","CB | WR","Colorado",3,1,2,1,2,1,1,1.57142857142857,1
"2","Abdul Carter","EDGE","Penn State",2,2,1,3,1,2,2,1.85714285714286,2
"3","Mason Graham","DL","Michigan",5,3,3,4,4,4,3,3.71428571428571,3
"4","Ashton Jeanty","RB","Boise State",8,5,5,2,3,3,11,5.28571428571429,4
"5","Will Campbell","OT","LSU",6,4,9,11,8,8,6,7.42857142857143,5
"6","Cameron Ward","QB","Miami (FL)",1,NA,10,8,10,10,8,7.83333333333333,6
"7","Will Johnson","CB","Michigan",10,11,11,5,12,6,5,8.57142857142857,7
"8","Tetairoa McMillan","WR","Arizona",7,9,15,9,15,5,7,9.57142857142857,8
"9","Tyler Warren","TE","Penn State",11,10,4,16,5,9,19,10.5714285714286,9
"10","Jalon Walker","EDGE","Georgia",12,12,7,23,6,7,9,10.8571428571429,10
"11","Kelvin Banks Jr","OT","Texas",14,14,19,6,NA,NA,NA,13.25,11
"12","Armand Membou","OT","Missouri",9,6,14,22,17,13,14,13.5714285714286,12
"13","Shedeur Sanders","QB","Colorado",4,7,34,10,11,11,24,14.4285714285714,13
"14","Mykel Williams","EDGE","Georgia",15,15,6,18,16,19,16,15,14
"15","Colston Loveland","TE","Michigan",18,16,13,24,7,14,15,15.2857142857143,15
"16","Jahdae Barron","CB","Texas",19,18,12,13,9,NA,35,17.6666666666667,16
"17","Josh Simmons","OT","Ohio State",21,20,8,17,30,12,20,18.2857142857143,17
"18","Shemar Stewart","EDGE","Texas A&M",13,13,20,15,27,20,23,18.7142857142857,18
"19","James Pearce Jr","EDGE","Tennessee",17,22,36,7,NA,NA,NA,20.5,19
"20","Kenneth Grant","DL","Michigan",20,21,18,21,18,16,30,20.5714285714286,20
"21","Walter Nolen","DL","Mississippi",22,24,16,19,26,NA,17,20.6666666666667,21
"22","Matthew Golden","WR","Texas",26,23,17,12,24,NA,34,22.6666666666667,22
"23","Mike Green","EDGE","Marshall",16,17,28,29,23,28,18,22.7142857142857,23
"24","Luther Burden III","WR","Missouri",28,NA,32,14,32,24,13,23.8333333333333,24
"25","Malaki Starks","S","Georgia",23,25,31,28,33,18,12,24.2857142857143,25
"26","Jihaad Campbell","LB","Alabama",25,19,27,41,13,NA,21,24.3333333333333,26
"27","Nick Emmanwori","S","South Carolina",27,28,29,20,21,NA,26,25.1666666666667,27
"28","Derrick Harmon","DL","Oregon",30,30,21,30,22,21,29,26.1428571428571,28
"29","Tyler Booker","IOL","Alabama",24,29,33,40,14,NA,25,27.5,29
"30","Emeka Egbuka","WR","Ohio State",29,26,50,25,25,15,28,28.2857142857143,30
"31","Nic Scourton","EDGE","Texas A&M",35,36,23,31,NA,29,22,29.3333333333333,31
"32","Josh Conerly Jr","OT","Oregon",33,34,22,37,NA,NA,NA,31.5,32
"33","Omarion Hampton","RB","North Carolina",31,27,26,32,29,NA,66,35.1666666666667,33
"34","Grey Zabel","IOL","North Dakota State",32,33,38,34,48,NA,27,35.3333333333333,34
"35","Shavon Revel Jr","CB","East Carolina",38,35,45,26,NA,NA,NA,36,35
"36","Donovan Ezeiruaku","EDGE","Boston College",34,32,25,67,28,25,42,36.1428571428571,36
"37","Benjamin Morrison","CB","Notre Dame",40,42,24,45,45,NA,31,37.8333333333333,37
"38","Jaxson Dart","QB","Mississippi",36,41,40,39,41,NA,48,40.8333333333333,38
"39","Tyleik Williams","DL","Ohio State",47,43,37,42,NA,NA,47,43.2,39
"40","Donovan Jackson","IOL","Ohio State",37,37,41,82,31,NA,38,44.3333333333333,40
"41","Aireontae Ersery","OT","Minnesota",41,39,61,48,NA,NA,41,46,41
"42","Jack Sawyer","EDGE","Ohio State",46,49,95,33,40,30,37,47.1428571428571,42
"43","Azareye'h Thomas","CB","Florida State",43,44,55,59,43,NA,39,47.1666666666667,43
"44","TJ Sanders","DL","South Carolina",67,57,30,44,NA,NA,NA,49.5,44
"45","Kaleb Johnson","RB","Iowa",64,47,39,43,NA,31,74,49.6666666666667,45
"46","TreVeyon Henderson","RB","Ohio State",44,45,44,55,36,NA,79,50.5,46
"47","Landon Jackson","EDGE","Arkansas",45,46,81,27,NA,NA,61,52,47
"48","Trey Amos","CB","Mississippi",48,59,67,51,NA,NA,36,52.2,48
"49","Marcus Mbow","IOL","Purdue",51,54,62,52,47,NA,49,52.5,49
"50","Tre Harris","WR","Mississippi",49,61,47,50,NA,NA,63,54,50
"51","Jonah Savaiinaea","IOL","Arizona",59,56,53,47,NA,NA,55,54,51
"52","Alfred Collins","DL","Texas",60,55,52,56,50,NA,52,54.1666666666667,52
"53","JT Tuimoloau","EDGE","Ohio State",58,51,51,49,NA,NA,62,54.2,53
"54","Princely Umanmielen","EDGE","Mississippi",56,64,102,35,NA,26,46,54.8333333333333,54
"55","Mason Taylor","TE","LSU",53,48,35,78,35,NA,81,55,55
"56","Maxwell Hairston","CB","Kentucky",39,38,74,73,44,NA,67,55.8333333333333,56
"57","Xavier Watts","S","Notre Dame",61,52,43,46,NA,NA,78,56,57
"58","Carson Schwesinger","LB","UCLA",65,53,54,83,37,NA,51,57.1666666666667,58
"59","Elijah Arroyo","TE","Miami (FL)",63,50,48,74,49,NA,68,58.6666666666667,59
"60","Omarr Norman-Lott","DL","Tennessee",75,65,46,70,NA,NA,40,59.2,60
"61","Deone Walker","DL","Kentucky",74,66,80,64,NA,32,43,59.8333333333333,61
"62","Cameron Williams","OT","Texas",54,71,70,38,NA,NA,69,60.4,62
"63","Darius Alexander","DL","Toledo",42,40,64,126,NA,NA,45,63.4,63
"64","Wyatt Milum","OT","West Virginia",79,85,NA,36,NA,NA,57,64.25,64
"65","Quinshon Judkins","RB","Ohio State",57,63,69,66,34,NA,97,64.3333333333333,65
"66","Jayden Higgins","WR","Iowa State",62,58,57,68,NA,NA,89,66.8,66
"67","Josaiah Stewart","EDGE","Michigan",72,77,58,53,46,NA,102,68,67
"68","Darien Porter","CB","Iowa State",55,60,83,76,NA,NA,75,69.8,68
"69","Elic Ayomanor","WR","Stanford",50,62,109,57,NA,NA,77,71,69
"70","Bradyn Swinson","EDGE","LSU",88,69,42,60,NA,NA,100,71.8,70
"71","Joshua Farmer","DL","Florida State",73,70,59,117,39,NA,76,72.3333333333333,71
"72","Jack Bech","WR","TCU",69,68,92,65,NA,NA,73,73.4,72
"73","Jalen Royals","WR","Utah State",80,76,76,62,NA,NA,80,74.8,73
"74","Jordan Burch","EDGE","Oregon",78,67,63,90,NA,NA,83,76.2,74
"75","Harold Fannin Jr","TE","Bowling Green",70,72,117,54,NA,NA,NA,78.25,75
"76","Dylan Sampson","RB","Tennessee",82,82,65,61,NA,NA,108,79.6,76
"77","Jalen Milroe","QB","Alabama",52,78,66,95,NA,NA,118,81.8,77
"78","Kyle Kennard","EDGE","South Carolina",77,75,107,71,NA,NA,87,83.4,78
"79","Gunnar Helm","TE","Texas",90,87,94,91,NA,NA,59,84.2,79
"80","Andrew Mukuba","S","Texas",91,73,111,87,NA,NA,60,84.4,80
"81","Ozzy Trapilo","OT","Boston College",99,89,77,85,NA,NA,72,84.4,81
"82","Cameron Skattebo","RB","Arizona State",85,NA,NA,NA,NA,NA,NA,85,82
"83","Tate Ratledge","IOL","Georgia",68,74,110,69,NA,NA,105,85.2,83
"84","Denzel Burke","CB","Ohio State",98,NA,NA,88,NA,NA,70,85.3333333333333,84
"85","Demetrius Knight","LB","South Carolina",87,NA,NA,NA,NA,NA,NA,87,85
"86","Quinn Ewers","QB","Texas",76,93,73,92,NA,NA,107,88.2,86
"87","Jared Ivey","EDGE","Mississippi",104,90,113,77,NA,NA,65,89.8,87
"88","Jared Wilson","IOL","Georgia",83,84,90,106,NA,NA,93,91.2,88
"89","Tai Felton","WR","Maryland",111,NA,NA,79,NA,NA,88,92.6666666666667,89
"90","Jaylin Noel","WR","Iowa State",66,79,68,96,NA,NA,166,95,90
"91","Isaiah Bond","WR","Texas",71,95,123,75,NA,NA,111,95,91
"92","Kevin Winston Jr","S","Penn State",101,86,98,98,NA,NA,NA,95.75,92
"93","Tez Johnson","WR","Oregon",94,94,88,100,NA,NA,103,95.8,93
"94","Barrett Carter","LB","Clemson",100,NA,114,80,NA,NA,92,96.5,94
"95","Ashton Gillotte","EDGE","Louisville",110,96,121,97,NA,NA,64,97.6,95
"96","Shemar Turner","DL","Texas A&M",86,80,75,123,NA,NA,125,97.8,96
"97","Terrance Ferguson","TE","Oregon",107,83,85,118,NA,NA,106,99.8,97
"98","Xavier Restrepo","WR","Miami (FL)",81,92,141,63,NA,NA,123,100,98
"99","Tyler Shough","QB","Louisville",93,98,49,137,NA,NA,124,100.2,99
"100","Jordan Phillips","DL","Maryland",103,91,106,109,NA,NA,94,100.6,100
"101","Savion Williams","WR","TCU",89,97,104,93,NA,NA,129,102.4,101
"102","Billy Bowman Jr","S","Oklahoma",117,NA,82,116,NA,NA,NA,105,102
"103","Anthony Belton","OT","NC State",95,100,97,115,NA,NA,119,105.2,103
"104","Zy Alexander","CB","LSU",122,NA,134,72,NA,NA,96,106,104
"105","Charles Grant","IOL","William & Mary",97,NA,149,94,NA,NA,85,106.25,105
"106","Chris Paul Jr","LB","Mississippi",116,NA,119,84,NA,NA,NA,106.333333333333,106
"107","Smael Mondon Jr","LB","Georgia",124,NA,89,108,NA,NA,NA,107,107
"108","Will Howard","QB","Ohio State",96,NA,78,103,NA,NA,152,107.25,108
"109","Jacob Parrish","CB","Kansas State",112,NA,101,125,NA,NA,104,110.5,109
"110","Aeneas Peebles","DL","Virginia Tech",125,NA,129,138,NA,NA,50,110.5,110
"111","Emery Jones Jr","OT","LSU",84,NA,125,124,NA,NA,NA,111,111
"112","Lathan Ransom","S","Ohio State",133,NA,NA,107,NA,NA,101,113.666666666667,112
"113","Saivion Jones","EDGE","LSU",114,NA,NA,NA,NA,NA,NA,114,113
"114","Devin Neal","RB","Kansas",115,NA,60,81,NA,NA,200,114,114
"115","Ty Robinson","DL","Nebraska",109,NA,99,158,NA,NA,91,114.25,115
"116","Danny Stutsman","LB","Oklahoma",119,NA,137,86,NA,NA,131,118.25,116
"117","Cobee Bryant","CB","Kansas",121,NA,103,175,NA,NA,84,120.75,117
"118","JJ Pegues","DL","Mississippi",130,NA,87,176,NA,NA,90,120.75,118
"119","Tory Horton","WR","Colorado State",108,NA,115,110,NA,NA,151,121,119
"120","Vernon Broughton","DL","Texas",177,NA,116,139,NA,NA,56,122,120
"121","Bhayshul Tuten","RB","Virginia Tech",102,NA,NA,151,NA,NA,115,122.666666666667,121
"122","Quincy Riley","CB","Louisville",118,NA,72,171,NA,NA,130,122.75,122
"123","Ollie Gordon II","RB","Oklahoma State",120,99,NA,164,NA,NA,116,124.75,123
"124","Dillon Gabriel","QB","Oregon",129,NA,NA,128,NA,NA,121,126,124
"125","Kyle McCord","QB","Syracuse",151,NA,NA,120,NA,NA,109,126.666666666667,125
"126","Brashard Smith","RB","SMU",163,NA,147,111,NA,NA,86,126.75,126
"127","Jeffrey Bassa","LB","Oregon",127,NA,NA,127,NA,NA,133,129,127
"128","CJ West","DL","Indiana",106,NA,148,213,NA,NA,58,131.25,128
"129","Barryn Sorrell","EDGE","Texas",168,NA,91,NA,NA,NA,136,131.666666666667,129
"130","Jamaree Caldwell","DL","Oregon",105,NA,NA,131,NA,NA,161,132.333333333333,130
"131","Sebastian Castro","S","Iowa",149,NA,146,89,NA,NA,147,132.75,131
"132","David Walker","EDGE","Central Arkansas",137,NA,145,157,NA,NA,95,133.5,132
"133","Damien Martinez","RB","Miami (FL)",156,NA,100,148,NA,NA,132,134,133
"134","Pat Bryant","WR","Illinois",152,NA,135,140,NA,NA,110,134.25,134
"135","Dylan Fairchild","IOL","Georgia",160,NA,132,105,NA,NA,143,135,135
"136","Oluwafemi Oladejo","EDGE","UCLA",92,NA,71,238,NA,NA,149,137.5,136
"137","RJ Harvey Jr","RB","UCF",138,NA,NA,NA,NA,NA,NA,138,137
"138","Clay Webb","IOL","Jacksonville State",158,NA,NA,NA,NA,NA,120,139,138
"139","Dorian Strong","CB","Virginia Tech",113,NA,93,163,NA,NA,189,139.5,139
"140","Zah Frazier","CB","UTSA",123,NA,NA,NA,NA,NA,156,139.5,140
"141","Tyler Baron","EDGE","Miami (FL)",134,NA,NA,149,NA,NA,142,141.666666666667,141
"142","Jackson Slater","IOL","Sacramento State",136,NA,112,143,NA,NA,185,144,142
"143","Logan Brown","OT","Kansas",196,NA,84,144,NA,NA,154,144.5,143
"144","Malachi Moore","S","Alabama",157,NA,NA,104,NA,NA,175,145.333333333333,144
"145","Jonas Sanker","S","Virginia",126,NA,127,212,NA,NA,117,145.5,145
"146","Que Robinson","EDGE","Alabama",185,NA,140,NA,NA,NA,114,146.333333333333,146
"147","Elijah Roberts","DL","SMU",140,NA,NA,172,NA,NA,135,149,147
"148","DJ Giddens","RB","Kansas State",128,NA,NA,165,NA,NA,159,150.666666666667,148
"149","Nohl Williams","CB","California",131,NA,NA,177,NA,NA,145,151,149
"150","Cody Simon","LB","Ohio State",159,NA,126,129,NA,NA,193,151.75,150
"151","Ajani Cornelius","OT","Oregon",175,NA,138,166,NA,NA,128,151.75,151
"152","Jah Joyner","EDGE","Minnesota",164,NA,NA,152,NA,NA,144,153.333333333333,152
"153","Mitchell Evans","TE","Notre Dame",155,NA,NA,142,NA,NA,164,153.666666666667,153
"154","Jamon Dumas-Johnson","LB","Kentucky",153,NA,NA,NA,NA,NA,155,154,154
"155","Chase Lundt","OT","UConn",141,NA,143,161,NA,NA,174,154.75,155
"156","Jaylen Reed","S","Penn State",162,NA,118,179,NA,NA,160,154.75,156
"157","Miles Frazier","IOL","LSU",139,NA,96,240,NA,NA,148,155.75,157
"158","Upton Stout","CB","Western Kentucky",188,NA,120,178,NA,NA,138,156,158
"159","Kobe King","LB","Penn State",169,NA,NA,130,NA,NA,172,157,159
"160","Nick Martin","LB","Oklahoma State",172,NA,NA,NA,NA,NA,146,159,160
"161","Bilhal Kone","CB","Western Michigan",221,NA,NA,NA,NA,NA,98,159.5,161
"162","Caleb Rogers","IOL","Texas Tech",142,NA,NA,NA,NA,NA,183,162.5,162
"163","Jake Briningstool","TE","Clemson",143,NA,NA,159,NA,NA,186,162.666666666667,163
"164","Justin Walley","CB","Minnesota",192,NA,NA,NA,NA,NA,134,163,164
"165","Jaylin Smith","CB","USC",246,NA,130,NA,NA,NA,113,163,165
"166","Mello Dotson","CB","Kansas",182,NA,NA,133,NA,NA,176,163.666666666667,166
"167","Antwaun Powell-Ryland","EDGE","Virginia Tech",148,NA,NA,NA,NA,NA,182,165,167
"168","Oronde Gadsden II","TE","Syracuse",181,NA,NA,180,NA,NA,137,166,168
"169","Kaimon Rucker","EDGE","North Carolina",184,NA,NA,145,NA,NA,171,166.666666666667,169
"170","Jalen Rivers","OT","Miami (FL)",173,NA,142,NA,NA,NA,187,167.333333333333,170
"171","Riley Leonard","QB","Notre Dame",170,NA,NA,101,NA,NA,234,168.333333333333,171
"172","Tahj Brooks","RB","Texas Tech",222,NA,NA,122,NA,NA,163,169,172
"173","Ricky White","WR","UNLV",171,NA,NA,NA,NA,NA,NA,171,173
"174","Trevor Etienne","RB","Georgia",132,NA,136,220,NA,NA,197,171.25,174
"175","Seth McLaughlin","IOL","Ohio State",135,NA,86,NA,NA,NA,299,173.333333333333,175
"176","Jackson Hawes","TE","Georgia Tech",154,NA,133,NA,NA,NA,235,174,176
"177","Joshua Gray","IOL","Oregon State",167,NA,NA,191,NA,NA,173,177,177
"178","Jordan James","RB","Oregon",204,NA,108,119,NA,NA,278,177.25,178
"179","Carson Vinson","IOL","Alabama A&M",179,NA,128,216,NA,NA,191,178.5,179
"180","Kyle Monangai","RB","Rutgers",189,NA,NA,197,NA,NA,150,178.666666666667,180
"181","Kobe Hudson","WR","UCF",198,NA,NA,201,NA,NA,141,180,181
"182","Kalel Mullings","RB","Michigan",260,NA,NA,113,NA,NA,169,180.666666666667,182
"183","Jack Kiser","LB","Notre Dame",147,NA,NA,198,NA,NA,198,181,183
"184","Luke Kandra","IOL","Cincinnati",145,NA,NA,114,NA,NA,289,182.666666666667,184
"185","Jordan Hancock","CB","Ohio State",150,NA,NA,199,NA,NA,207,185.333333333333,185
"186","Jarquez Hunter","RB","Auburn",211,NA,NA,223,NA,NA,126,186.666666666667,186
"187","Kyle Williams","WR","Washington State",144,NA,NA,196,NA,NA,222,187.333333333333,187
"188","Alijah Huzzie","CB","North Carolina",237,NA,NA,200,NA,NA,127,188,188
"189","Donovan Edwards","RB","Michigan",199,NA,NA,186,NA,NA,184,189.666666666667,189
"190","Tyler Batty","EDGE","BYU",208,NA,NA,226,NA,NA,139,191,190
"191","Nick Nash","WR","San Jose State",201,NA,NA,141,NA,NA,233,191.666666666667,191
"192","Tommi Hill","CB","Nebraska",146,NA,NA,153,NA,NA,279,192.666666666667,192
"193","Tyrion Ingram-Dawkins","EDGE","Georgia",210,NA,NA,NA,NA,NA,178,194,193
"194","Howard Cross III","DL","Notre Dame",205,NA,NA,214,NA,NA,165,194.666666666667,194
"195","Jalen Travis","OT","Iowa State",165,NA,NA,NA,NA,NA,226,195.5,195
"196","CJ Dippre","TE","Alabama",183,NA,NA,NA,NA,NA,211,197,196
"197","Jimmy Horn Jr","WR","Colorado",197,NA,NA,NA,NA,NA,NA,197,197
"198","Cam Jackson","DL","Florida",191,NA,NA,221,NA,NA,180,197.333333333333,198
"199","Tonka Hemingway","DL","South Carolina",219,NA,NA,NA,NA,NA,179,199,199
"200","Jay Higgins","LB","Iowa",186,NA,NA,182,NA,NA,231,199.666666666667,200
"201","Raheim Sanders","RB","South Carolina",202,NA,NA,146,NA,NA,255,201,201
"202","Rylie Mills","DL","Notre Dame",195,NA,NA,132,NA,NA,280,202.333333333333,202
"203","Corey Kiner","RB","Cincinnati",284,NA,NA,187,NA,NA,140,203.666666666667,203
"204","Jack Nelson","OT","Wisconsin",209,NA,NA,170,NA,NA,237,205.333333333333,204
"205","Ty Hamilton","DL","Ohio State",176,NA,122,239,NA,NA,293,207.5,205
"206","Hollin Pierce","OT","Rutgers",166,NA,NA,112,NA,NA,345,207.666666666667,206
"207","Jaydon Blue","RB","Texas",161,NA,NA,NA,NA,NA,258,209.5,207
"208","Connor Colby","IOL","Iowa",180,NA,NA,173,NA,NA,277,210,208
"209","Collin Oliver","EDGE","Oklahoma State",264,NA,NA,NA,NA,NA,157,210.5,209
"210","Jason Marshall Jr","CB","Florida",240,NA,NA,183,NA,NA,NA,211.5,210
"211","Jalen McLeod","LB","Auburn",294,NA,NA,184,NA,NA,158,212,211
"212","Shemar James","LB","Florida",206,NA,150,228,NA,NA,268,213,212
"213","Jake Majors","IOL","Texas",214,NA,NA,102,NA,NA,323,213,213
"214","Isaac TeSlaa","WR","Arkansas",203,NA,NA,225,NA,NA,NA,214,214
"215","Robert Longerbeam","CB","Rutgers",247,NA,NA,207,NA,NA,190,214.666666666667,215
"216","Hunter Wohler","S","Wisconsin",232,NA,NA,NA,NA,NA,199,215.5,216
"217","Brandon Adams","CB","UCF",216,NA,NA,NA,NA,NA,NA,216,217
"218","Jonah Monheim","IOL","USC",277,NA,131,162,NA,NA,294,216,218
"219","O'Donnell Fortune","CB","South Carolina",229,NA,NA,121,NA,NA,301,217,219
"220","Phil Mafah","RB","Clemson",289,NA,NA,167,NA,NA,196,217.333333333333,220
"221","Mac McWilliams","S","UCF",262,NA,NA,227,NA,NA,170,219.666666666667,221
"222","Nazir Stackhouse","DL","Georgia",194,NA,NA,192,NA,NA,275,220.333333333333,222
"223","RJ Mickens","S","Clemson",236,NA,NA,206,NA,NA,NA,221,223
"224","Caleb Ransaw","S","Tulane",193,NA,NA,NA,NA,NA,250,221.5,224
"225","Moliki Matavao","TE","UCLA",242,NA,NA,NA,NA,NA,203,222.5,225
"226","Jermari Harris","CB","Iowa",227,NA,NA,218,NA,NA,225,223.333333333333,226
"227","Jo'Quavious Marks","RB","USC",224,NA,NA,NA,NA,NA,NA,224,227
"228","Yahya Black","DL","Iowa",253,NA,NA,NA,NA,NA,195,224,228
"229","Willie Lampkin","IOL","North Carolina",174,NA,NA,169,NA,NA,330,224.333333333333,229
"230","Dante Trader Jr","S","Maryland",225,NA,NA,NA,NA,NA,NA,225,230
"231","Teddye Buchanan","LB","California",220,NA,NA,232,NA,NA,NA,226,231
"232","Andres Borregales","K","Miami (FL)",273,NA,NA,147,NA,NA,262,227.333333333333,232
"233","Antwane Wells Jr","WR","Mississippi",276,NA,NA,185,NA,NA,NA,230.5,233
"234","Kurtis Rourke","QB","Indiana",187,NA,NA,135,NA,NA,371,231,234
"235","Keandre Lambert-Smith","WR","Auburn",231,NA,NA,NA,NA,NA,NA,231,235
"236","Brandon Crenshaw-Dickson","OT","Florida",207,NA,NA,NA,NA,NA,256,231.5,236
"237","Trey Wedig","OT","Indiana",261,NA,NA,NA,NA,NA,208,234.5,237
"238","Benjamin Yurosek","TE","Georgia",235,NA,NA,NA,NA,NA,NA,235,238
"239","Tyler Cooper","IOL","Minnesota",279,NA,NA,168,NA,NA,261,236,239
"240","Jared Harrison-Hunte","DL","SMU",233,NA,NA,NA,NA,NA,240,236.5,240
"241","Konata Mumpfield","WR","Pittsburgh",269,NA,NA,NA,NA,NA,206,237.5,241
"242","Ja'Quinden Jackson","RB","Arkansas",257,NA,NA,209,NA,NA,247,237.666666666667,242
"243","Jacory Croskey-Merritt","RB","Arizona",223,NA,NA,NA,NA,NA,253,238,243
"244","LeQuint Allen Jr","RB","Syracuse",238,NA,NA,NA,NA,NA,NA,238,244
"245","Francisco Mauigoa","LB","Miami (FL)",288,NA,NA,NA,NA,NA,188,238,245
"246","Fadil Diggs","EDGE","Syracuse",213,NA,NA,233,NA,NA,269,238.333333333333,246
"247","Jabbar Muhammad","CB","Oregon",234,NA,NA,229,NA,NA,252,238.333333333333,247
"248","Jaylin Lane","WR","Virginia Tech",239,NA,NA,NA,NA,NA,239,239,248
"249","Chimere Dike","WR","Florida",254,NA,NA,202,NA,NA,267,241,249
"250","LaJohntay Wester","WR","Colorado",255,NA,NA,231,NA,NA,238,241.333333333333,250
"251","Garrett Dellinger","IOL","LSU",226,NA,NA,NA,NA,NA,257,241.5,251
"252","Bru McCoy","WR","Tennessee",243,NA,NA,NA,NA,NA,241,242,252
"253","Roc Taylor","WR","Memphis",293,NA,NA,189,NA,NA,246,242.666666666667,253
"254","Kaden Prather","WR","Maryland",190,NA,NA,NA,NA,NA,298,244,254
"255","Traeshon Holden","WR","Oregon",290,NA,NA,NA,NA,NA,201,245.5,255
"256","Eugene Asante","LB","Auburn",248,NA,NA,NA,NA,NA,245,246.5,256
"257","Gerad Christian-Lichtenhan","OT","Oregon State",283,NA,NA,NA,NA,NA,210,246.5,257
"258","John Williams","OT","Cincinnati",265,NA,NA,NA,NA,NA,229,247,258
"259","Isas Waxter","CB","Villanova",327,NA,NA,NA,NA,NA,167,247,259
"260","Ja'Corey Brooks","WR","Louisville",245,NA,NA,222,NA,NA,281,249.333333333333,260
"261","Dont'e Thornton","WR","Tennessee",250,NA,NA,NA,NA,NA,NA,250,261
"262","Arian Smith","WR","Georgia",252,NA,144,NA,NA,NA,354,250,262
"263","Akili Arnold","S","USC",295,NA,NA,205,NA,NA,NA,250,263
"264","Beaux Collins","WR","Notre Dame",297,NA,NA,NA,NA,NA,205,251,264
"265","Eric Gregory","DL","Arkansas",291,NA,NA,NA,NA,NA,212,251.5,265
"266","Rayuan Lane III","S","Navy",301,NA,NA,NA,NA,NA,202,251.5,266
"267","Simeon Barrow Jr","DL","Miami (FL)",305,NA,NA,203,NA,NA,NA,254,267
"268","Xavier Truss","OT","Georgia",249,NA,NA,NA,NA,NA,260,254.5,268
"269","Thomas Fidone II","TE","Nebraska",212,NA,NA,NA,NA,NA,300,256,269
"270","Zeek Biggers","DL","Georgia Tech",251,NA,NA,230,NA,NA,288,256.333333333333,270
"271","Addison West","IOL","Western Michigan",321,NA,NA,194,NA,NA,NA,257.5,271
"272","Luke Lachey","TE","Iowa",215,NA,NA,190,NA,NA,370,258.333333333333,272
"273","Karene Reid","LB","Utah",312,NA,NA,193,NA,NA,276,260.333333333333,273
"274","Ryan Fitzgerald","K","Florida State",376,NA,NA,155,NA,NA,254,261.666666666667,274
"275","Thomas Perry","IOL","Middlebury",263,NA,NA,NA,NA,NA,NA,263,275
"276","Jacob Bayer","IOL","Arkansas State",286,NA,NA,NA,NA,NA,242,264,276
"277","Warren Brinson","DL","Georgia",258,NA,NA,NA,NA,NA,272,265,277
"278","Gus Hartwig","IOL","Purdue",328,NA,NA,NA,NA,NA,204,266,278
"279","Alex Mastromanno","P","Florida State",326,NA,NA,211,NA,NA,NA,268.5,279
"280","Drew Kendall","IOL","Boston College",281,NA,139,NA,NA,NA,386,268.666666666667,280
"281","Craig Woodson","S","California",230,NA,NA,208,NA,NA,369,269,281
"282","Zakhari Franklin","WR","Illinois",296,NA,NA,NA,NA,NA,244,270,282
"283","Davin Vann","DL","NC State",347,NA,NA,NA,NA,NA,194,270.5,283
"284","Montrell Johnson","RB","Florida",272,NA,NA,NA,NA,NA,NA,272,284
"285","Gavin Bartholomew","TE","Pittsburgh",275,NA,NA,NA,NA,NA,273,274,285
"286","Jeremy Crawshaw","P","Florida",310,NA,NA,237,NA,NA,285,277.333333333333,286
"287","Theo Wease","WR","Missouri",278,NA,NA,NA,NA,NA,NA,278,287
"288","Tim Smith","DL","Alabama",266,NA,NA,NA,NA,NA,291,278.5,288
"289","Jasheen Davis","EDGE","Wake Forest",341,NA,NA,NA,NA,NA,221,281,289
"290","Isheem Young","S","North Texas",353,NA,NA,NA,NA,NA,209,281,290
"291","Ahmed Hassanein","DL","Boise State",244,NA,NA,224,NA,NA,379,282.333333333333,291
"292","Jalin Conyers","TE","Texas Tech",178,NA,NA,NA,NA,NA,387,282.5,292
"293","Efton Chism III","WR","Eastern Washington",259,NA,NA,NA,NA,NA,311,285,293
"294","Jackson Meeks","WR","Syracuse",343,NA,NA,NA,NA,NA,228,285.5,294
"295","Davonte Brown","CB","Florida State",358,NA,NA,NA,NA,NA,213,285.5,295
"296","Graham Mertz","QB","Florida",345,NA,NA,NA,NA,NA,227,286,296
"297","Maxen Hook","S","Toledo",200,NA,NA,NA,NA,NA,373,286.5,297
"298","Jerjuan Newton","WR","Toledo",359,NA,NA,NA,NA,NA,214,286.5,298
"299","Junior Tafuna","DL","Utah",271,NA,NA,NA,NA,NA,303,287,299
"300","Johnny Walker Jr","EDGE","Missouri",287,NA,NA,NA,NA,NA,NA,287,300
"301","Malcolm Ray","DL","Rutgers",362,NA,NA,NA,NA,NA,216,289,301
"302","Woodi Washington","CB","Oklahoma",363,NA,NA,NA,NA,NA,218,290.5,302
"303","Isaiah Neyor","WR","Nebraska",274,NA,NA,NA,NA,NA,308,291,303
"304","Marcus Yarns","RB","Delaware",218,NA,NA,NA,NA,NA,365,291.5,304
"305","Brady Cook","QB","Missouri",268,NA,NA,NA,NA,NA,316,292,305
"306","Caden Prieskorn","TE","Mississippi",298,NA,NA,NA,NA,NA,286,292,306
"307","Nash Hutmacher","DL","Nebraska",349,NA,NA,NA,NA,NA,236,292.5,307
"308","Cody Lindenberg","LB","Minnesota",228,NA,NA,NA,NA,NA,361,294.5,308
"309","Shamari Simmons","CB","Arizona State",366,NA,NA,NA,NA,NA,223,294.5,309
"310","James Burnip","P","Alabama",460,NA,NA,154,NA,NA,270,294.666666666667,310
"311","RJ Oben","EDGE","Notre Dame",241,NA,NA,NA,NA,NA,349,295,311
"312","Kitan Crawford","S","Nevada",267,NA,NA,236,NA,NA,388,297,312
"313","Ben Sauls","K","Pittsburgh",426,NA,NA,156,NA,NA,312,298,313
"314","Weston Franklin","IOL","Georgia Tech",299,NA,NA,NA,NA,NA,NA,299,314
"315","D'Eryk Jackson","LB","Kentucky",369,NA,NA,NA,NA,NA,230,299.5,315
"316","Dalton Cooper","OT","Oklahoma State",300,NA,NA,NA,NA,NA,302,301,316
"317","Jared Penning","OT","Northern Iowa",370,NA,NA,NA,NA,NA,232,301,317
"318","Chaz Chambliss","EDGE","Georgia",355,NA,NA,NA,NA,NA,249,302,318
"319","Hayden Conner","IOL","Texas",323,NA,NA,210,NA,NA,377,303.333333333333,319
"320","Marques Sigle","S","Kansas State",311,NA,NA,NA,NA,NA,297,304,320
"321","Cam Horsley","DL","Boston College",314,NA,NA,217,NA,NA,382,304.333333333333,321
"322","Fentrell Cypress","CB","Florida State",307,NA,NA,NA,NA,NA,NA,307,322
"323","Chandler Martin","LB","Memphis",371,NA,NA,NA,NA,NA,243,307,323
"324","Kain Medrano","LB","UCLA",217,NA,NA,NA,NA,NA,398,307.5,324
"325","Max Brosmer","QB","Minnesota",282,NA,NA,NA,NA,NA,334,308,325
"326","Dean Clark","S","Fresno State",308,NA,NA,NA,NA,NA,NA,308,326
"327","Monaray Baldwin","WR","Baylor",309,NA,NA,NA,NA,NA,NA,309,327
"328","Jordan Watkins","WR","Mississippi",285,NA,NA,NA,NA,NA,343,314,328
"329","Brant Kuithe","TE","Utah",393,NA,NA,234,NA,NA,317,314.666666666667,329
"330","Jailin Walker","LB","Indiana",315,NA,NA,NA,NA,NA,NA,315,330
"331","Bam Martin-Scott","LB","South Carolina",317,NA,NA,NA,NA,NA,313,315,331
"332","Dan Jackson","S","Georgia",313,NA,NA,NA,NA,NA,320,316.5,332
"333","Shaun Dolac","LB","Buffalo",318,NA,NA,NA,NA,NA,NA,318,333
"334","Tyreem Powell","LB","Rutgers",316,NA,NA,NA,NA,NA,322,319,334
"335","Elijah Simmons","DL","Tennessee",333,NA,NA,NA,NA,NA,306,319.5,335
"336","Ethan Downs","EDGE","Oklahoma",256,NA,NA,NA,NA,NA,384,320,336
"337","Seth Henigan","QB","Memphis",320,NA,NA,NA,NA,NA,NA,320,337
"338","Eli Cox","IOL","Kentucky",335,NA,NA,NA,NA,NA,305,320,338
"339","Alijah Clark","S","Syracuse",270,NA,NA,NA,NA,NA,372,321,339
"340","Samuel Brown","WR","Miami (FL)",322,NA,NA,NA,NA,NA,NA,322,340
"341","Joshua Simon","TE","South Carolina",292,NA,NA,NA,NA,NA,360,326,341
"342","Torricelli Simpkins III","IOL","South Carolina",334,NA,NA,NA,NA,NA,318,326,342
"343","Mario Anderson","RB","Memphis",329,NA,NA,NA,NA,NA,NA,329,343
"344","Tommy Akingbesote","DL","Maryland",397,NA,NA,NA,NA,NA,265,331,344
"345","Payton Page","DL","Clemson",395,NA,NA,NA,NA,NA,271,333,345
"346","Marcus Tate","IOL","Clemson",330,NA,NA,NA,NA,NA,338,334,346
"347","Joe Huber","IOL","Wisconsin",280,NA,NA,NA,NA,NA,390,335,347
"348","Jacolby George","WR","Miami (FL)",324,NA,NA,NA,NA,NA,346,335,348
"349","Malik Verdon","S","Iowa State",331,NA,NA,NA,NA,NA,341,336,349
"350","Cam'Ron Silmon Craig","S","Colorado",338,NA,NA,NA,NA,NA,NA,338,350
"351","Marcus Wehr","IOL","Montana State",381,NA,NA,NA,NA,NA,295,338,351
"352","Marcus Harris","CB","California",344,NA,NA,NA,NA,NA,333,338.5,352
"353","Daniel Jackson","WR","Minnesota",303,NA,NA,NA,NA,NA,375,339,353
"354","Da'Quan Felton","WR","Virginia Tech",304,NA,NA,NA,NA,NA,374,339,354
"355","Keondre Jackson","S","Illinois State",337,NA,NA,NA,NA,NA,342,339.5,355
"356","JJ Weaver","EDGE","Kentucky",340,NA,NA,NA,NA,NA,NA,340,356
"357","Tyler Loop","K","Arizona",319,NA,NA,NA,NA,NA,364,341.5,357
"358","Steve Linton","EDGE","Baylor",336,NA,NA,NA,NA,NA,347,341.5,358
"359","Debo Williams","LB","South Carolina",342,NA,NA,NA,NA,NA,NA,342,359
"360","Myles Hinton","OT","Michigan",302,NA,NA,NA,NA,NA,383,342.5,360
"361","Jay Toia","DL","UCLA",378,NA,NA,NA,NA,NA,309,343.5,361
"362","DeAndre Jules","DL","South Carolina",339,NA,NA,NA,NA,NA,353,346,362
"363","Jacob Gardner","IOL","Colorado State",346,NA,NA,NA,NA,NA,NA,346,363
"364","Donovan Smith","QB","Houston",348,NA,NA,NA,NA,NA,NA,348,364
"365","Elijhah Badger","WR","Florida",306,NA,NA,NA,NA,NA,393,349.5,365
"366","Seth Coleman","EDGE","Illinois",417,NA,NA,NA,NA,NA,284,350.5,366
"367","Adin Huntington","DL","Tulane",352,NA,NA,NA,NA,NA,NA,352,367
"368","Johnathan Edwards","CB","Tulane",357,NA,NA,NA,NA,NA,350,353.5,368
"369","Jackson Woodard","LB","UNLV",332,NA,NA,NA,NA,NA,376,354,369
"370","Andrew Armstrong","WR","Arkansas",350,NA,NA,NA,NA,NA,358,354,370
"371","Shilo Sanders","S","Colorado",354,NA,NA,NA,NA,NA,NA,354,371
"372","Moose Muhammad III","WR","Texas A&M",368,NA,NA,NA,NA,NA,340,354,372
"373","Deshawn Pace","S","UCF",457,NA,NA,NA,NA,NA,251,354,373
"374","Sean Martin","DL","West Virginia",325,NA,NA,NA,NA,NA,385,355,374
"375","Kai Kroeger","P","South Carolina",356,NA,NA,NA,NA,NA,NA,356,375
"376","RJ Moten","S","Florida",360,NA,NA,NA,NA,NA,NA,360,376
"377","Drew Moss","IOL","Colorado State",361,NA,NA,NA,NA,NA,NA,361,377
"378","Glendon Miller","S","Maryland",364,NA,NA,NA,NA,NA,363,363.5,378
"379","Will Sheppard","WR","Colorado",375,NA,NA,NA,NA,NA,352,363.5,379
"380","Jamaal Pritchett","WR","South Alabama",399,NA,NA,NA,NA,NA,328,363.5,380
"381","Greedy Vance Jr","CB","USC",365,NA,NA,NA,NA,NA,NA,365,381
"382","Trey Rucker","S","Oklahoma State",466,NA,NA,NA,NA,NA,264,365,382
"383","Jestin Jacobs","LB","Oregon",453,NA,NA,NA,NA,NA,283,368,383
"384","Ulysses Bentley IV","RB","Mississippi",407,NA,NA,NA,NA,NA,331,369,384
"385","Rivaldo Fairweather","TE","Auburn",377,NA,NA,NA,NA,NA,362,369.5,385
"386","Cooper Mays","IOL","Tennessee",372,NA,NA,NA,NA,NA,NA,372,386
"387","Corey Thornton","CB","Louisville",373,NA,NA,NA,NA,NA,NA,373,387
"388","Marques Cox","OT","Kentucky",351,NA,NA,NA,NA,NA,396,373.5,388
"389","Dominic Lovett","WR","Georgia",415,NA,NA,NA,NA,NA,332,373.5,389
"390","David Gbenda","LB","Texas",374,NA,NA,NA,NA,NA,NA,374,390
"391","De'Rickey Wright","S","Vanderbilt",396,NA,NA,NA,NA,NA,357,376.5,391
"392","Thor Griffith","DL","Louisville",379,NA,NA,NA,NA,NA,NA,379,392
"393","Timothy McKay","IOL","NC State",380,NA,NA,NA,NA,NA,NA,380,393
"394","Robert McDaniel","S","Jackson State",382,NA,NA,NA,NA,NA,NA,382,394
"395","Bryce Cabeldue","IOL","Kansas",383,NA,NA,NA,NA,NA,NA,383,395
"396","Nash Jones","IOL","Texas State",367,NA,NA,NA,NA,NA,400,383.5,396
"397","Gaethan Bernadel","LB","Stanford",384,NA,NA,NA,NA,NA,NA,384,397
"398","Amin Vanover","EDGE","Penn State",385,NA,NA,NA,NA,NA,NA,385,398
"399","Carson Bruener","LB","Washington",445,NA,NA,NA,NA,NA,325,385,399
"400","Amari Kight","OT","UCF",386,NA,NA,NA,NA,NA,NA,386,400
"401","Garnett Hollis Jr","CB","West Virginia",387,NA,NA,NA,NA,NA,NA,387,401
"402","Power Echols","LB","North Carolina",394,NA,NA,NA,NA,NA,381,387.5,402
"403","Quentin Skinner","WR","Kansas",388,NA,NA,NA,NA,NA,NA,388,403
"404","Omari Thomas","DL","Tennessee",390,NA,NA,NA,NA,NA,NA,390,404
"405","Tamuarion Wilson","LB","Central Arkansas",391,NA,NA,NA,NA,NA,NA,391,405
"406","Bryson Nesbit","TE","North Carolina",389,NA,NA,NA,NA,NA,394,391.5,406
"407","Justin Barron","LB","Syracuse",416,NA,NA,NA,NA,NA,367,391.5,407
"408","Aiden Williams","IOL","Minnesota Duluth",392,NA,NA,NA,NA,NA,NA,392,408
"409","Tyron Herring","CB","Delaware",446,NA,NA,NA,NA,NA,339,392.5,409
"410","Elijah Ponder","EDGE","Cal Poly",398,NA,NA,NA,NA,NA,NA,398,410
"411","Kyonte Hamilton","DL","Rutgers",400,NA,NA,NA,NA,NA,NA,400,411
"412","Octavious Oxendine","DL","Kentucky",401,NA,NA,NA,NA,NA,NA,401,412
"413","Dymere Miller","WR","Rutgers",402,NA,NA,NA,NA,NA,NA,402,413
"414","Greg Penn III","LB","LSU",403,NA,NA,NA,NA,NA,NA,403,414
"415","Dvon J-Thomas","DL","Penn State",404,NA,NA,NA,NA,NA,NA,404,415
"416","Xavier Carlton","EDGE","California",405,NA,NA,NA,NA,NA,NA,405,416
"417","Jordan Oladokun","CB","Bowling Green",406,NA,NA,NA,NA,NA,NA,406,417
"418","Sal Wormley","IOL","Penn State",408,NA,NA,NA,NA,NA,NA,408,418
"419","BJ Green","DL","Colorado",409,NA,NA,NA,NA,NA,NA,409,419
"420","Javontez Spraggins","IOL","Tennessee",474,NA,NA,NA,NA,NA,344,409,420
"421","Will Rogers","QB","Washington",555,NA,NA,NA,NA,NA,263,409,421
"422","Dartanyan Tinsley","IOL","Cincinnati",410,NA,NA,NA,NA,NA,NA,410,422
"423","Luke Newman","IOL","Michigan State",421,NA,NA,NA,NA,NA,399,410,423
"424","Danny Striggow","EDGE","Minnesota",411,NA,NA,NA,NA,NA,NA,411,424
"425","Jordan Williams","OT","Georgia Tech",412,NA,NA,NA,NA,NA,NA,412,425
"426","Gareth Warren","IOL","Lindenwood",413,NA,NA,NA,NA,NA,NA,413,426
"427","Taylor Elgersma","QB","Wilfrid Laurier",435,NA,NA,NA,NA,NA,391,413,427
"428","Jack Henderson","S","Minnesota",414,NA,NA,NA,NA,NA,NA,414,428
"429","John Pius","EDGE","Wisconsin",503,NA,NA,NA,NA,NA,327,415,429
"430","Aubrey Burks","S","West Virginia",418,NA,NA,NA,NA,NA,NA,418,430
"431","Kenny Gallop Jr","S","Howard",419,NA,NA,NA,NA,NA,NA,419,431
"432","Jahvaree Ritzie","DL","North Carolina",459,NA,NA,NA,NA,NA,380,419.5,432
"433","Anthony Watkins","RB","Tulsa",420,NA,NA,NA,NA,NA,NA,420,433
"434","Tysheem Johnson","S","Oregon",422,NA,NA,NA,NA,NA,NA,422,434
"435","Aaron Smith","LB","South Carolina State",423,NA,NA,NA,NA,NA,NA,423,435
"436","Jacob Gideon","IOL","Western Michigan",424,NA,NA,NA,NA,NA,NA,424,436
"437","Jacquez Stuart","RB","Toledo",425,NA,NA,NA,NA,NA,NA,425,437
"438","EJ Smith","RB","Texas A&M",543,NA,NA,NA,NA,NA,307,425,438
"439","Joseph Evans","DL","UTSA",427,NA,NA,NA,NA,NA,NA,427,439
"440","Nick Kallerup","TE","Minnesota",428,NA,NA,NA,NA,NA,NA,428,440
"441","Joey Hobert","WR","Texas State",429,NA,NA,NA,NA,NA,NA,429,441
"442","Elijah Alston","EDGE","Miami (FL)",430,NA,NA,NA,NA,NA,NA,430,442
"443","Ty Wise","LB","Miami (OH)",431,NA,NA,NA,NA,NA,NA,431,443
"444","Melvin Smith Jr","CB","Southern Arkansas",432,NA,NA,NA,NA,NA,NA,432,444
"445","Luke Elzinga","P","Oklahoma",670,NA,NA,195,NA,NA,NA,432.5,445
"446","Austin Brinkman","LS","West Virginia",433,NA,NA,NA,NA,NA,NA,433,446
"447","Lan Larison","RB","UC Davis",434,NA,NA,NA,NA,NA,NA,434,447
"448","Quinn Schulte","S","Iowa",436,NA,NA,NA,NA,NA,NA,436,448
"449","Jalen Kimber","CB","Penn State",538,NA,NA,NA,NA,NA,335,436.5,449
"450","Carter Runyon","TE","Towson",437,NA,NA,NA,NA,NA,NA,437,450
"451","Lawrance Toafili","RB","Florida State",570,NA,NA,NA,NA,NA,304,437,451
"452","Elijah Williams","DL","Morgan State",438,NA,NA,NA,NA,NA,NA,438,452
"453","Josh Priebe","IOL","Michigan",439,NA,NA,NA,NA,NA,NA,439,453
"454","Cameron Oliver","CB","UNLV",440,NA,NA,NA,NA,NA,NA,440,454
"455","Aaron Lewis","EDGE","Rutgers",567,NA,NA,NA,NA,NA,314,440.5,455
"456","Brian Stevens","IOL","Virginia",441,NA,NA,NA,NA,NA,NA,441,456
"457","Donovan McMillon","S","Pittsburgh",442,NA,NA,NA,NA,NA,NA,442,457
"458","Brock Lampe","RB","Northern Illinois",443,NA,NA,NA,NA,NA,NA,443,458
"459","Brendan Mott","EDGE","Kansas State",444,NA,NA,NA,NA,NA,NA,444,459
"460","Jahmal Banks","WR","Nebraska",447,NA,NA,NA,NA,NA,NA,447,460
"461","Kendall Bohler","CB","Florida A&M",448,NA,NA,NA,NA,NA,NA,448,461
"462","Bryce Benhart","OT","Nebraska",449,NA,NA,NA,NA,NA,NA,449,462
"463","Adam Bock","LB","South Dakota State",450,NA,NA,NA,NA,NA,NA,450,463
"464","Cam Lockridge","CB","Fresno State",451,NA,NA,NA,NA,NA,NA,451,464
"465","Kam Alexander","CB","Oregon",452,NA,NA,NA,NA,NA,NA,452,465
"466","Quinton Cooley","RB","Liberty",454,NA,NA,NA,NA,NA,NA,454,466
"467","Micah Bernard","RB","Utah",612,NA,NA,NA,NA,NA,296,454,467
"468","Warren Burrell","CB","Georgia Tech",455,NA,NA,NA,NA,NA,NA,455,468
"469","Nick Jackson","LB","Iowa",456,NA,NA,NA,NA,NA,NA,456,469
"470","Nofoafia Tulafono","IOL","Wyoming",458,NA,NA,NA,NA,NA,NA,458,470
"471","William Wagner","LS","Michigan",461,NA,NA,NA,NA,NA,NA,461,471
"472","CJ Taylor","S","Vanderbilt",462,NA,NA,NA,NA,NA,NA,462,472
"473","Zemaiah Vaughn","CB","Utah",463,NA,NA,NA,NA,NA,NA,463,473
"474","BJ Mayes","CB","Texas A&M",464,NA,NA,NA,NA,NA,NA,464,474
"475","Garrett Greene","QB","West Virginia",465,NA,NA,NA,NA,NA,NA,465,475
"476","Izavion Miller","OT","Auburn",467,NA,NA,NA,NA,NA,NA,467,476
"477","Sulaiman Kpaka","DL","Mississippi State",468,NA,NA,NA,NA,NA,NA,468,477
"478","Seyi Oladipo","S","Boise State",469,NA,NA,NA,NA,NA,NA,469,478
"479","Shaquan Loyal","S","Rutgers",470,NA,NA,NA,NA,NA,NA,470,479
"480","Branson Taylor","OT","Pittsburgh",654,NA,NA,NA,NA,NA,287,470.5,480
"481","De'Braylon Carroll","DL","Texas Tech",471,NA,NA,NA,NA,NA,NA,471,481
"482","Malik Dixon-Williams","S","UConn",472,NA,NA,NA,NA,NA,NA,472,482
"483","Montorie Foster","WR","Michigan State",473,NA,NA,NA,NA,NA,NA,473,483
"484","Josh Kelly","WR","Texas Tech",609,NA,NA,NA,NA,NA,337,473,484
"485","Tommy Mellott","QB","Montana State",475,NA,NA,NA,NA,NA,NA,475,485
"486","Nay'Quan Wright","RB","South Florida",476,NA,NA,NA,NA,NA,NA,476,486
"487","Zeke Correll","IOL","NC State",477,NA,NA,NA,NA,NA,NA,477,487
"488","David Spaulding","CB","South Carolina",598,NA,NA,NA,NA,NA,356,477,488
"489","Kobe Pace","RB","Virginia",558,NA,NA,NA,NA,NA,397,477.5,489
"490","Mason Richman","OT","Iowa",478,NA,NA,NA,NA,NA,NA,478,490
"491","Emmanuel McNeil-Warren","S","Toledo",479,NA,NA,NA,NA,NA,NA,479,491
"492","Car'lin Vigers","CB","Louisiana-Monroe",480,NA,NA,NA,NA,NA,NA,480,492
"493","Joey Slackman","DL","Florida",481,NA,NA,NA,NA,NA,NA,481,493
"494","Marcus Harper II","IOL","Oregon",482,NA,NA,NA,NA,NA,NA,482,494
"495","DJ Uiagalelei","QB","Florida State",483,NA,NA,NA,NA,NA,NA,483,495
"496","Dominic Zvada","K","Michigan",484,NA,NA,NA,NA,NA,NA,484,496
"497","Connor O'Toole","EDGE","Utah",485,NA,NA,NA,NA,NA,NA,485,497
"498","Aydan White","CB","NC State",486,NA,NA,NA,NA,NA,NA,486,498
"499","Andre Jefferson","DL","Lenoir-Rhyne",487,NA,NA,NA,NA,NA,NA,487,499
"500","Easton Mascarenas-Arnold","LB","USC",488,NA,NA,NA,NA,NA,NA,488,500
"501","Kenyatta Watson II","S","Georgia State",489,NA,NA,NA,NA,NA,NA,489,501
"502","DJ Lundy","LB","Florida State",490,NA,NA,NA,NA,NA,NA,490,502
"503","Terrell Dawkins","EDGE","North Texas",491,NA,NA,NA,NA,NA,NA,491,503
"504","Makari Paige","S","Michigan",492,NA,NA,NA,NA,NA,NA,492,504
"505","Jack Conley","IOL","Boston College",659,NA,NA,NA,NA,NA,326,492.5,505
"506","Kamren Fabiculanan","S","Washington",493,NA,NA,NA,NA,NA,NA,493,506
"507","Jordan Clark","S","Notre Dame",667,NA,NA,NA,NA,NA,319,493,507
"508","Tahveon Nicholson","S","Louisville",494,NA,NA,NA,NA,NA,NA,494,508
"509","Alex Huntley","DL","South Carolina",495,NA,NA,NA,NA,NA,NA,495,509
"510","Caleb Etienne","OT","BYU",496,NA,NA,NA,NA,NA,NA,496,510
"511","Corey Dyches","TE","California",497,NA,NA,NA,NA,NA,NA,497,511
"512","Paris Shand","DL","LSU",498,NA,NA,NA,NA,NA,NA,498,512
"513","De'Corian Clark","WR","UTSA",499,NA,NA,NA,NA,NA,NA,499,513
"514","Michael Ford Jr","IOL","Kansas",500,NA,NA,NA,NA,NA,NA,500,514
"515","Hudson Clark","S","Arkansas",501,NA,NA,NA,NA,NA,NA,501,515
"516","Ross James","P","Oregon",502,NA,NA,NA,NA,NA,NA,502,516
"517","Ethan Moczulski","K","Texas A&M",504,NA,NA,NA,NA,NA,NA,504,517
"518","Robert Gunn","K","Clemson",505,NA,NA,NA,NA,NA,NA,505,518
"519","Kobe Savage","S","Oregon",506,NA,NA,NA,NA,NA,NA,506,519
"520","Bryce McFerson","P","Notre Dame",507,NA,NA,NA,NA,NA,NA,507,520
"521","Alex Bacchetta","P","Penn State",508,NA,NA,NA,NA,NA,NA,508,521
"522","Max Fletcher","P","Arkansas",509,NA,NA,NA,NA,NA,NA,509,522
"523","Brett Thorson","P","Georgia",510,NA,NA,NA,NA,NA,NA,510,523
"524","Alex McPherson","K","Auburn",511,NA,NA,NA,NA,NA,NA,511,524
"525","Tyler Perkins","P","Iowa State",512,NA,NA,NA,NA,NA,NA,512,525
"526","John Love","K","Virginia Tech",513,NA,NA,NA,NA,NA,NA,513,526
"527","Will Bettridge","K","Virginia",514,NA,NA,NA,NA,NA,NA,514,527
"528","Jackson Lee","LS","Florida International",515,NA,NA,NA,NA,NA,NA,515,528
"529","Eli Stein","LS","Arkansas",516,NA,NA,NA,NA,NA,NA,516,529
"530","Rino Monteforte","LS","Notre Dame",517,NA,NA,NA,NA,NA,NA,517,530
"531","Nate Merchant","LS","Coastal Carolina",518,NA,NA,NA,NA,NA,NA,518,531
"532","Morice Blackwell Jr","LB","Texas",519,NA,NA,NA,NA,NA,NA,519,532
"533","Devin Kirkwood","CB","UCLA",520,NA,NA,NA,NA,NA,NA,520,533
"534","Reuben Fatheree II","OT","Texas A&M",521,NA,NA,NA,NA,NA,NA,521,534
"535","Mario Williams","WR","Tulane",522,NA,NA,NA,NA,NA,NA,522,535
"536","Juan Davis","TE","Texas",523,NA,NA,NA,NA,NA,NA,523,536
"537","Caiden Woullard","EDGE","Oklahoma",524,NA,NA,NA,NA,NA,NA,524,537
"538","Dorian Singer","WR","Utah",525,NA,NA,NA,NA,NA,NA,525,538
"539","Antario Brown","RB","Northern Illinois",526,NA,NA,NA,NA,NA,NA,526,539
"540","Jack Howell","S","Colorado State",527,NA,NA,NA,NA,NA,NA,527,540
"541","Sebastian Valdez","DL","Washington",528,NA,NA,NA,NA,NA,NA,528,541
"542","Roderick Brown","DL","North Texas",529,NA,NA,NA,NA,NA,NA,529,542
"543","Julian Fleming","WR","Penn State",530,NA,NA,NA,NA,NA,NA,530,543
"544","Justin Flowe","LB","Arizona",531,NA,NA,NA,NA,NA,NA,531,544
"545","Dontae Manning","CB","Oregon",532,NA,NA,NA,NA,NA,NA,532,545
"546","Hudson Card","QB","Purdue",533,NA,NA,NA,NA,NA,NA,533,546
"547","Robbie Ouzts","TE","Alabama",671,NA,NA,NA,NA,NA,395,533,547
"548","Jerrin Thompson","S","Auburn",534,NA,NA,NA,NA,NA,NA,534,548
"549","Peny Boone","RB","UCF",535,NA,NA,NA,NA,NA,NA,535,549
"550","Desmond Evans","EDGE","North Carolina",536,NA,NA,NA,NA,NA,NA,536,550
"551","Gee Scott Jr","TE","Ohio State",537,NA,NA,NA,NA,NA,NA,537,551
"552","Mark Redman","TE","Louisville",539,NA,NA,NA,NA,NA,NA,539,552
"553","Malik Hornsby","WR","Arkansas State",540,NA,NA,NA,NA,NA,NA,540,553
"554","Major Burns","S","LSU",541,NA,NA,NA,NA,NA,NA,541,554
"555","Ruben Hyppolite II","LB","Maryland",542,NA,NA,NA,NA,NA,NA,542,555
"556","Nate McCollum","WR","North Carolina",544,NA,NA,NA,NA,NA,NA,544,556
"557","Ladarius Tennison","S","UCF",545,NA,NA,NA,NA,NA,NA,545,557
"558","MJ Sherman","LB","Nebraska",546,NA,NA,NA,NA,NA,NA,546,558
"559","Chris Tyree","WR","Virginia",547,NA,NA,NA,NA,NA,NA,547,559
"560","Jayson Jones","DL","Auburn",548,NA,NA,NA,NA,NA,NA,548,560
"561","Money Parks","WR","Utah",549,NA,NA,NA,NA,NA,NA,549,561
"562","Khari Coleman","EDGE","Mississippi",550,NA,NA,NA,NA,NA,NA,550,562
"563","Vershon Lee","IOL","South Carolina",551,NA,NA,NA,NA,NA,NA,551,563
"564","Kaden Moore","IOL","Virginia Tech",552,NA,NA,NA,NA,NA,NA,552,564
"565","Jaheim Thomas","LB","Wisconsin",553,NA,NA,NA,NA,NA,NA,553,565
"566","Marlowe Wax","LB","Syracuse",554,NA,NA,NA,NA,NA,NA,554,566
"567","Robert Scott Jr","OT","Florida State",556,NA,NA,NA,NA,NA,NA,556,567
"568","Ty French","EDGE","West Virginia",557,NA,NA,NA,NA,NA,NA,557,568
"569","Cam Porter","RB","Northwestern",559,NA,NA,NA,NA,NA,NA,559,569
"570","Jalen White","RB","Georgia Southern",560,NA,NA,NA,NA,NA,NA,560,570
"571","Cal Haladay","LB","Michigan State",561,NA,NA,NA,NA,NA,NA,561,571
"572","Brandon Thomas","RB","Memphis",562,NA,NA,NA,NA,NA,NA,562,572
"573","Gerald Mincey","OT","Kentucky",563,NA,NA,NA,NA,NA,NA,563,573
"574","Donte Kent","CB","Central Michigan",564,NA,NA,NA,NA,NA,NA,564,574
"575","Henry Blackburn","S","Colorado State",565,NA,NA,NA,NA,NA,NA,565,575
"576","Silas Bolden","WR","Texas",566,NA,NA,NA,NA,NA,NA,566,576
"577","Mason Cobb","LB","USC",568,NA,NA,NA,NA,NA,NA,568,577
"578","Marcus Bryant","OT","Missouri",569,NA,NA,NA,NA,NA,NA,569,578
"579","Kole Taylor","TE","West Virginia",571,NA,NA,NA,NA,NA,NA,571,579
"580","Deontae Craig","DL","Iowa",572,NA,NA,NA,NA,NA,NA,572,580
"581","LaMiles Brooks","S","Georgia Tech",573,NA,NA,NA,NA,NA,NA,573,581
"582","Lawrence Arnold","WR","Kansas",574,NA,NA,NA,NA,NA,NA,574,582
"583","Nate Noel","RB","Missouri",575,NA,NA,NA,NA,NA,NA,575,583
"584","Micah Mazzccua","IOL","Nebraska",576,NA,NA,NA,NA,NA,NA,576,584
"585","Gavin Holmes","CB","Texas",577,NA,NA,NA,NA,NA,NA,577,585
"586","Marcus Carroll","RB","Missouri",578,NA,NA,NA,NA,NA,NA,578,586
"587","Josh Fryar","OT","Ohio State",579,NA,NA,NA,NA,NA,NA,579,587
"588","Yam Banks","S","Mississippi",580,NA,NA,NA,NA,NA,NA,580,588
"589","Kendy Charles","DL","Duke",581,NA,NA,NA,NA,NA,NA,581,589
"590","Nathan Carter","RB","Michigan State",582,NA,NA,NA,NA,NA,NA,582,590
"591","Jonah Dalmas","K","Boise State",583,NA,NA,NA,NA,NA,NA,583,591
"592","Easton Kilty","OT","Kansas State",584,NA,NA,NA,NA,NA,NA,584,592
"593","Anton Juncaj","DL","Arkansas",585,NA,NA,NA,NA,NA,NA,585,593
"594","Owen Daffer","K","North Carolina A&T",586,NA,NA,NA,NA,NA,NA,586,594
"595","Kyle Morlock","TE","Florida State",587,NA,NA,NA,NA,NA,NA,587,595
"596","Trey Sanders","RB","TCU",588,NA,NA,NA,NA,NA,NA,588,596
"597","Jacob Bandes","DL","Washington",589,NA,NA,NA,NA,NA,NA,589,597
"598","Connor Bazelak","QB","Bowling Green",590,NA,NA,NA,NA,NA,NA,590,598
"599","Patrick Herbert","TE","Oregon",591,NA,NA,NA,NA,NA,NA,591,599
"600","KJ Jefferson","QB","UCF",592,NA,NA,NA,NA,NA,NA,592,600
"601","Khris Bogle","EDGE","Michigan State",593,NA,NA,NA,NA,NA,NA,593,601
"602","Frank Ladson Jr","WR","UMass",594,NA,NA,NA,NA,NA,NA,594,602
"603","Bill Norton","DL","Texas",595,NA,NA,NA,NA,NA,NA,595,603
"604","Jahfari Harvey","EDGE","SMU",596,NA,NA,NA,NA,NA,NA,596,604
"605","Hank Bachmeier","QB","Wake Forest",597,NA,NA,NA,NA,NA,NA,597,605
"606","Maurice Smith","IOL","Florida State",599,NA,NA,NA,NA,NA,NA,599,606
"607","Luke Felix-Fualalo","OT","Hawaii",600,NA,NA,NA,NA,NA,NA,600,607
"608","Justin Ball","TE","Mississippi State",601,NA,NA,NA,NA,NA,NA,601,608
"609","Chico Bennett Jr","LB","Virginia",602,NA,NA,NA,NA,NA,NA,602,609
"610","Garmon Randolph","EDGE","Baylor",603,NA,NA,NA,NA,NA,NA,603,610
"611","Xavier Guillory","WR","Arizona State",604,NA,NA,NA,NA,NA,NA,604,611
"612","Treshaun Ward","RB","Boston College",605,NA,NA,NA,NA,NA,NA,605,612
"613","Darius Washington","IOL","Florida State",606,NA,NA,NA,NA,NA,NA,606,613
"614","Jonathan Mendoza","OT","Louisville",607,NA,NA,NA,NA,NA,NA,607,614
"615","Jeremiah Byers","IOL","Florida State",608,NA,NA,NA,NA,NA,NA,608,615
"616","Brian Ugwu","EDGE","Miami (OH)",610,NA,NA,NA,NA,NA,NA,610,616
"617","Trace Ford","EDGE","Oklahoma",611,NA,NA,NA,NA,NA,NA,611,617
"618","Kris Mitchell","WR","Notre Dame",613,NA,NA,NA,NA,NA,NA,613,618
"619","Chase Lane","WR","Georgia Tech",614,NA,NA,NA,NA,NA,NA,614,619
"620","Brett Gabbert","QB","Miami (OH)",615,NA,NA,NA,NA,NA,NA,615,620
"621","Ricky Barber","DL","UCF",616,NA,NA,NA,NA,NA,NA,616,621
"622","Payton Thorne","QB","Auburn",617,NA,NA,NA,NA,NA,NA,617,622
"623","Tyrone Broden","WR","Arkansas",618,NA,NA,NA,NA,NA,NA,618,623
"624","Dante Cephas","WR","Kansas State",619,NA,NA,NA,NA,NA,NA,619,624
"625","Trikweze Bridges","S","Florida",620,NA,NA,NA,NA,NA,NA,620,625
"626","Melquan Stovall","WR","Arizona State",621,NA,NA,NA,NA,NA,NA,621,626
"627","Nate Clifton","DL","USC",622,NA,NA,NA,NA,NA,NA,622,627
"628","Collin Schlee","QB","Virginia Tech",623,NA,NA,NA,NA,NA,NA,623,628
"629","Ali Jennings III","WR","Virginia Tech",624,NA,NA,NA,NA,NA,NA,624,629
"630","Jordan Waters","RB","NC State",625,NA,NA,NA,NA,NA,NA,625,630
"631","Josh Williams","RB","LSU",626,NA,NA,NA,NA,NA,NA,626,631
"632","Jacob Dobbs","LB","Holy Cross",627,NA,NA,NA,NA,NA,NA,627,632
"633","Johnny Hodges","LB","TCU",628,NA,NA,NA,NA,NA,NA,628,633
"634","Casey Thompson","QB","Oklahoma",629,NA,NA,NA,NA,NA,NA,629,634
"635","Dennis Briggs Jr","DL","Illinois",630,NA,NA,NA,NA,NA,NA,630,635
"636","Gerry Bohanon","QB","BYU",631,NA,NA,NA,NA,NA,NA,631,636
"637","Jacob Mangum-Farrar","LB","Indiana",632,NA,NA,NA,NA,NA,NA,632,637
"638","Spencer Petras","QB","Utah State",633,NA,NA,NA,NA,NA,NA,633,638
"639","Jermayne Lole","DL","Texas",634,NA,NA,NA,NA,NA,NA,634,639
"640","Kam Butler","EDGE","Virginia",635,NA,NA,NA,NA,NA,NA,635,640
"641","John Campbell Jr","OT","Tennessee",636,NA,NA,NA,NA,NA,NA,636,641
"642","Campbell Barrington","OT","Baylor",637,NA,NA,NA,NA,NA,NA,637,642
"643","Alan Bowman","QB","Oklahoma State",638,NA,NA,NA,NA,NA,NA,638,643
"644","Connor Pay","IOL","BYU",639,NA,NA,NA,NA,NA,NA,639,644
"645","Jordan McCloud","QB","Texas State",640,NA,NA,NA,NA,NA,NA,640,645
"646","Abdul-Fatai Ibrahim","WR","Louisiana Tech",641,NA,NA,NA,NA,NA,NA,641,646
"647","Justin Wright","LB","Oklahoma State",642,NA,NA,NA,NA,NA,NA,642,647
"648","Nick Kidwell","IOL","Indiana",643,NA,NA,NA,NA,NA,NA,643,648
"649","Ty Son Lawton","RB","Indiana",644,NA,NA,NA,NA,NA,NA,644,649
"650","Keenan Pili","LB","Tennessee",645,NA,NA,NA,NA,NA,NA,645,650
"651","Chantz Williams","EDGE","Charlotte",646,NA,NA,NA,NA,NA,NA,646,651
"652","Chidozie Nwankwo","DL","Colorado",647,NA,NA,NA,NA,NA,NA,647,652
"653","Aamir Hall","CB","Michigan",648,NA,NA,NA,NA,NA,NA,648,653
"654","Corey Rucker","WR","Arkansas State",649,NA,NA,NA,NA,NA,NA,649,654
"655","Clarence Lewis","CB","Syracuse",650,NA,NA,NA,NA,NA,NA,650,655
"656","Daylan Dotson","EDGE","UCF",651,NA,NA,NA,NA,NA,NA,651,656
"657","Maliq Carr","TE","Houston",652,NA,NA,NA,NA,NA,NA,652,657
"658","Ashton Grable","IOL","Florida A&M",653,NA,NA,NA,NA,NA,NA,653,658
"659","Daryl Porter Jr","CB","Miami (FL)",655,NA,NA,NA,NA,NA,NA,655,659
"660","Colin Ramos","LB","Navy",656,NA,NA,NA,NA,NA,NA,656,660
"661","Jelani Stafford","DL","UConn",657,NA,NA,NA,NA,NA,NA,657,661
"662","Caden Davis","K","Mississippi",658,NA,NA,NA,NA,NA,NA,658,662
"663","Henry Parrish Jr","RB","Mississippi",660,NA,NA,NA,NA,NA,NA,660,663
"664","Nate Matlack","EDGE","Pittsburgh",661,NA,NA,NA,NA,NA,NA,661,664
"665","Brennan Presley","WR","Oklahoma State",662,NA,NA,NA,NA,NA,NA,662,665
"666","Ryan Hanson","P","James Madison",663,NA,NA,NA,NA,NA,NA,663,666
"667","Coziah Izzard","DL","Penn State",664,NA,NA,NA,NA,NA,NA,664,667
"668","Keenan Garber","CB","Kansas State",665,NA,NA,NA,NA,NA,NA,665,668
"669","Tre Stewart","RB","Jacksonville State",666,NA,NA,NA,NA,NA,NA,666,669
"670","Matt Jones","LB","Baylor",668,NA,NA,NA,NA,NA,NA,668,670
"671","Andrew Henry","RB","New Mexico",669,NA,NA,NA,NA,NA,NA,669,671
"672","Joshua Williams","RB","LSU",672,NA,NA,NA,NA,NA,NA,672,672
"673","Blayne Taylor","WR","Abilene Christian",673,NA,NA,NA,NA,NA,NA,673,673
"674","Jakob Robinson","S","BYU",674,NA,NA,NA,NA,NA,NA,674,674
"675","Esa Pole","OT","Washington State",675,NA,NA,NA,NA,NA,NA,675,675
"676","Mike Smith","S","Eastern Kentucky",676,NA,NA,NA,NA,NA,NA,676,676
"677","Brent Matiscik","LS","TCU",677,NA,NA,NA,NA,NA,NA,677,677
"678","Ethan Robinson","S","Minnesota",678,NA,NA,NA,NA,NA,NA,678,678
"679","Ethan Garbers","QB","UCLA",679,NA,NA,NA,NA,NA,NA,679,679
