receiver_player_id,player,posteam,season,numGames,tgt_share,numYards,numTD,numRec,wr_rank,playerYear,passOffenseTier,qbTier,runOffenseTier,player_name,position,points,NY_posteam,NY_numGames,NY_tgtShare,NY_seasonYards,NY_wr_rank,NY_playerYear,NY_passOffenseTier,NY_qbTier,NY_points,receiver_player_name,epaTier,NY_passFreqTier
00-0030035,Adam Thielen,CAR,2024,10,0.1756373938,615,5,48,1,9,7,8,3,A.Thielen,WR,139.5,CAR,16,0.1975967957,,2,10,7,6,,A.Thielen,1,5
00-0030061,Zach Ertz,WAS,2024,17,0.1614583333,658,7,66,2,9,3,2,1,Z.Ertz,TE,216.9,WAS,16,0.1892966361,,3,10,2,2,,Z.Ertz,4,6
00-0030431,Robert Woods,HOU,2024,15,0.05319148936,203,0,20,7,9,7,8,6,R.Woods,WR,42.5,PIT,16,0.08245614035,,7,10,6,8,,R.Woods,NA,8
00-0030506,Travis Kelce,KC,2024,16,0.2164781906,848,3,97,2,9,3,3,4,T.Kelce,TE,231.9,KC,16,0.2437035695,,2,10,2,1,,T.Kelce,8,3
00-0030564,DeAndre Hopkins,KC,2024,10,0.1404761905,437,4,41,4,9,3,3,4,D.Hopkins,WR,160.9,BAL,16,0.1559766764,,5,10,3,3,,D.Hopkins,4,8
00-0031236,Brandin Cooks,DAL,2024,10,0.1483516484,259,4,26,4,9,5,7,8,B.Cooks,WR,69.6,NO,16,0.1734939759,,4,10,5,8,,B.Cooks,8,6
00-0031381,Davante Adams,NYJ,2024,11,0.2798053528,856,7,67,1,9,4,6,8,D.Adams,WR,241.3,LA,16,0.2909967846,,2,10,4,4,,D.Adams,8,4
00-0031408,Mike Evans,TB,2024,14,0.22,1004,11,74,2,9,1,2,2,M.Evans,WR,262.6,TB,16,0.2633181126,,1,10,3,2,,M.Evans,4,3
00-0031588,Stefon Diggs,HOU,2024,8,0.2119205298,496,3,47,2,9,7,8,6,S.Diggs,WR,121.92,NE,16,0.2161747796,,1,10,7,6,,S.Diggs,5,6
00-0032211,Tyler Lockett,SEA,2024,17,0.1141975309,600,2,49,5,9,4,6,5,T.Lockett,WR,121,TEN,16,0.1428571429,,2,10,7,7,,T.Lockett,8,6
00-0032392,Austin Hooper,NE,2024,17,0.1012006861,476,3,45,4,9,8,8,6,A.Hooper,TE,108.6,NE,16,0.1165674603,,7,10,7,6,,A.Hooper,6,6
00-0032464,Kalif Raymond,DET,2024,12,0.05882352941,215,2,17,7,8,1,1,1,K.Raymond,WR,63.2,NYJ,16,0.1007462687,,4,9,8,7,,K.Raymond,NA,2
00-0032775,Demarcus Robinson,LA,2024,17,0.1114864865,505,7,31,3,8,3,7,4,D.Robinson,WR,137.2,SF,16,0.13125,,6,9,2,2,,D.Robinson,8,7
00-0033009,Tyler Boyd,TEN,2024,16,0.1048824593,390,0,39,3,9,6,7,6,T.Boyd,WR,78.3,TEN,16,0.1229895932,,5,10,7,7,,T.Boyd,8,6
00-0033040,Tyreek Hill,MIA,2024,17,0.1937007874,959,6,81,1,9,4,5,7,T.Hill,WR,218.2,MIA,16,0.2185628743,,1,10,4,4,,T.Hill,6,3
00-0033090,Hunter Henry,NE,2024,16,0.1757246377,674,2,66,1,9,8,8,6,H.Henry,TE,145.4,NE,16,0.2056636156,,2,10,7,6,,H.Henry,6,6
00-0033217,Mo Alie-Cox,IND,2024,17,0.04220183486,147,1,12,7,7,7,6,3,M.Alie-Cox,TE,32.7,IND,16,0.08139534884,,7,8,8,8,,M.Alie-Cox,NA,7
00-0033246,Johnny Mundt,MIN,2024,17,0.04522613065,142,2,19,8,7,2,3,7,J.Mundt,TE,50,JAX,16,0.08314350797,,7,8,6,6,,J.Mundt,NA,5
00-0033280,Christian McCaffrey,SF,2024,4,0.1610169492,146,0,15,5,8,2,2,3,C.McCaffrey,RB,47.8,SF,16,,,4,9,2,2,,C.McCaffrey,NA,7
00-0033282,Curtis Samuel,BUF,2024,14,0.10430839,253,1,31,6,8,2,1,2,C.Samuel,WR,89.8,BUF,16,0.1440377804,,5,9,1,1,,C.Samuel,8,8
00-0033288,George Kittle,SF,2024,15,0.1868787276,1106,8,78,2,8,2,2,3,G.Kittle,TE,236.6,SF,16,0.2062671129,,2,9,2,2,,G.Kittle,1,7
00-0033293,Aaron Jones,MIN,2024,17,0.1038525963,408,2,51,4,8,2,3,7,A.Jones,RB,250.6,MIN,16,0.1086625459,,5,9,3,5,,A.Jones,8,4
00-0033357,Taysom Hill,NO,2024,8,0.1225296443,187,0,23,6,7,6,6,4,T.Hill,TE,102.34,NO,16,0.1593382673,,6,8,7,8,,T.Hill,NA,5
00-0033375,Tim Patrick,DET,2024,16,0.08152173913,396,3,33,5,5,1,1,1,T.Patrick,WR,95.6,DET,16,0.1083877996,,6,6,2,2,,T.Patrick,2,5
00-0033526,Samaje Perine,KC,2024,17,0.05460218409,297,1,28,6,7,3,3,4,S.Perine,RB,84.9,KC,16,0.06641366224,,7,8,2,1,,S.Perine,3,3
00-0033536,Mike Williams,PIT,2024,9,0.04207119741,132,1,9,8,8,6,7,4,M.Williams,WR,61.5,LAC,16,0.08110992529,,5,9,4,4,,M.Williams,NA,7
00-0033553,James Conner,ARI,2024,16,0.1024208566,414,1,47,4,8,5,4,3,J.Conner,RB,253.8,ARI,16,0.1054169711,,5,9,5,3,,J.Conner,8,6
00-0033555,Mack Hollins,BUF,2024,17,0.0936329588,378,5,31,5,7,2,1,2,M.Hollins,WR,120.2,NE,16,0.1236494598,,5,8,7,6,,M.Hollins,2,6
00-0033589,David Moore,CAR,2024,17,0.09743589744,351,3,32,4,6,7,8,3,D.Moore,WR,85.1,CAR,16,0.1542857143,,6,8,7,6,,D.Moore,8,5
00-0033591,Noah Brown,WAS,2024,11,0.1546961326,453,1,35,3,7,3,2,1,N.Brown,WR,86.3,WAS,16,0.1801432958,,4,8,2,2,,N.Brown,7,6
00-0033699,Austin Ekeler,WAS,2024,12,0.1040609137,366,0,35,5,8,3,2,1,A.Ekeler,RB,159.6,WAS,16,0.1082578046,,6,9,2,2,,A.Ekeler,4,6
00-0033857,JuJu Smith-Schuster,KC,2024,14,0.0510805501,231,2,18,9,8,3,3,4,J.Smith-Schuster,WR,64.7,KC,16,0.1010901883,,8,9,2,1,,J.Smith-Schuster,NA,3
00-0033858,Jonnu Smith,MIA,2024,17,0.1748031496,884,8,88,2,8,4,5,7,J.Smith,TE,222.3,PIT,16,0.2063101365,,3,9,6,8,,J.Smith,1,7
00-0033881,Evan Engram,JAX,2024,9,0.2350877193,367,1,47,2,8,7,7,7,E.Engram,TE,89.5,DEN,16,0.2482174688,,2,9,3,3,,E.Engram,8,4
00-0033885,David Njoku,CLE,2024,11,0.2004048583,509,5,64,2,8,8,7,7,D.Njoku,TE,148.5,CLE,16,0.225711275,,2,9,8,8,,D.Njoku,8,5
00-0033891,Zay Jones,ARI,2024,11,0.02813299233,84,0,8,8,8,5,4,3,Z.Jones,WR,16.4,ARI,16,0.08229426434,,6,9,5,3,,Z.Jones,NA,6
00-0033897,Joe Mixon,HOU,2024,14,0.1052631579,309,1,36,5,8,7,8,6,J.Mixon,RB,275.4,HOU,16,0.1098517049,,6,9,6,5,,J.Mixon,8,3
00-0033906,Alvin Kamara,NO,2024,14,0.1877637131,543,2,68,3,8,6,6,4,A.Kamara,RB,265.3,NO,16,0.1932899821,,3,9,7,8,,A.Kamara,8,5
00-0033908,Cooper Kupp,LA,2024,12,0.2421307506,710,6,67,2,8,3,7,4,C.Kupp,WR,190,SEA,16,0.2965952081,,2,9,5,4,,C.Kupp,8,2
00-0033921,Chris Godwin,TB,2024,7,0.2412451362,585,5,50,1,8,1,2,2,C.Godwin,WR,137.8,TB,16,0.2466101695,,2,9,3,2,,C.Godwin,1,3
00-0034159,Will Dissly,LAC,2024,15,0.132505176,481,2,50,4,7,5,5,5,W.Dissly,TE,113.7,LAC,16,0.1694915254,,4,8,4,4,,W.Dissly,6,7
00-0034270,Tyler Conklin,NYJ,2024,16,0.1175523349,451,4,51,5,7,4,6,8,T.Conklin,TE,121.9,LAC,16,0.1418277104,,6,8,8,7,,T.Conklin,8,7
00-0034272,Marquez Valdes-Scantling,NO,2024,8,0.1254480287,385,4,17,4,7,6,6,4,M.Valdes-Scantling,WR,84.5,SEA,16,0.1607418856,,4,8,7,8,,M.Valdes-Scantling,4,2
00-0034348,Courtland Sutton,DEN,2024,17,0.2272727273,1081,8,81,1,7,4,4,5,C.Sutton,WR,252.8,DEN,16,0.2505661931,,1,8,3,3,,C.Sutton,5,4
00-0034351,Dallas Goedert,PHI,2024,10,0.1656050955,496,2,42,3,7,5,3,1,D.Goedert,TE,149.4,PHI,16,0.1911764706,,3,8,4,3,,D.Goedert,4,8
00-0034364,Jordan Akins,CLE,2024,17,0.07901907357,390,3,40,5,7,8,7,7,J.Akins,TE,91,CLE,16,0.11484375,,7,8,8,8,,J.Akins,7,5
00-0034383,Dalton Schultz,HOU,2024,17,0.1364365971,532,2,53,4,7,7,8,6,D.Schultz,TE,132.8,HOU,16,0.1531446541,,5,8,6,5,,D.Schultz,8,3
00-0034407,Ray-Ray McCloud,ATL,2024,17,0.1477079796,686,1,62,3,6,3,7,2,R.McCloud,WR,142.5,ATL,16,0.1661979753,,3,7,3,5,,R.McCloud,8,4
00-0034521,Allen Lazard,NYJ,2024,12,0.1276150628,530,6,37,3,7,4,6,8,A.Lazard,WR,126,NYJ,16,0.1571826502,,2,8,8,7,,A.Lazard,2,3
00-0034753,Mark Andrews,BAL,2024,17,0.1385542169,673,11,55,3,7,1,1,1,M.Andrews,TE,203.4,BAL,16,0.1658008658,,3,8,1,1,,M.Andrews,1,8
00-0034775,Christian Kirk,JAX,2024,8,0.1734317343,367,1,27,3,7,7,7,7,C.Kirk,WR,70.9,HOU,16,0.2056778679,,3,8,6,5,,C.Kirk,7,3
00-0034827,D.J. Moore,CHI,2024,17,0.221875,968,6,98,2,7,8,8,6,D.Moore,WR,238.1,CHI,16,0.2315651174,,1,8,5,6,,D.Moore,8,2
00-0034829,Mike Gesicki,CIN,2024,17,0.1184022825,665,2,65,3,7,1,1,8,M.Gesicki,TE,141.5,CIN,16,0.1626297578,,3,8,1,1,,M.Gesicki,3,1
00-0034837,Calvin Ridley,TEN,2024,17,0.206185567,1009,4,64,1,6,6,7,6,C.Ridley,WR,199.2,TEN,16,0.2360234445,,1,7,7,7,,C.Ridley,6,6
00-0034844,Saquon Barkley,PHI,2024,16,0.09555555556,278,2,33,4,7,5,3,1,S.Barkley,RB,455.7,PHI,16,0.09858507902,,5,8,4,3,,S.Barkley,5,8
00-0034860,Dante Pettis,NO,2024,8,0.1043165468,122,1,12,8,6,6,6,4,D.Pettis,WR,32,NO,16,0.1317757009,,7,7,7,8,,D.Pettis,NA,5
00-0034960,Jakobi Meyers,LV,2024,15,0.218487395,1029,4,87,2,6,6,8,8,J.Meyers,WR,218,LV,16,0.2355464379,,2,7,6,7,,J.Meyers,6,3
00-0034975,Justice Hill,BAL,2024,15,0.1135857461,383,3,42,5,5,1,1,1,J.Hill,RB,147.3,BAL,16,0.1355932203,,6,6,1,1,,J.Hill,5,8
00-0035208,Olamide Zaccheaus,WAS,2024,17,0.1111111111,506,3,45,4,6,3,2,1,O.Zaccheaus,WR,127.9,CHI,16,0.1560996939,,6,7,5,6,,O.Zaccheaus,3,2
00-0035229,T.J. Hockenson,MIN,2024,10,0.161038961,455,0,41,3,6,2,3,7,T.Hockenson,TE,103.9,MIN,16,0.174452253,,3,7,3,5,,T.Hockenson,8,4
00-0035249,Josh Oliver,MIN,2024,15,0.05353728489,258,3,22,6,5,2,3,7,J.Oliver,TE,67.3,MIN,16,0.09879032258,,7,6,3,5,,J.Oliver,NA,4
00-0035406,Lil'Jordan Humphrey,DEN,2024,17,0.07575757576,293,1,31,6,6,4,4,5,L.Humphrey,WR,64.3,NYG,16,0.1277258567,,4,7,8,7,,L.Humphrey,8,5
00-0035500,Greg Dortch,ARI,2024,17,0.08741258741,342,3,37,5,4,5,4,3,G.Dortch,WR,90.3,ARI,16,0.1192226891,,4,5,5,3,,G.Dortch,8,6
00-0035535,Darius Slayton,NYG,2024,16,0.1196013289,573,2,39,3,6,8,8,5,D.Slayton,WR,110,NYG,16,0.1632302405,,3,7,8,7,,D.Slayton,7,2
00-0035640,D.K. Metcalf,SEA,2024,15,0.1889081456,992,5,66,2,6,4,6,5,D.Metcalf,WR,191.2,PIT,16,0.2070874862,,1,7,6,8,,D.Metcalf,7,7
00-0035644,Noah Fant,SEA,2024,14,0.1196261682,500,1,48,3,6,4,6,5,N.Fant,TE,104,SEA,16,0.132780083,,3,7,5,4,,N.Fant,8,2
00-0035659,Terry McLaurin,WAS,2024,17,0.2048611111,1096,13,82,1,6,3,2,1,T.McLaurin,WR,322.5,WAS,16,0.2266634753,,1,7,2,2,,T.McLaurin,1,6
00-0035662,M.Brown,KC,2024,2,0.18555008,91,4,6,4,3,0,9,4,0,0,18.1,KC,16,0.18555008,,4,7,2,1,,M.Brown,7,3
00-0035676,A.J. Brown,PHI,2024,13,0.284457478,1079,7,67,1,6,5,3,1,A.Brown,WR,257.2,PHI,16,0.3119911177,,1,7,4,3,,A.Brown,1,8
00-0035685,David Montgomery,DET,2024,14,0.07966457023,341,0,36,6,6,1,1,1,D.Montgomery,RB,225.32,DET,16,0.08357889097,,7,7,2,2,,D.Montgomery,3,5
00-0035689,Dawson Knox,BUF,2024,16,0.06573705179,311,1,22,7,6,2,1,2,D.Knox,TE,67.6,BUF,16,0.08975521306,,6,7,1,1,,D.Knox,4,8
00-0035700,Josh Jacobs,GB,2024,17,0.08514851485,342,2,36,6,6,2,4,2,J.Jacobs,RB,314.2,GB,16,0.08842083842,,6,7,1,3,,J.Jacobs,8,8
00-0035719,Deebo Samuel,SF,2024,15,0.1656441718,670,3,51,4,6,2,2,3,D.Samuel,WR,155.6,WAS,16,0.197435277,,2,7,2,2,,D.Samuel,8,6
00-0036040,Juwan Johnson,NO,2024,17,0.1150592217,548,3,50,5,5,6,6,4,J.Johnson,TE,122.8,NO,16,0.1452427184,,5,6,7,8,,J.Johnson,6,5
00-0036182,Nick Westbrook-Ikhine,TEN,2024,17,0.1030927835,497,10,32,4,5,6,7,6,N.Westbrook-Ikhine,WR,135.7,MIA,16,0.1514434453,,5,6,4,4,,N.Westbrook-Ikhine,7,3
00-0036223,Jonathan Taylor,IND,2024,14,0.07142857143,136,1,18,5,5,7,6,3,J.Taylor,RB,246.7,IND,16,0.07194311909,,6,6,8,8,,J.Taylor,NA,7
00-0036244,Colby Parkinson,LA,2024,17,0.08277027027,294,1,30,5,5,3,7,4,C.Parkinson,TE,77.6,LA,16,0.1718494272,,6,6,4,4,,C.Parkinson,8,4
00-0036251,Zack Moss,CIN,2024,8,0.09540636042,187,1,23,5,5,1,1,8,Z.Moss,RB,81.9,CIN,16,0.1026563365,,6,6,1,1,,Z.Moss,NA,1
00-0036252,Michael Pittman Jr.,IND,2024,16,0.2213438735,808,3,69,2,5,7,6,3,M.Pittman,WR,165.8,IND,16,0.2284953395,,2,6,8,8,,M.Pittman,8,7
00-0036259,Jauan Jennings,SF,2024,15,0.2246520875,975,6,77,1,4,2,2,3,J.Jennings,WR,210.5,SF,16,0.2470376095,,1,5,2,2,,J.Jennings,3,7
00-0036261,Brandon Aiyuk,SF,2024,7,0.2034632035,369,0,25,3,5,2,2,3,B.Aiyuk,WR,62.4,SF,16,0.2357052097,,3,6,2,2,,B.Aiyuk,5,7
00-0036275,D'Andre Swift,CHI,2024,17,0.0828125,388,0,42,5,5,8,8,6,D.Swift,RB,214.5,CHI,16,0.08606092345,,7,6,5,6,,D.Swift,8,2
00-0036290,Cole Kmet,CHI,2024,17,0.0921875,476,4,47,4,5,8,8,6,C.Kmet,TE,120.4,CHI,16,0.1426868045,,5,6,5,6,,C.Kmet,2,2
00-0036309,Darnell Mooney,ATL,2024,16,0.1927272727,992,6,64,2,5,3,7,2,D.Mooney,WR,193.2,ATL,16,0.2135442412,,2,6,3,5,,D.Mooney,3,4
00-0036322,Justin Jefferson,MIN,2024,17,0.2579564489,1533,10,103,1,5,2,3,7,J.Jefferson,WR,328.28,MIN,16,0.2713387242,,1,6,3,5,,J.Jefferson,3,4
00-0036358,CeeDee Lamb,DAL,2024,15,0.2528735632,1196,6,101,1,5,5,7,8,C.Lamb,WR,263.4,DAL,16,0.2692307692,,1,6,5,5,,C.Lamb,8,1
00-0036407,Jerry Jeudy,CLE,2024,17,0.2016348774,1233,4,90,1,5,8,7,7,J.Jeudy,WR,240.9,CLE,16,0.2373389272,,1,6,8,8,,J.Jeudy,5,5
00-0036410,Tee Higgins,CIN,2024,12,0.2235772358,911,10,73,2,5,1,1,8,T.Higgins,WR,222.1,CIN,16,0.2419072616,,2,6,1,1,,T.Higgins,2,1
00-0036415,Van Jefferson,PIT,2024,17,0.0731261426,276,2,24,6,5,6,7,4,V.Jefferson,WR,75.3,TEN,16,0.100619195,,6,6,7,7,,V.Jefferson,8,6
00-0036427,Tyler Johnson,LA,2024,15,0.07578558226,291,1,26,6,4,3,7,4,T.Johnson,WR,61.1,NYJ,16,0.1350342253,,7,5,3,2,,T.Johnson,8,3
00-0036429,Charlie Woerner,ATL,2024,16,0.02162162162,46,0,7,8,5,3,7,2,C.Woerner,TE,11.6,ATL,16,0.06162464986,,6,6,3,5,,C.Woerner,NA,4
00-0036550,Rashod Bateman,BAL,2024,17,0.1445783133,756,9,45,2,4,1,1,1,R.Bateman,WR,201.6,BAL,16,0.1724593049,,2,5,1,1,,R.Bateman,1,8
00-0036554,Nico Collins,HOU,2024,12,0.2204899777,1006,7,68,1,4,7,8,6,N.Collins,WR,248.9,HOU,16,0.2471762543,,1,5,6,5,,N.Collins,3,3
00-0036613,Jaylen Waddle,MIA,2024,15,0.1486013986,771,2,58,3,4,4,5,7,J.Waddle,WR,149.6,MIA,16,0.1801522413,,2,5,4,4,,J.Waddle,2,3
00-0036626,Dyami Brown,WAS,2024,16,0.07476635514,308,1,30,6,4,3,2,1,D.Brown,WR,108.3,JAX,16,0.0977393617,,5,5,6,6,,D.Brown,8,5
00-0036637,Noah Gray,KC,2024,17,0.07644305772,437,5,40,5,4,3,3,4,N.Gray,TE,118.8,KC,16,0.1007792208,,5,5,2,1,,N.Gray,2,3
00-0036849,Tutu Atwell,LA,2024,17,0.1047297297,562,0,42,4,3,3,7,4,T.Atwell,WR,101.7,LA,16,0.1694768699,,3,4,4,4,,T.Atwell,5,4
00-0036893,Najee Harris,PIT,2024,17,0.08775137112,283,0,36,5,4,6,7,4,N.Harris,RB,213.4,LAC,16,0.09267092966,,7,5,8,7,,N.Harris,8,7
00-0036894,Pat Freiermuth,PIT,2024,17,0.1425959781,655,7,65,2,4,6,7,4,P.Freiermuth,TE,172.8,PIT,16,0.1745482507,,2,5,6,8,,P.Freiermuth,2,7
00-0036900,Ja'Marr Chase,CIN,2024,17,0.2496433666,1708,18,127,1,4,1,1,8,J.Chase,WR,403,CIN,16,0.2686662412,,1,5,1,1,,J.Chase,2,1
00-0036912,DeVonta Smith,PHI,2024,13,0.2432432432,833,8,68,2,4,5,3,1,D.Smith,WR,240.4,PHI,16,0.2658917544,,2,5,4,3,,D.Smith,1,8
00-0036919,Kenneth Gainwell,PHI,2024,17,0.04462474645,116,0,16,10,4,5,3,1,K.Gainwell,RB,72.4,PHI,16,0.05769899201,,7,5,4,3,,K.Gainwell,NA,8
00-0036963,Amon-Ra St. Brown,DET,2024,17,0.2422680412,1354,14,115,1,4,1,1,1,A.St. Brown,WR,337.88,DET,16,0.2651474046,,1,5,2,2,,A.St. Brown,1,5
00-0036970,Kyle Pitts,ATL,2024,17,0.1256366723,602,4,47,4,4,3,7,2,K.Pitts,TE,131.2,ATL,16,0.1431166001,,4,5,3,5,,K.Pitts,8,4
00-0036973,Travis Etienne,JAX,2024,15,0.09811320755,254,0,39,6,3,7,7,7,T.Etienne,RB,130.2,JAX,16,0.1035535813,,6,4,6,6,,T.Etienne,8,5
00-0036980,Elijah Moore,CLE,2024,17,0.1389645777,538,3,61,3,4,8,7,7,E.Moore,WR,120.9,BUF,16,0.1696540225,,7,5,1,1,,E.Moore,8,8
00-0036988,Josh Palmer,LAC,2024,15,0.1361788618,579,1,39,3,4,5,5,5,J.Palmer,WR,107.4,BUF,16,0.1578037181,,4,5,1,1,,J.Palmer,3,8
00-0036997,Javonte Williams,DEN,2024,17,0.1178451178,346,0,52,3,4,4,4,5,J.Williams,RB,164.2,DAL,16,0.1304050356,,5,5,2,2,,J.Williams,8,1
00-0037005,Tommy Tremble,CAR,2024,12,0.07305936073,234,2,23,8,4,7,8,3,T.Tremble,TE,56.4,CAR,16,0.1090909091,,7,5,7,6,,T.Tremble,NA,5
00-0037086,Grant Calcaterra,PHI,2024,17,0.06085192698,298,1,24,5,3,5,3,1,G.Calcaterra,TE,61.2,PHI,16,0.1064814815,,4,4,4,3,,G.Calcaterra,NA,8
00-0037091,Bo Melton,GB,2024,17,0.03366336634,91,0,8,9,2,2,4,2,B.Melton,WR,25.1,GB,16,0.05748502994,,7,3,1,3,,B.Melton,NA,8
00-0037228,Jaylen Warren,PIT,2024,15,0.09812108559,310,0,38,4,3,6,7,4,J.Warren,RB,130.6,PIT,16,0.1076838839,,6,4,6,8,,J.Warren,8,7
00-0037238,Drake London,ATL,2024,17,0.2699490662,1271,9,100,1,3,3,7,2,D.London,WR,280.8,ATL,16,0.3039427716,,1,4,3,5,,D.London,6,4
00-0037239,Chris Olave,NO,2024,8,0.1641791045,400,3,32,2,3,6,6,4,C.Olave,WR,76.7,NO,16,0.2503160556,,1,4,7,8,,C.Olave,8,5
00-0037240,Jameson Williams,DET,2024,15,0.1697761194,951,6,58,2,3,1,1,1,J.Williams,WR,225.2,DET,16,0.1924740484,,2,4,2,2,,J.Williams,2,5
00-0037247,George Pickens,PIT,2024,14,0.2234273319,896,4,59,1,3,6,7,4,G.Pickens,WR,184.1,DAL,16,0.2352108689,,2,4,6,8,,G.Pickens,5,1
00-0037248,James Cook,BUF,2024,16,0.07495069034,258,2,32,8,3,2,1,2,J.Cook,RB,324.3,BUF,16,0.08182402,,8,4,1,1,,J.Cook,4,8
00-0037256,Rachaad White,TB,2024,16,0.09913043478,393,6,51,6,3,1,2,2,R.White,RB,203.1,TB,16,0.111649813,,7,4,3,2,,R.White,7,3
00-0037261,Khalil Shakir,BUF,2024,15,0.2123142251,821,4,76,1,3,2,1,2,K.Shakir,WR,217.9,BUF,16,0.2302867384,,1,4,1,1,,K.Shakir,2,8
00-0037263,Tyler Allgeier,ATL,2024,17,0.0220713073,88,0,13,6,3,3,7,2,T.Allgeier,RB,106.2,ATL,16,0.02443247403,,7,4,3,5,,T.Allgeier,NA,4
00-0037267,Jerome Ford,CLE,2024,14,0.07202680067,225,0,37,6,2,8,7,7,J.Ford,RB,134,CLE,16,0.09098014694,,6,3,8,8,,J.Ford,8,5
00-0037291,Jalen Nailor,MIN,2024,17,0.07035175879,414,6,28,5,3,2,3,7,J.Nailor,WR,111.3,MIN,16,0.0976070529,,6,4,3,5,,J.Nailor,1,4
00-0037545,Rashid Shaheed,NO,2024,6,0.2192513369,349,3,20,1,3,6,6,4,R.Shaheed,WR,81.8,NO,16,0.231865285,,2,4,7,8,,R.Shaheed,8,5
00-0037614,John Metchie,HOU,2024,13,0.08061002179,254,1,24,6,2,7,8,6,J.Metchie,WR,65.7,HOU,16,0.1327769347,,7,3,6,5,,J.Metchie,8,3
00-0037664,Alec Pierce,IND,2024,16,0.1294559099,824,7,37,3,3,7,6,3,A.Pierce,WR,161.4,IND,16,0.1529612271,,3,4,8,8,,A.Pierce,1,7
00-0037666,Jalen Tolbert,DAL,2024,17,0.117037037,610,7,49,3,3,5,7,8,J.Tolbert,WR,152,DAL,16,0.1344410876,,4,4,5,5,,J.Tolbert,4,1
00-0037740,Garrett Wilson,NYJ,2024,17,0.2358346095,1106,9,101,2,3,4,6,8,G.Wilson,WR,251.9,NYJ,16,0.2616418627,,1,4,8,7,,G.Wilson,8,3
00-0037741,Jahan Dotson,PHI,2024,17,0.06693711968,216,0,19,6,3,5,3,1,J.Dotson,WR,56.2,PHI,16,0.1477079796,,6,4,4,3,,J.Dotson,8,8
00-0037744,Trey McBride,ARI,2024,16,0.2692307692,1146,2,111,1,3,5,4,3,T.McBride,TE,243.8,ARI,16,0.2893718917,,1,4,5,3,,T.McBride,4,6
00-0037809,Chigoziem Okonkwo,TEN,2024,17,0.1219931271,485,3,52,2,3,6,7,6,C.Okonkwo,TE,113.6,TEN,16,0.1792782305,,4,4,7,7,,C.Okonkwo,8,6
00-0037816,Romeo Doubs,GB,2024,13,0.1829573935,603,4,46,1,3,2,4,2,R.Doubs,WR,135.4,GB,16,0.211102107,,2,4,1,3,,R.Doubs,3,8
00-0037837,Calvin Austin,PIT,2024,17,0.1060329068,548,4,36,3,2,6,7,4,C.Austin,WR,124.3,PIT,16,0.1291016676,,4,3,6,8,,C.Austin,3,7
00-0037838,Isaiah Likely,BAL,2024,16,0.1247311828,477,6,42,4,3,1,1,1,I.Likely,TE,149.3,BAL,16,0.1732124874,,4,4,1,1,,I.Likely,2,8
00-0037840,Kyren Williams,LA,2024,16,0.0731261426,182,2,34,8,3,3,7,4,K.Williams,RB,299.8,LA,16,0.077303445,,7,4,4,4,,K.Williams,8,4
00-0038041,Jake Ferguson,DAL,2024,14,0.153024911,494,0,59,2,3,5,7,8,J.Ferguson,TE,104.4,DAL,16,0.1777777778,,3,4,5,5,,J.Ferguson,8,1
00-0038046,Charlie Kolar,BAL,2024,13,0.02827763496,131,1,9,8,3,1,1,1,C.Kolar,TE,28.3,BAL,16,0.0675990676,,7,4,1,1,,C.Kolar,NA,8
00-0038115,Daniel Bellinger,NYG,2024,17,0.0265625,125,0,14,8,3,8,8,5,D.Bellinger,TE,26.5,NYG,16,0.09236947791,,5,4,8,7,,D.Bellinger,NA,2
00-0038117,Wan'Dale Robinson,NYG,2024,17,0.21875,699,5,93,2,3,8,8,5,W.Robinson,WR,182.7,NYG,16,0.2433636202,,2,4,8,7,,W.Robinson,8,2
00-0038120,Breece Hall,NYJ,2024,16,0.124386252,483,3,57,4,3,4,6,8,B.Hall,RB,240.9,NYJ,16,0.1373255706,,3,4,8,7,,B.Hall,8,3
00-0038129,Cade Otton,TB,2024,14,0.1743486974,600,4,59,3,3,1,2,2,C.Otton,TE,145.8,TB,16,0.1981796829,,4,4,3,2,,C.Otton,8,3
00-0038134,Kenneth Walker III,SEA,2024,11,0.1207289294,299,1,46,4,3,4,6,5,K.Walker,RB,181.2,SEA,16,0.1178402043,,6,4,5,4,,K.Walker,8,2
00-0038393,Dontayvion Wicks,GB,2024,17,0.1504950495,415,5,39,4,2,2,4,2,D.Wicks,WR,116.4,GB,16,0.1863207547,,4,3,1,3,,D.Wicks,8,8
00-0038542,Bijan Robinson,ATL,2024,17,0.1222410866,431,1,61,5,2,3,7,2,B.Robinson,RB,341.7,ATL,16,0.1254505023,,5,3,3,5,,B.Robinson,8,4
00-0038543,Jaxon Smith-Njigba,SEA,2024,17,0.212962963,1178,7,100,1,2,4,6,5,J.Smith-Njigba,WR,253,SEA,16,0.2410423453,,1,3,5,4,,J.Smith-Njigba,4,2
00-0038544,Quentin Johnston,LAC,2024,15,0.190376569,724,8,55,2,2,5,5,5,Q.Johnston,WR,174.7,LAC,16,0.219466248,,3,3,4,4,,Q.Johnston,3,7
00-0038547,Luke Schoonmaker,DAL,2024,17,0.05333333333,241,1,27,7,2,5,7,8,L.Schoonmaker,TE,57.1,DAL,16,0.1259168704,,6,3,5,5,,L.Schoonmaker,6,1
00-0038558,Darnell Washington,PIT,2024,17,0.04570383912,200,1,19,7,2,6,7,4,D.Washington,TE,46.9,PIT,16,0.078125,,7,3,6,6,,D.Washington,NA,7
00-0038559,Michael Wilson,ARI,2024,16,0.1322160149,548,5,47,3,2,5,4,3,M.Wilson,WR,124.5,ARI,16,0.1553816047,,3,3,5,3,,Mi.Wilson,8,6
00-0038563,Tre Tucker,LV,2024,17,0.1185944363,539,3,47,3,2,6,8,8,T.Tucker,WR,129.3,LV,16,0.1418112798,,4,3,6,7,,T.Tucker,8,3
00-0038597,Chase Brown,CIN,2024,16,0.09984639017,360,4,54,4,2,1,1,8,C.Brown,RB,255,CIN,16,0.1101606843,,5,3,1,1,,C.Brown,8,1
00-0038606,Parker Washington,JAX,2024,17,0.09075342466,392,3,32,7,2,7,7,7,P.Washington,WR,97,JAX,16,0.1714975845,,3,3,6,6,,P.Washington,6,5
00-0038608,Kayshon Boutte,NE,2024,15,0.1306818182,592,3,43,3,2,8,8,6,K.Boutte,WR,121.9,NE,16,0.1573920266,,6,3,7,6,,K.Boutte,5,6
00-0038619,Andrei Iosivas,CIN,2024,17,0.08701854494,479,6,36,6,2,1,1,8,A.Iosivas,WR,119.9,CIN,16,0.09988340459,,4,3,1,1,,A.Iosivas,3,1
00-0038621,Demario Douglas,NE,2024,17,0.1492281304,622,3,66,2,2,8,8,6,D.Douglas,WR,147.7,NE,16,0.1800185586,,3,3,7,6,,D.Douglas,6,6
00-0038705,Emari Demercado,ARI,2024,13,0.04784688995,104,0,16,6,2,5,4,3,E.Demercado,RB,54.7,ARI,16,0.08974358974,,7,3,5,3,,E.Demercado,NA,6
00-0038933,Dalton Kincaid,BUF,2024,13,0.1842751843,448,2,44,3,2,2,1,2,D.Kincaid,TE,113.9,BUF,16,0.2002446982,,3,3,1,1,,D.Kincaid,7,8
00-0038935,Brenton Strange,JAX,2024,17,0.09075342466,411,2,40,5,2,7,7,7,B.Strange,TE,91.1,JAX,16,0.1478093404,,4,3,6,6,,B.Strange,4,5
00-0038938,Jalin Hyatt,NYG,2024,16,0.03182579564,62,0,8,9,2,8,8,5,J.Hyatt,WR,14.2,NYG,16,0.062579821,,7,3,8,7,,J.Hyatt,NA,2
00-0038976,Marvin Mims,DEN,2024,17,0.08922558923,501,6,39,4,2,4,4,5,M.Mims,WR,132.8,DEN,16,0.1207044674,,4,3,3,3,,M.Mims,3,4
00-0038979,Cedric Tillman,CLE,2024,11,0.1094420601,341,3,29,4,2,8,7,7,C.Tillman,WR,80.4,CLE,16,0.189178515,,3,3,8,8,,C.Tillman,8,5
00-0038994,Jordan Addison,MIN,2024,15,0.1865671642,875,9,63,2,2,2,3,7,J.Addison,WR,218.4,MIN,16,0.2034078807,,2,3,3,5,,J.Addison,4,4
00-0038996,Tucker Kraft,GB,2024,17,0.1405940594,709,7,50,3,2,2,4,2,T.Kraft,TE,171.9,GB,16,0.1611587107,,5,3,1,3,,T.Kraft,2,8
00-0038997,Josh Downs,IND,2024,14,0.2296137339,803,6,72,1,2,7,6,3,J.Downs,WR,182.2,IND,16,0.2449716349,,1,3,8,8,,J.Downs,6,7
00-0039021,Roschon Johnson,CHI,2024,13,0.03696857671,104,0,16,6,2,8,8,6,R.Johnson,RB,77.4,CHI,16,0.05611361275,,8,3,5,6,,R.Johnson,NA,2
00-0039032,Tyjae Spears,TEN,2024,12,0.08641975309,224,1,30,6,2,6,7,6,T.Spears,RB,113.6,TEN,16,0.1022814663,,7,3,7,7,,T.Spears,NA,6
00-0039040,De'Von Achane,MIA,2024,17,0.137007874,569,6,78,4,2,4,5,7,D.Achane,RB,299.9,MIA,16,0.1496586254,,3,3,4,4,,D.Achane,5,3
00-0039062,Jonathan Mingo,DAL,2024,8,0.05423728814,46,0,5,9,2,5,7,8,J.Mingo,WR,32.2,DAL,16,0.1093155894,,8,3,5,5,,J.Mingo,NA,1
00-0039064,Zay Flowers,BAL,2024,17,0.234939759,1059,4,74,1,2,1,1,1,Z.Flowers,WR,209.5,BAL,16,0.2599901332,,1,3,1,1,,Z.Flowers,4,8
00-0039065,Sam LaPorta,DET,2024,16,0.1511839709,726,7,60,3,2,1,1,1,S.LaPorta,TE,191.7,DET,16,0.1705249429,,3,3,2,2,,S.LaPorta,4,5
00-0039066,Michael Mayer,LV,2024,11,0.06986899563,156,0,21,6,2,6,8,8,M.Mayer,TE,36.6,LV,16,0.1083969466,,5,3,6,7,,M.Mayer,NA,3
00-0039067,Rashee Rice,KC,2024,4,0.2248062016,288,2,24,1,2,3,3,4,R.Rice,WR,64.9,KC,16,0.3180894,,1,3,2,1,,R.Rice,3,3
00-0039075,Puka Nacua,LA,2024,11,0.280839895,990,3,79,1,2,3,7,4,P.Nacua,WR,232.4,LA,16,0.3234053115,,1,3,4,4,,P.Nacua,2,4
00-0039139,Jahmyr Gibbs,DET,2024,17,0.1082474227,476,3,52,4,2,1,1,1,J.Gibbs,RB,390.4,DET,16,0.1132798249,,4,3,2,2,,J.Gibbs,6,5
00-0039146,Jayden Reed,GB,2024,17,0.1504950495,857,6,55,2,2,2,4,2,J.Reed,WR,205.6,GB,16,0.1633597884,,2,3,1,3,,J.Reed,1,8
00-0039165,Zach Charbonnet,SEA,2024,17,0.08024691358,292,1,42,6,2,4,6,5,Z.Charbonnet,RB,183.7,SEA,16,0.1013274336,,7,3,5,4,,Z.Charbonnet,8,2
00-0039337,Malik Nabers,NYG,2024,15,0.3060498221,1206,8,109,1,1,8,8,5,M.Nabers,WR,273.6,NYG,16,0.3242921013,,1,2,8,7,,M.Nabers,5,2
00-0039338,Brock Bowers,LV,2024,17,0.224011713,1194,6,112,1,1,6,8,8,B.Bowers,TE,262.7,LV,16,0.2526315789,,1,2,6,7,,B.Bowers,7,3
00-0039342,Xavier Legette,CAR,2024,16,0.1528776978,497,4,49,2,1,7,8,3,X.Legette,WR,125.1,CAR,16,0.1863164325,,3,2,7,6,,X.Legette,8,5
00-0039355,Luke McCaffrey,WAS,2024,17,0.04340277778,168,0,18,10,1,3,2,1,L.McCaffrey,WR,34.8,WAS,16,0.07765830346,,7,2,2,2,,L.McCaffrey,NA,6
00-0039356,Ja'Tavion Sanders,CAR,2024,16,0.07992565056,342,1,33,5,1,7,8,3,J.Sanders,TE,73.2,CAR,16,0.1322489392,,5,2,7,6,,J.Sanders,5,5
00-0039361,Bucky Irving,TB,2024,17,0.08646003263,392,0,47,7,1,1,2,2,B.Irving,RB,260.7,TB,16,0.09462161878,,6,2,3,2,,B.Irving,5,3
00-0039363,Isaac Guerendo,SF,2024,15,0.03059273423,152,0,15,8,1,2,2,3,I.Guerendo,RB,96.2,SF,16,0.07718966604,,7,2,2,2,,I.Guerendo,NA,7
00-0039384,Tyrone Tracy,NYG,2024,17,0.084375,284,1,38,5,1,8,8,5,T.Tracy,RB,182.3,NYG,16,0.09751942936,,6,2,8,7,,T.Tracy,8,2
00-0039424,Devaughn Vele,DEN,2024,13,0.1177730193,475,3,41,2,1,4,4,5,D.Vele,WR,106.5,DEN,16,0.143902439,,3,2,3,3,,D.Vele,1,4
00-0039491,Jalen Coker,CAR,2024,11,0.1267217631,478,2,32,3,1,7,8,3,J.Coker,WR,92.56,CAR,16,0.1641497045,,4,2,7,6,,J.Coker,1,5
00-0039751,Jordan Whittington,LA,2024,14,0.05447470817,293,0,22,7,1,3,7,4,J.Whittington,WR,54.7,LA,16,0.1687552214,,5,2,4,4,,J.Whittington,NA,4
00-0039814,Erick All,CIN,2024,9,0.06811145511,158,0,20,7,1,1,1,8,E.All,TE,35.8,CIN,16,0.08663366337,,7,2,1,1,,E.All,NA,1
00-0039849,Marvin Harrison Jr.,ARI,2024,17,0.2027972028,885,8,62,2,1,5,4,3,M.Harrison,WR,196.5,ARI,16,0.2202599951,,2,2,5,3,,M.Harrison,6,6
00-0039855,Jalen McMillan,TB,2024,13,0.1221052632,461,8,37,4,1,1,2,2,J.McMillan,WR,141.5,TB,16,0.1504571904,,5,2,3,2,,J.McMillan,7,3
00-0039868,Troy Franklin,DEN,2024,16,0.09636363636,263,2,28,5,1,4,4,5,T.Franklin,WR,80.5,DEN,16,0.1125862985,,5,2,3,3,,T.Franklin,8,4
00-0039880,Malik Washington,MIA,2024,14,0.06976744186,223,0,26,5,1,4,5,7,M.Washington,WR,56.8,MIA,16,0.1007653061,,4,2,4,4,,M.Washington,7,3
00-0039890,Adonai Mitchell,IND,2024,17,0.1009174312,312,0,23,4,1,7,6,3,A.Mitchell,WR,53.76,IND,16,0.1182432432,,5,2,8,8,,A.Mitchell,8,7
00-0039893,Brian Thomas,JAX,2024,17,0.2311643836,1286,10,87,1,1,7,7,7,B.Thomas,WR,284,JAX,16,0.2587606415,,1,2,6,6,,B.Thomas,3,5
00-0039894,Xavier Worthy,KC,2024,17,0.1544461778,638,6,59,3,1,3,3,4,X.Worthy,WR,253.7,KC,16,0.184794314,,3,2,2,1,,X.Worthy,7,3
00-0039901,Keon Coleman,BUF,2024,13,0.145,558,4,29,2,1,2,1,2,K.Coleman,WR,118.7,BUF,16,0.192887931,,2,2,1,1,,K.Coleman,2,8
00-0039915,Ladd McConkey,LAC,2024,16,0.216890595,1157,7,82,1,1,5,5,5,L.McConkey,WR,275.6,LAC,16,0.22890625,,1,2,4,4,,L.McConkey,1,7
00-0039916,Ricky Pearsall,SF,2024,11,0.1284153005,400,3,31,6,1,2,2,3,R.Pearsall,WR,93.5,SF,16,0.1687965921,,5,2,2,2,,R.Pearsall,8,7
00-0039919,Rome Odunze,CHI,2024,17,0.1578125,734,3,54,3,1,8,8,6,R.Odunze,WR,144.9,CHI,16,0.1748451644,,2,2,5,6,,R.Odunze,8,2
,T.McMillan,CAR,2024,16,,,,,2,1,7,8,3,T.McMillan,WR,,CAR,16,,,1,1,7,6,,,3,5
,J.Horn Jr.,CAR,2024,16,,,,,6,1,7,8,3,J.Horn Jr.,WR,,CAR,16,,,8,1,7,6,,,5,5
,L.Burden III,CHI,2024,16,,,,,3,1,8,8,6,L.Burden III,WR,,CHI,16,,,3,1,5,6,,,4,2
,C.Loveland,CHI,2024,16,,,,,4,1,8,8,6,C.Loveland,TE,,CHI,16,,,4,1,5,6,,,6,2
,H.Fannin Jr.,CLE,2024,16,,,,,4,1,8,7,7,H.Fannin Jr.,TE,,CLE,16,,,4,1,8,8,,,6,5
,Q. Judkins,CLE,2024,16,,,,,6,1,8,7,7,Q. Judkins,RB,,CLE,16,,,5,1,8,8,,,6,5
,R.Harvey,DEN,2024,16,,,,,7,1,4,4,5,R.Harvey,RB,,DEN,16,,,6,1,3,3,,,6,4
,I.TeSlaa,DET,2024,16,,,,,5,1,1,1,1,I.TeSlaa,WR,,DET,16,,,5,1,2,2,,,6,5
,M.Golden,GB,2024,16,,,,,3,1,2,4,2,M.Golden,WR,,GB,16,,,2,1,1,3,,,5,8
,J.Higgins,HOU,2024,16,,,,,3,1,7,8,6,J.Higgins,WR,,HOU,16,,,2,1,6,5,,,3,3
,J.Noel,HOU,2024,16,,,,,5,1,7,8,6,J.Noel,WR,,HOU,16,,,4,1,6,5,,,7,3
,T.Warren,IND,2024,16,,,,,4,1,7,6,3,T.Warren,TE,,IND,16,,,4,1,8,8,,,4,7
,T.Hunter,JAX,2024,16,,,,,2,1,7,7,7,T.Hunter,WR,,JAX,16,,,2,1,6,6,,,3,5
,J.Royals,KC,2024,16,,,,,6,1,3,3,4,J.Royals,WR,,KC,16,,,6,1,2,1,,,6,3
,T.Ferguson,LA,2024,16,,,,,5,1,3,7,4,T.Ferguson,TE,,LA,16,,,4,1,4,4,,,8,4
,T.Harris,LAC,2024,16,,,,,3,1,5,5,5,T.Harris,WR,,LAC,16,,,2,1,4,4,,,5,7
,K.Lambert-Smith,LAC,2024,16,,,,,6,1,5,5,5,K.Lambert-Smith,WR,,LAC,16,,,8,1,8,7,,,8,7
,J.Bech,LV,2024,16,,,,,3,1,6,8,8,J.Bech,WR,,LV,16,,,3,1,6,7,,,4,3
,A.Jeanty,LV,2024,16,,,,,7,1,6,8,8,A.Jeanty,RB,,LV,16,,,7,1,6,7,,,6,3
,T.Felton,MIN,2024,16,,,,,4,1,2,3,7,T.Felton,WR,,MIN,16,,,4,1,3,5,,,8,4
,K.Williams,NE,2024,16,,,,,4,1,8,8,6,K.Williams,WR,,NE,16,,,4,1,7,6,,,4,6
,J.Mason,NYJ,2024,16,,,,,6,1,4,6,8,J.Mason,WR,,NYJ,16,,,5,1,8,7,,,6,3
,A.Smith,NYJ,2024,16,,,,,7,1,4,6,8,A.Smith,WR,,NYJ,16,,,6,1,8,7,,,8,3
,R.Wilson,PIT,2024,16,,,,,5,1,6,7,4,R.Wilson,WR,,PIT,16,,,5,1,6,8,,,7,7
,T.Horton,SEA,2024,16,,,,,4,1,4,6,5,T.Horton,WR,,SEA,16,,,5,1,5,4,,,6,2
,E.Egbuka,TB,2024,16,,,,,3,1,1,2,2,E.Egbuka,WR,,TB,16,,,3,1,3,2,,,4,3
,E.Ayomanor,TEN,2024,16,,,,,3,1,6,7,6,E.Ayomanor,WR,,TEN,16,,,3,1,7,7,,,5,6
,J.Lane,WAS,2024,16,,,,,5,1,3,2,1,J.Lane,WR,,WAS,16,,,5,1,2,2,,,7,6
,D.Lovett,,2024,16,,,,,7,1,1,1,1,D.Lovett,WR,,,,16,,,8,1,2,2,,,