"player_id","player_name","position","team","week","completions","attempts","passing_yards","passing_tds","interceptions","carries","rushing_yards","rushing_tds","receptions","targets","receiving_yards","receiving_tds","fantasy_points_ppr"
"00-0023459","A.Rodgers","QB","NYJ",18,23,36,274,4,1,0,0,0,0,0,0,0,24.96
"00-0024243","M.Lewis","TE","CHI",6,0,0,0,0,0,0,0,0,1,1,2,0,1.2
"00-0026158","J.Flacco","QB","IND",18,23,40,264,1,0,0,0,0,0,0,0,0,14.56
"00-0026300","J.Johnson","QB","BAL",17,1,2,16,0,0,0,0,0,0,0,0,0,0.64
"00-0026498","M.Stafford","QB","LA",17,17,32,189,0,0,6,16,0,0,0,0,0,9.16
"00-0027973","A.Dalton","QB","CAR",7,11,16,93,0,2,2,3,0,0,0,0,0,0.0200000000000002
"00-0028118","T.Taylor","QB","NYJ",17,11,14,83,2,0,2,6,0,0,0,0,0,13.92
"00-0029263","R.Wilson","QB","PIT",18,17,31,148,1,0,4,16,0,0,0,0,0,11.52
"00-0029604","K.Cousins","QB","ATL",15,11,17,112,1,1,3,0,0,0,0,0,0,6.48
"00-0030035","A.Thielen","WR","CAR",18,0,0,0,0,0,0,0,0,5,6,44,0,9.4
"00-0030061","Z.Ertz","TE","WAS",18,0,0,0,0,0,0,0,0,5,5,44,1,15.4
"00-0030279","K.Allen","WR","CHI",18,0,1,0,0,1,0,0,0,3,3,25,0,3.5
"00-0030431","R.Woods","WR","HOU",18,0,0,0,0,0,0,0,0,2,3,39,0,3.9
"00-0030506","T.Kelce","TE","KC",17,0,0,0,0,0,0,0,0,8,11,84,1,22.4
"00-0030564","D.Hopkins","WR","KC",17,0,0,0,0,0,0,0,0,2,4,7,0,2.7
"00-0030565","G.Smith","QB","SEA",18,20,27,223,4,0,2,14,0,0,0,0,0,26.32
"00-0030578","C.Patterson","RB","PIT",18,0,0,0,0,0,1,1,0,0,0,0,0,0.1
"00-0031235","O.Beckham","WR","MIA",14,0,0,0,0,0,0,0,0,1,1,1,0,1.1
"00-0031236","B.Cooks","WR","DAL",18,0,0,0,0,0,1,-5,0,3,9,15,0,4
"00-0031280","D.Carr","QB","NO",14,20,31,219,1,1,2,12,0,0,0,0,0,11.96
"00-0031299","J.Matthews","TE","CAR",1,0,0,0,0,0,0,0,0,0,1,0,0,0
"00-0031345","J.Garoppolo","QB","LA",18,27,41,334,2,1,2,5,0,0,0,0,0,19.86
"00-0031381","D.Adams","WR","NYJ",18,0,0,0,0,0,0,0,0,6,12,88,1,20.8
"00-0031408","M.Evans","WR","TB",18,0,0,0,0,0,0,0,0,9,14,89,0,17.9
"00-0031428","A.Robinson","WR","DET",17,0,0,0,0,0,0,0,0,1,1,21,0,3.1
"00-0031484","C.Manhertz","TE","NYG",18,0,0,0,0,0,0,0,0,1,1,16,0,2.6
"00-0031503","J.Winston","QB","CLE",15,16,25,146,0,3,2,-2,0,0,0,0,0,-0.36
"00-0031544","A.Cooper","WR","BUF",17,0,0,0,0,0,0,0,0,3,3,56,1,14.6
"00-0031549","N.Agholor","WR","BAL",15,0,0,0,0,0,0,0,0,1,1,26,0,3.6
"00-0031585","M.Pruitt","TE","PIT",16,0,0,0,0,0,0,0,0,1,2,1,1,7.1
"00-0031588","S.Diggs","WR","HOU",8,0,0,0,0,0,1,-4,0,5,9,81,0,12.7
"00-0031687","R.Mostert","RB","MIA",17,0,0,0,0,0,6,3,0,2,2,16,0,3.9
"00-0031690","E.Tomlinson","TE","LAC",9,0,0,0,0,0,0,0,0,1,1,2,0,1.2
"00-0031763","D.Carter","WR","CHI",10,0,0,0,0,0,0,0,0,1,1,5,0,1.5
"00-0031800","T.Heinicke","QB","LAC",17,0,2,0,0,0,1,8,0,0,0,0,0,0.8
"00-0031941","J.Crowder","WR","WAS",17,0,0,0,0,0,0,0,0,3,5,25,0,5.5
"00-0032104","A.Abdullah","RB","LV",17,0,0,0,0,0,20,115,0,3,4,32,0,17.7
"00-0032128","C.Conley","WR","SF",18,0,0,0,0,0,0,0,0,4,4,59,0,9.9
"00-0032141","G.Swaim","TE","CLE",8,0,0,0,0,0,0,0,0,1,1,7,0,1.7
"00-0032211","T.Lockett","WR","SEA",18,0,0,0,0,0,0,0,0,2,4,28,0,4.8
"00-0032268","M.Mariota","QB","WAS",18,15,18,161,2,0,5,56,1,0,0,0,0,26.04
"00-0032385","S.Shepard","WR","TB",18,0,0,0,0,0,0,0,0,1,2,11,0,2.1
"00-0032392","A.Hooper","TE","NE",18,0,0,0,0,0,0,0,0,4,6,27,0,6.7
"00-0032394","N.Vannett","TE","TEN",18,0,0,0,0,0,0,0,0,2,2,26,0,4.6
"00-0032434","B.Allen","QB","SF",14,0,1,0,0,1,0,0,0,0,0,0,0,-2
"00-0032464","K.Raymond","WR","DET",18,0,0,0,0,0,0,0,0,1,1,11,0,2.1
"00-0032688","R.Chosen","WR","MIA",2,0,0,0,0,0,0,0,0,1,4,5,0,1.5
"00-0032764","D.Henry","RB","BAL",18,0,0,0,0,0,20,138,2,2,3,23,0,30.1
"00-0032775","D.Robinson","WR","LA",18,0,0,0,0,0,0,0,0,3,6,72,0,10.2
"00-0032950","C.Wentz","QB","KC",18,10,17,98,0,0,0,0,0,0,0,0,0,3.92
"00-0033009","T.Boyd","WR","TEN",17,0,0,0,0,0,0,0,0,2,4,14,0,3.4
"00-0033040","T.Hill","WR","MIA",18,0,0,0,0,0,0,0,0,2,3,20,0,4
"00-0033045","E.Elliott","RB","DAL",17,0,0,0,0,0,3,2,0,0,0,0,0,0.2
"00-0033077","D.Prescott","QB","DAL",9,18,24,133,1,0,3,30,0,0,0,0,0,12.32
"00-0033090","H.Henry","TE","NE",17,0,0,0,0,0,0,0,0,0,2,0,0,0
"00-0033106","J.Goff","QB","DET",18,27,33,231,1,2,0,0,0,0,0,0,0,9.24
"00-0033110","T.Higbee","TE","LA",18,0,0,0,0,0,0,0,0,5,7,46,1,15.6
"00-0033119","J.Brissett","QB","NE",17,1,2,-2,0,0,0,0,0,0,0,0,0,-0.08
"00-0033217","M.Alie-Cox","TE","IND",18,0,0,0,0,0,0,0,0,0,1,0,0,0
"00-0033246","J.Mundt","TE","MIN",17,0,0,0,0,0,0,0,0,1,1,7,0,1.7
"00-0033280","C.McCaffrey","RB","SF",13,0,0,0,0,0,7,53,0,2,3,14,0,8.7
"00-0033282","C.Samuel","WR","BUF",18,0,0,0,0,0,0,0,0,7,8,52,0,12.2
"00-0033288","G.Kittle","TE","SF",18,0,0,0,0,0,0,0,0,2,3,27,0,4.7
"00-0033292","T.Taylor","WR","SF",18,0,0,0,0,0,0,0,0,1,1,11,0,2.1
"00-0033293","A.Jones","RB","MIN",18,0,0,0,0,0,10,45,0,5,6,30,0,12.5
"00-0033307","K.Bourne","WR","NE",18,0,0,0,0,0,0,0,0,2,2,12,0,3.2
"00-0033319","N.Mullens","QB","MIN",14,0,0,0,0,0,2,-2,0,0,0,0,0,-0.2
"00-0033357","T.Hill","TE","NO",13,0,0,0,0,0,5,10,0,5,7,37,0,9.7
"00-0033375","T.Patrick","WR","DET",18,0,0,0,0,0,0,0,0,2,2,15,0,3.5
"00-0033439","P.Brown","TE","SEA",17,0,0,0,0,0,0,0,0,1,1,4,0,-0.6
"00-0033460","J.Ross","WR","PHI",4,0,0,0,0,0,0,0,0,1,2,6,0,1.6
"00-0033526","S.Perine","RB","KC",18,0,0,0,0,0,1,1,0,1,1,13,0,2.4
"00-0033536","M.Williams","WR","PIT",18,0,0,0,0,0,0,0,0,1,1,25,0,3.5
"00-0033537","D.Watson","QB","CLE",7,15,17,128,0,0,2,0,0,0,0,0,0,5.12
"00-0033553","J.Conner","RB","ARI",17,0,0,0,0,0,4,4,0,2,3,4,0,2.8
"00-0033555","M.Hollins","WR","BUF",18,0,0,0,0,0,0,0,0,3,4,25,0,5.5
"00-0033576","E.Saubert","TE","SF",18,0,0,0,0,0,0,0,0,4,5,17,0,5.7
"00-0033589","D.Moore","WR","CAR",18,0,0,0,0,0,0,0,0,1,3,9,1,7.9
"00-0033591","N.Brown","WR","WAS",13,0,0,0,0,0,0,0,0,3,4,27,0,5.7
"00-0033662","C.Rush","QB","DAL",17,15,28,147,1,2,1,2,0,0,0,0,0,6.08
"00-0033699","A.Ekeler","RB","WAS",18,0,0,0,0,0,3,12,0,2,2,20,0,5.2
"00-0033854","D.Ogunbowale","RB","HOU",18,0,0,0,0,0,2,-3,0,2,3,26,0,4.3
"00-0033857","J.Smith-Schuster","WR","KC",18,0,0,0,0,0,0,0,0,1,2,4,0,1.4
"00-0033858","J.Smith","TE","MIA",18,0,0,0,0,0,0,0,0,9,12,56,1,18.6
"00-0033869","M.Trubisky","QB","BUF",18,15,21,101,1,0,4,12,0,0,0,0,0,9.24
"00-0033873","P.Mahomes","QB","KC",17,29,38,320,3,0,1,12,0,0,0,0,0,26
"00-0033881","E.Engram","TE","JAX",14,0,0,0,0,0,0,0,0,4,6,33,0,7.3
"00-0033885","D.Njoku","TE","CLE",16,0,0,0,0,0,0,0,0,8,10,66,0,14.6
"00-0033891","Z.Jones","WR","ARI",18,0,0,0,0,0,0,0,0,4,5,46,0,8.6
"00-0033893","D.Cook","RB","DAL",9,0,0,0,0,0,2,8,0,0,0,0,0,0.8
"00-0033895","G.Everett","TE","CHI",17,0,0,0,0,0,0,0,0,0,1,0,0,0
"00-0033897","J.Mixon","RB","HOU",18,0,0,0,0,0,5,23,0,1,1,5,0,3.8
"00-0033906","A.Kamara","RB","NO",15,0,0,0,0,0,5,12,0,4,5,58,1,17
"00-0033908","C.Kupp","WR","LA",17,0,0,0,0,0,0,0,0,1,3,29,0,3.9
"00-0033921","C.Godwin","WR","TB",7,0,0,0,0,0,0,0,0,7,9,65,0,13.5
"00-0033923","K.Hunt","RB","KC",17,0,0,0,0,0,9,20,1,0,0,0,0,8
"00-0033925","D.Foreman","RB","CLE",18,0,0,0,0,0,10,27,0,1,1,8,0,4.5
"00-0033943","J.Reynolds","WR","JAX",18,0,0,0,0,0,0,0,0,1,3,11,0,2.1
"00-0033948","J.Williams","RB","NO",18,0,0,0,0,0,8,15,0,1,1,7,0,3.2
"00-0033949","J.Dobbs","QB","SF",18,29,43,326,2,2,8,17,1,0,0,0,0,22.74
"00-0033955","J.McNichols","RB","WAS",17,0,0,0,0,0,1,5,0,2,3,5,0,3
"00-0034054","R.Cracraft","WR","MIA",18,0,0,0,0,0,0,0,0,4,4,38,0,7.8
"00-0034073","R.Dwelley","TE","ATL",11,0,0,0,0,0,0,0,0,1,1,5,0,1.5
"00-0034115","J.Wilson","RB","MIA",18,0,0,0,0,0,2,-4,0,0,0,0,0,-0.4
"00-0034159","W.Dissly","TE","LAC",18,0,0,0,0,0,0,0,0,5,6,42,1,15.2
"00-0034177","T.Boyle","QB","NYG",15,12,24,123,1,1,1,-1,0,0,0,0,0,6.82
"00-0034184","G.Edwards","RB","LAC",16,0,0,0,0,0,14,68,2,1,2,3,0,20.1
"00-0034208","M.Boone","RB","CAR",18,0,0,0,0,0,4,18,0,1,1,-2,0,2.6
"00-0034270","T.Conklin","TE","NYJ",18,0,0,0,0,0,0,0,0,2,3,16,1,9.6
"00-0034272","M.Valdes-Scantling","WR","NO",18,0,0,0,0,0,0,0,0,3,8,33,0,6.3
"00-0034348","C.Sutton","WR","DEN",18,0,0,0,0,0,0,0,0,5,7,98,1,20.8
"00-0034351","D.Goedert","TE","PHI",18,0,0,0,0,0,0,0,0,4,6,55,0,9.5
"00-0034353","A.Miller","WR","BAL",17,0,0,0,0,0,0,0,0,1,1,16,0,2.6
"00-0034364","J.Akins","TE","CLE",18,0,0,0,0,0,0,0,0,6,8,60,1,18
"00-0034365","I.Thomas","TE","CAR",10,0,0,0,0,0,0,0,0,1,1,3,0,1.3
"00-0034383","D.Schultz","TE","HOU",18,0,0,0,0,0,0,0,0,3,3,29,0,5.9
"00-0034386","J.Watson","WR","KC",18,0,0,0,0,0,0,0,0,1,3,5,0,1.5
"00-0034401","M.White","QB","BUF",18,3,11,28,0,0,0,0,0,0,0,0,0,1.12
"00-0034407","R.McCloud","WR","ATL",18,0,0,0,0,0,0,0,0,4,7,66,0,10.6
"00-0034418","C.Wilson","WR","NO",18,0,0,0,0,0,0,0,0,3,5,22,0,5.2
"00-0034419","B.Berrios","WR","MIA",3,0,0,0,0,0,0,0,0,0,1,0,0,0
"00-0034487","T.Sherfield","WR","MIN",15,0,0,0,0,0,0,0,0,1,1,6,0,1.6
"00-0034521","A.Lazard","WR","NYJ",18,0,1,0,0,0,0,0,0,3,3,71,1,16.1
"00-0034577","K.Allen","QB","PIT",5,1,1,19,0,0,0,0,0,0,0,0,0,0.76
"00-0034613","T.Hudson","TE","CIN",18,0,0,0,0,0,0,0,0,1,1,11,0,2.1
"00-0034646","B.Powell","WR","MIN",15,0,0,0,0,0,0,0,0,1,1,12,0,2.2
"00-0034753","M.Andrews","TE","BAL",18,0,0,0,0,0,1,0,0,4,8,54,1,15.4
"00-0034771","M.Rudolph","QB","TEN",18,7,9,70,0,0,1,5,0,0,0,0,0,3.3
"00-0034775","C.Kirk","WR","JAX",8,0,0,0,0,0,0,0,0,2,5,59,0,7.9
"00-0034777","D.Chark","WR","LAC",18,0,0,0,0,0,0,0,0,1,3,6,1,7.6
"00-0034791","N.Chubb","RB","CLE",15,0,0,0,0,0,9,41,0,0,1,0,0,2.1
"00-0034796","L.Jackson","QB","BAL",18,16,32,217,2,0,9,63,0,0,0,0,0,22.98
"00-0034798","D.Smythe","TE","MIA",18,0,0,0,0,0,0,0,0,0,1,0,0,0
"00-0034827","D.Moore","WR","CHI",18,0,0,0,0,0,1,5,0,9,10,86,1,22.1
"00-0034829","M.Gesicki","TE","CIN",18,0,0,0,0,0,0,0,0,8,10,68,0,14.8
"00-0034830","H.Hurst","TE","LAC",16,0,0,0,0,0,0,0,0,1,1,8,0,1.8
"00-0034837","C.Ridley","WR","TEN",18,0,0,0,0,0,2,-3,0,3,5,76,0,10.3
"00-0034844","S.Barkley","RB","PHI",17,0,0,0,0,0,31,167,0,2,2,2,0,18.9
"00-0034854","K.Hodge","WR","ATL",18,0,0,0,0,0,0,0,0,1,2,24,0,3.4
"00-0034855","B.Mayfield","QB","TB",18,21,32,221,2,1,9,68,0,0,0,0,0,21.64
"00-0034857","J.Allen","QB","BUF",17,16,27,182,2,0,5,17,1,0,0,0,0,22.98
"00-0034860","D.Pettis","WR","NO",18,0,0,0,0,0,0,0,0,2,6,16,1,9.6
"00-0034869","S.Darnold","QB","MIN",18,18,41,166,0,0,3,10,0,0,0,0,0,7.64
"00-0034928","S.Sims","WR","HOU",4,0,0,0,0,0,1,0,0,0,0,0,0,0
"00-0034960","J.Meyers","WR","LV",18,0,0,0,0,0,0,0,0,9,10,123,1,27.3
"00-0034972","A.Mattison","RB","LV",18,0,0,0,0,0,6,20,0,4,5,11,0,7.1
"00-0034975","J.Hill","RB","BAL",16,0,0,0,0,0,2,30,0,0,1,0,0,3
"00-0034981","F.Moreau","TE","NO",18,0,0,0,0,0,0,0,0,4,4,31,0,7.1
"00-0035021","A.Dulin","WR","IND",12,0,0,0,0,0,0,0,0,0,1,0,0,0
"00-0035100","J.Browning","QB","CIN",16,0,0,0,0,0,1,-1,0,0,0,0,0,-0.1
"00-0035140","M.Hardman","WR","KC",12,0,0,0,0,0,2,15,0,0,0,0,0,1.5
"00-0035208","O.Zaccheaus","WR","WAS",18,0,0,0,0,0,0,0,0,2,5,51,0,7.1
"00-0035216","D.Johnson","WR","HOU",18,0,0,0,0,0,0,0,0,2,4,12,0,3.2
"00-0035228","K.Murray","QB","ARI",18,25,35,242,4,0,3,22,0,0,0,0,0,27.88
"00-0035229","T.Hockenson","TE","MIN",18,0,0,0,0,0,0,0,0,2,8,9,0,2.9
"00-0035243","M.Sanders","RB","CAR",18,0,0,0,0,0,17,66,1,3,4,50,1,26.6
"00-0035249","J.Oliver","TE","MIN",18,0,0,0,0,0,0,0,0,2,3,16,0,3.6
"00-0035250","D.Singletary","RB","NYG",18,0,0,0,0,0,7,22,0,1,1,-5,0,2.7
"00-0035261","T.Pollard","RB","TEN",18,0,0,0,0,0,22,62,0,0,0,0,0,6.2
"00-0035264","J.Stidham","QB","DEN",18,0,0,0,0,0,2,7,0,0,0,0,0,0.7
"00-0035289","G.Minshew","QB","LV",12,25,42,230,1,1,2,5,0,0,0,0,0,11.7
"00-0035298","S.Miller","WR","PIT",15,0,0,0,0,0,0,0,0,0,1,0,0,0
"00-0035311","M.Gaskin","RB","MIN",5,0,0,0,0,0,2,2,0,1,1,11,0,2.3
"00-0035341","T.Irwin","WR","CIN",9,0,0,0,0,0,0,0,0,0,1,0,0,0
"00-0035406","L.Humphrey","WR","DEN",18,0,0,0,0,0,0,0,0,2,2,26,0,4.6
"00-0035500","G.Dortch","WR","ARI",18,0,0,0,0,0,1,7,0,4,4,47,2,21.4
"00-0035535","D.Slayton","WR","NYG",18,0,0,0,0,0,0,0,0,0,1,0,0,0
"00-0035537","T.Johnson","RB","BUF",18,0,0,0,0,0,2,13,0,1,2,0,0,2.3
"00-0035544","T.Kennedy","WR","DET",2,0,0,0,0,0,0,0,0,0,1,0,0,0
"00-0035547","J.Fortson","TE","KC",8,0,0,0,0,0,0,0,0,0,1,0,0,0
"00-0035567","C.Reynolds","RB","DET",18,0,0,0,0,0,8,39,0,0,2,0,0,3.9
"00-0035594","T.Homer","RB","CHI",15,0,0,0,0,0,3,7,0,0,0,0,0,0.7
"00-0035602","A.Bachman","WR","LV",6,0,0,0,0,0,0,0,0,3,3,31,0,6.1
"00-0035628","D.Johnson","RB","JAX",18,0,0,0,0,0,2,26,0,1,2,0,0,3.6
"00-0035631","D.Sample","TE","CIN",18,0,0,0,0,0,0,0,0,4,4,14,0,5.4
"00-0035639","P.Campbell","WR","PHI",13,0,0,0,0,0,0,0,0,0,1,0,0,0
"00-0035640","D.Metcalf","WR","SEA",18,0,0,0,0,0,0,0,0,3,5,53,1,14.3
"00-0035644","N.Fant","TE","SEA",18,0,0,0,0,0,0,0,0,5,6,63,1,17.3
"00-0035659","T.McLaurin","WR","WAS",18,0,0,0,0,0,0,0,0,8,12,62,1,20.2
"00-0035662","M.Brown","WR","KC",17,0,0,0,0,0,0,0,0,4,7,46,0,8.6
"00-0035676","A.Brown","WR","PHI",17,0,0,0,0,0,0,0,0,3,5,36,1,12.6
"00-0035685","D.Montgomery","RB","DET",15,0,0,0,0,0,5,4,0,4,4,31,0,7.5
"00-0035689","D.Knox","TE","BUF",17,0,0,0,0,0,0,0,0,1,3,4,0,1.4
"00-0035700","J.Jacobs","RB","GB",18,0,0,0,0,0,6,44,1,1,1,2,0,11.6
"00-0035704","D.Lock","QB","NYG",18,22,29,138,1,1,2,3,0,0,0,0,0,7.82
"00-0035710","D.Jones","QB","NYG",10,22,37,190,0,2,7,26,1,0,0,0,0,12.2
"00-0035719","D.Samuel","WR","SF",17,0,0,0,0,0,3,16,0,1,1,5,1,9.1
"00-0035806","J.Hasty","RB","NE",12,0,0,0,0,0,1,15,0,2,2,0,0,3.5
"00-0035860","T.Jones","RB","ARI",18,0,0,0,0,0,4,55,1,0,0,0,0,11.5
"00-0035891","C.White","WR","SEA",9,0,0,0,0,0,0,0,0,2,3,44,0,6.4
"00-0035924","J.Ward","RB","PIT",6,0,0,0,0,0,3,13,0,0,0,0,0,1.3
"00-0035973","P.Taylor","RB","SF",18,0,0,0,0,0,17,109,0,1,4,12,0,13.1
"00-0035976","D.Chisena","WR","CAR",17,0,0,0,0,0,0,0,0,1,1,8,0,1.8
"00-0035993","T.Huntley","QB","MIA",18,25,41,227,1,2,3,16,0,0,0,0,0,8.68
"00-0036040","J.Johnson","TE","NO",18,0,0,0,0,0,0,0,0,6,7,80,0,14
"00-0036096","J.Taylor","RB","HOU",9,0,0,0,0,0,3,23,0,0,0,0,0,2.3
"00-0036133","J.Proche","WR","CLE",14,0,0,0,0,0,0,0,0,2,2,18,0,3.8
"00-0036139","R.Dowdle","RB","DAL",18,0,0,0,0,0,22,72,1,2,3,12,0,16.4
"00-0036158","J.Dobbins","RB","LAC",18,0,0,0,0,0,18,63,0,3,3,12,0,10.5
"00-0036165","I.Hodgins","WR","NYG",10,0,0,0,0,0,0,0,0,1,1,7,0,1.7
"00-0036176","M.Kinsey","WR","TEN",16,0,0,0,0,0,0,0,0,1,1,6,0,1.6
"00-0036182","N.Westbrook-Ikhine","WR","TEN",18,0,0,0,0,0,0,0,0,4,7,50,0,9
"00-0036183","K.Wilkerson","WR","LV",6,0,0,0,0,0,0,0,0,2,3,18,1,9.8
"00-0036196","G.Davis","WR","JAX",11,0,0,0,0,0,0,0,0,1,3,3,0,1.3
"00-0036212","T.Tagovailoa","QB","MIA",16,22,34,215,1,0,2,-1,0,0,0,0,0,12.5
"00-0036223","J.Taylor","RB","IND",18,0,0,0,0,0,34,177,1,1,2,3,0,25
"00-0036232","H.Bryant","TE","LV",9,0,0,0,0,0,0,0,0,2,2,22,0,4.2
"00-0036244","C.Parkinson","TE","LA",18,0,0,0,0,0,0,0,0,1,1,6,0,1.6
"00-0036251","Z.Moss","RB","CIN",8,0,0,0,0,0,5,11,0,4,4,28,0,7.9
"00-0036252","M.Pittman","WR","IND",18,0,0,0,0,0,0,0,0,6,10,72,0,13.2
"00-0036254","C.Johnson","WR","CHI",16,0,0,0,0,0,0,0,0,0,1,0,0,0
"00-0036259","J.Jennings","WR","SF",18,0,0,0,0,0,0,0,0,7,10,52,0,12.2
"00-0036261","B.Aiyuk","WR","SF",7,0,0,0,0,0,0,0,0,2,6,23,0,4.3
"00-0036264","J.Love","QB","GB",18,7,12,69,0,0,0,0,0,0,0,0,0,2.76
"00-0036268","L.Shenault","WR","SEA",8,0,0,0,0,0,0,0,0,1,1,10,0,2
"00-0036275","D.Swift","RB","CHI",18,0,0,0,0,0,20,65,1,0,2,0,0,12.5
"00-0036290","C.Kmet","TE","CHI",18,0,0,0,0,0,0,0,0,2,2,3,0,2.3
"00-0036297","D.Evans","RB","CHI",14,0,0,0,0,0,3,3,0,0,0,0,0,0.3
"00-0036309","D.Mooney","WR","ATL",17,0,0,0,0,0,0,0,0,2,5,37,0,5.7
"00-0036322","J.Jefferson","WR","MIN",18,0,0,0,0,0,0,0,0,3,9,54,0,8.4
"00-0036328","A.Gibson","RB","NE",18,0,0,0,0,0,12,41,0,4,6,20,0,10.1
"00-0036331","D.Duvernay","WR","JAX",17,0,0,0,0,0,0,0,0,1,1,4,0,1.4
"00-0036332","J.Deguara","TE","JAX",16,0,0,0,0,0,0,0,0,1,1,4,0,1.4
"00-0036345","K.Osborn","WR","NE",10,0,0,0,0,0,0,0,0,0,1,0,0,0
"00-0036355","J.Herbert","QB","LAC",18,28,36,346,2,0,4,42,0,0,0,0,0,28.04
"00-0036358","C.Lamb","WR","DAL",16,0,0,0,0,0,0,0,0,7,8,105,0,17.5
"00-0036360","C.Edwards-Helaire","RB","NO",18,0,0,0,0,0,8,26,0,1,1,14,0,5
"00-0036370","J.Kelley","RB","TEN",18,0,0,0,0,0,1,2,0,0,0,0,0,0.2
"00-0036387","J.Reagor","WR","LAC",14,0,0,0,0,0,0,0,0,1,1,4,0,1.4
"00-0036389","J.Hurts","QB","PHI",16,1,4,11,0,0,3,41,0,0,0,0,0,4.54
"00-0036407","J.Jeudy","WR","CLE",18,0,0,0,0,0,0,0,0,6,13,63,0,12.3
"00-0036410","T.Higgins","WR","CIN",18,0,0,0,0,0,0,0,0,4,5,53,0,9.3
"00-0036414","C.Akers","RB","MIN",18,0,0,0,0,0,6,65,0,2,2,4,0,8.9
"00-0036415","V.Jefferson","WR","PIT",18,0,0,0,0,0,0,0,0,3,4,18,0,4.8
"00-0036422","A.Trautman","TE","DEN",17,0,0,0,0,0,0,0,0,1,3,5,0,1.5
"00-0036425","D.Dallas","RB","ARI",18,0,0,0,0,0,1,22,0,1,1,5,0,3.7
"00-0036427","T.Johnson","WR","LA",18,0,0,0,0,0,0,0,0,4,7,35,1,13.5
"00-0036429","C.Woerner","TE","ATL",17,0,0,0,0,0,0,0,0,1,1,6,0,1.6
"00-0036438","S.Sullivan","TE","CAR",13,0,0,0,0,0,0,0,0,0,1,0,0,0
"00-0036442","J.Burrow","QB","CIN",18,37,46,277,1,1,1,-1,0,0,0,0,0,12.98
"00-0036450","K.Vaughn","RB","SF",14,0,0,0,0,0,2,4,0,0,0,0,0,0.4
"00-0036463","C.Blair","WR","ATL",17,0,0,0,0,0,0,0,0,0,1,0,0,0
"00-0036497","T.Jones","WR","JAX",17,0,0,0,0,0,0,0,0,1,1,11,0,2.1
"00-0036510","K.Yeboah","TE","NYJ",18,0,0,0,0,0,0,0,0,2,2,20,0,4
"00-0036527","D.Turner","WR","LV",13,0,0,0,0,0,0,0,0,1,1,25,0,3.5
"00-0036534","S.Zylstra","TE","DET",11,0,0,0,0,0,0,0,0,1,1,22,0,3.2
"00-0036550","R.Bateman","WR","BAL",18,0,0,0,0,0,0,0,0,5,8,76,1,18.6
"00-0036554","N.Collins","WR","HOU",18,0,0,0,0,0,0,0,0,5,5,38,1,14.8
"00-0036555","C.Hubbard","RB","CAR",16,0,0,0,0,0,25,152,2,4,5,13,0,32.5
"00-0036556","B.Jordan","TE","HOU",2,0,0,0,0,0,0,0,0,1,1,4,0,1.4
"00-0036590","Q.Morris","TE","BUF",18,0,0,0,0,0,0,0,0,3,4,20,0,5
"00-0036613","J.Waddle","WR","MIA",18,0,0,0,0,0,1,6,0,4,9,44,0,9
"00-0036620","D.Eskridge","WR","MIA",17,0,0,0,0,0,0,0,0,1,1,8,0,1.8
"00-0036626","D.Brown","WR","WAS",18,0,1,0,0,0,1,8,0,3,4,16,0,5.4
"00-0036628","J.Bates","TE","WAS",18,0,0,0,0,0,0,0,0,0,1,0,0,0
"00-0036630","T.Wallace","WR","BAL",18,0,0,0,0,0,0,0,0,0,1,0,0,0
"00-0036635","I.Smith-Marsette","WR","NYG",17,0,0,0,0,0,0,0,0,0,0,0,0,6
"00-0036637","N.Gray","TE","KC",18,0,0,0,0,0,1,-4,0,1,1,1,0,0.7
"00-0036640","Z.Davidson","TE","BUF",13,0,0,0,0,0,0,0,0,0,1,0,0,0
"00-0036646","S.Fehoko","WR","LAC",9,0,0,0,0,0,0,0,0,0,1,0,0,0
"00-0036670","J.Jefferson","RB","DET",17,0,0,0,0,0,3,9,0,0,0,0,0,0.9
"00-0036741","J.Stoll","TE","PHI",8,0,0,0,0,0,0,0,0,1,1,6,0,1.6
"00-0036754","B.Wright","TE","DET",14,0,0,0,0,0,0,0,0,0,1,0,0,0
"00-0036825","F.Franks","TE","CAR",18,0,0,0,0,0,0,0,0,1,1,12,0,2.2
"00-0036841","A.Trammell","WR","JAX",9,0,0,0,0,0,0,0,0,2,3,40,0,6
"00-0036842","K.Nwangwu","RB","NYJ",13,0,0,0,0,0,0,0,0,0,0,0,0,6
"00-0036849","T.Atwell","WR","LA",18,0,0,0,0,0,0,0,0,5,8,37,0,8.7
"00-0036862","B.Skowronek","WR","PIT",16,0,0,0,0,0,0,0,0,2,2,25,0,4.5
"00-0036875","R.Stevenson","RB","NE",17,0,0,0,0,0,2,1,0,0,1,0,0,0.1
"00-0036876","K.Granson","TE","IND",18,0,0,0,0,0,0,0,0,1,4,7,0,1.7
"00-0036877","J.Darden","WR","CLE",6,0,0,0,0,0,0,0,0,1,1,6,0,1.6
"00-0036887","L.Farrell","TE","JAX",18,0,0,0,0,0,0,0,0,1,1,4,0,1.4
"00-0036893","N.Harris","RB","PIT",18,0,0,0,0,0,12,36,1,4,5,20,0,15.6
"00-0036894","P.Freiermuth","TE","PIT",18,0,0,0,0,0,0,0,0,8,11,85,1,22.5
"00-0036898","D.Mills","QB","HOU",18,12,22,128,0,0,3,11,0,0,0,0,0,6.22
"00-0036900","J.Chase","WR","CIN",18,0,0,0,0,0,0,0,0,10,14,96,1,25.6
"00-0036906","K.Herbert","RB","CIN",18,0,0,0,0,0,20,69,0,7,8,14,0,15.3
"00-0036912","D.Smith","WR","PHI",17,0,0,0,0,0,0,0,0,6,7,120,2,30
"00-0036913","K.Toney","WR","CLE",13,0,0,0,0,0,1,3,0,0,1,0,0,0.3
"00-0036919","K.Gainwell","RB","PHI",18,0,0,0,0,0,11,14,0,2,4,9,0,4.3
"00-0036924","M.Carter","RB","ARI",18,0,0,0,0,0,17,43,1,4,4,16,0,15.9
"00-0036928","K.Trask","QB","TB",17,0,0,0,0,0,3,-2,0,0,0,0,0,-0.2
"00-0036945","J.Fields","QB","PIT",15,0,0,0,0,0,1,8,0,0,0,0,0,0.8
"00-0036955","T.Marshall","WR","LV",17,0,0,0,0,0,0,0,0,1,2,28,0,3.8
"00-0036963","A.St. Brown","WR","DET",18,0,0,0,0,0,0,0,0,6,7,77,0,13.7
"00-0036970","K.Pitts","TE","ATL",18,0,0,0,0,0,0,0,0,2,3,15,0,3.5
"00-0036971","T.Lawrence","QB","JAX",13,4,10,41,0,1,1,6,0,0,0,0,0,0.24
"00-0036972","M.Jones","QB","JAX",18,20,32,225,1,1,5,17,0,0,0,0,0,12.7
"00-0036973","T.Etienne","RB","JAX",18,0,0,0,0,0,13,31,0,3,5,29,0,9
"00-0036980","E.Moore","WR","CLE",18,0,0,0,0,0,0,0,0,3,5,36,0,6.6
"00-0036984","T.Sermon","RB","IND",18,0,0,0,0,0,0,0,0,1,3,5,0,1.5
"00-0036988","J.Palmer","WR","LAC",17,0,0,0,0,0,0,0,0,4,6,41,0,8.1
"00-0036997","J.Williams","RB","DEN",18,0,0,0,0,0,5,28,0,3,4,50,0,10.8
"00-0037004","H.Long","TE","LA",15,0,0,0,0,0,0,0,0,2,2,17,0,3.7
"00-0037005","T.Tremble","TE","CAR",18,0,0,0,0,0,0,0,0,2,3,30,1,11
"00-0037012","T.Lance","QB","DAL",18,20,34,244,0,0,6,26,0,0,0,0,0,12.36
"00-0037077","S.Howell","QB","SEA",15,5,14,24,0,1,1,2,0,0,0,0,0,-0.84
"00-0037085","T.Badie","RB","DEN",4,0,0,0,0,0,1,0,0,2,2,-4,0,-0.4
"00-0037086","G.Calcaterra","TE","PHI",18,0,0,0,0,0,0,0,0,2,4,10,0,3
"00-0037091","B.Melton","WR","GB",18,0,0,0,0,0,1,1,0,0,0,0,0,0.1
"00-0037093","D.Young","WR","SEA",1,0,0,0,0,0,0,0,0,0,1,0,0,0
"00-0037120","T.Goodson","RB","IND",18,0,0,0,0,0,0,0,0,1,2,5,0,1.5
"00-0037132","B.Covey","WR","PHI",13,0,0,0,0,0,0,0,0,0,1,0,0,0
"00-0037156","I.Charles","WR","NYJ",7,0,0,0,0,0,0,0,0,0,1,0,0,0
"00-0037197","I.Pacheco","RB","KC",17,0,0,0,0,0,6,18,0,0,0,0,0,1.8
"00-0037216","J.Ross","WR","KC",10,0,0,0,0,0,0,0,0,0,1,0,0,0
"00-0037228","J.Warren","RB","PIT",18,0,0,0,0,0,6,21,0,0,1,0,0,2.1
"00-0037231","K.Austin","WR","NO",18,0,0,0,0,0,0,0,0,1,1,13,0,2.3
"00-0037238","D.London","WR","ATL",18,0,0,0,0,0,0,0,0,10,18,187,2,40.7
"00-0037239","C.Olave","WR","NO",9,0,0,0,0,0,0,0,0,1,1,13,0,2.3
"00-0037240","J.Williams","WR","DET",18,0,0,0,0,0,0,0,0,6,8,34,0,9.4
"00-0037247","G.Pickens","WR","PIT",18,0,0,0,0,0,0,0,0,1,6,0,0,1
"00-0037248","J.Cook","RB","BUF",18,0,0,0,0,0,10,28,1,0,0,0,0,8.8
"00-0037252","G.Dulcich","TE","DEN",4,0,0,0,0,0,0,0,0,0,1,0,0,0
"00-0037256","R.White","RB","TB",17,0,0,0,0,0,6,30,0,1,1,4,0,4.4
"00-0037257","D.Bell","WR","CLE",2,0,0,0,0,0,0,0,0,3,3,27,0,5.7
"00-0037258","D.Pierce","RB","HOU",18,0,0,0,0,0,19,176,1,0,2,0,0,23.6
"00-0037261","K.Shakir","WR","BUF",17,0,0,0,0,0,0,0,0,3,6,25,0,5.5
"00-0037263","T.Allgeier","RB","ATL",18,0,0,0,0,0,9,52,0,2,2,17,0,8.9
"00-0037267","J.Ford","RB","CLE",17,0,0,0,0,0,6,22,0,0,0,0,0,2.2
"00-0037276","T.Chandler","RB","MIN",17,0,0,0,0,0,5,7,0,0,0,0,0,0.7
"00-0037291","J.Nailor","WR","MIN",18,0,0,0,0,0,0,0,0,3,4,53,0,8.3
"00-0037292","A.Ogletree","TE","IND",18,0,0,0,0,0,0,0,0,1,1,21,0,3.1
"00-0037300","M.Woods","WR","CLE",17,0,0,0,0,0,0,0,0,1,3,3,0,1.3
"00-0037304","C.Heyward","TE","PIT",17,0,0,0,0,0,0,0,0,1,1,8,0,1.8
"00-0037306","J.FitzPatrick","TE","GB",12,0,0,0,0,0,0,0,0,1,1,2,0,1.2
"00-0037324","C.Oladokun","QB","KC",18,0,0,0,0,0,1,5,0,0,0,0,0,0.5
"00-0037327","S.Thompson","QB","MIA",3,13,19,107,0,0,0,0,0,0,0,0,0,4.28
"00-0037348","T.Conner","WR","MIA",4,0,0,0,0,0,0,0,0,2,2,15,0,3.5
"00-0037382","B.Johnson","WR","PIT",5,0,0,0,0,0,0,0,0,1,1,9,0,1.9
"00-0037422","K.Pryor","WR","CIN",9,0,0,0,0,0,0,0,0,1,1,9,0,1.9
"00-0037429","R.Blackshear","RB","CAR",18,0,0,0,0,0,4,47,0,0,0,0,0,4.7
"00-0037450","T.McAllister","RB","LV",4,0,0,0,0,0,2,11,0,0,0,0,0,1.1
"00-0037475","S.Smartt","TE","LAC",17,0,0,0,0,0,0,0,0,2,2,23,0,4.3
"00-0037487","D.Thompkins","WR","CAR",16,0,0,0,0,0,1,9,0,0,0,0,0,0.9
"00-0037509","S.McCormick","RB","LV",15,0,0,0,0,0,7,8,0,2,2,17,0,4.5
"00-0037524","T.Martin","WR","TEN",18,0,0,0,0,0,0,0,0,1,2,49,1,11.9
"00-0037525","J.Mason","RB","SF",13,0,0,0,0,0,13,78,0,0,0,0,0,7.8
"00-0037539","L.Krull","TE","DEN",17,0,0,0,0,0,0,0,0,1,1,3,0,1.3
"00-0037545","R.Shaheed","WR","NO",6,0,0,0,0,0,1,2,0,1,7,11,0,8.3
"00-0037557","R.Rivers","RB","LA",18,0,0,0,0,0,12,48,0,4,5,34,0,12.2
"00-0037569","P.Hendershot","TE","KC",18,0,0,0,0,0,0,0,0,2,2,25,0,4.5
"00-0037594","J.Chestnut","RB","TEN",18,0,0,0,0,0,2,11,0,0,0,0,0,1.1
"00-0037609","A.Shampklin","RB","PIT",6,0,0,0,0,0,1,-2,0,0,0,0,0,-0.2
"00-0037614","J.Metchie","WR","HOU",18,0,0,0,0,0,0,0,0,2,4,24,0,4.4
"00-0037617","H.Haskins","RB","LAC",18,0,0,0,0,0,12,33,1,0,0,0,0,9.3
"00-0037654","T.Fisk","TE","LAC",17,0,0,0,0,0,0,0,0,1,1,8,0,1.8
"00-0037664","A.Pierce","WR","IND",18,0,0,0,0,0,0,0,0,2,2,57,1,13.7
"00-0037666","J.Tolbert","WR","DAL",18,0,0,0,0,0,0,0,0,4,6,98,0,13.8
"00-0037740","G.Wilson","WR","NYJ",18,0,0,0,0,0,1,0,0,4,5,51,0,9.1
"00-0037741","J.Dotson","WR","PHI",18,0,0,0,0,0,0,0,0,7,11,94,0,16.4
"00-0037742","T.Burks","WR","TEN",6,0,0,0,0,0,0,0,0,1,1,10,0,2
"00-0037744","T.McBride","TE","ARI",18,0,0,0,0,0,0,0,0,7,11,65,1,19.5
"00-0037745","V.Jones","RB","CAR",17,0,0,0,0,0,1,0,0,0,0,0,0,0
"00-0037746","B.Robinson","RB","WAS",18,0,0,0,0,0,5,10,0,1,1,6,0,2.6
"00-0037801","K.Turpin","WR","DAL",18,0,0,0,0,0,1,5,0,3,5,53,0,8.8
"00-0037805","J.Ruckert","TE","NYJ",18,0,0,0,0,0,0,0,0,1,2,5,0,1.5
"00-0037809","C.Okonkwo","TE","TEN",17,0,0,0,0,0,1,17,0,5,7,42,0,10.9
"00-0037816","R.Doubs","WR","GB",17,0,0,0,0,0,0,0,0,7,11,58,0,14.8
"00-0037827","T.Davis-Price","RB","PHI",17,0,0,0,0,0,3,7,0,0,0,0,0,0.7
"00-0037834","B.Purdy","QB","SF",17,27,35,377,3,2,3,12,1,0,0,0,0,30.28
"00-0037837","C.Austin","WR","PIT",18,0,0,0,0,0,0,0,0,0,1,0,0,0
"00-0037838","I.Likely","TE","BAL",18,0,0,0,0,0,0,0,0,3,5,38,0,6.8
"00-0037840","K.Williams","RB","LA",17,0,0,0,0,0,13,56,1,3,3,16,0,16.2
"00-0038040","Z.White","RB","LV",11,0,0,0,0,0,5,9,0,0,0,0,0,0.9
"00-0038041","J.Ferguson","TE","DAL",18,0,0,0,0,0,0,0,0,2,4,12,0,3.2
"00-0038046","C.Kolar","TE","BAL",12,0,0,0,0,0,0,0,0,1,1,6,0,1.6
"00-0038090","S.Moore","WR","KC",7,0,0,0,0,0,0,0,0,0,1,0,0,0
"00-0038092","E.Ezukanma","WR","MIA",3,0,0,0,0,0,0,0,0,0,2,0,0,0
"00-0038098","P.Strong","RB","CLE",17,0,0,0,0,0,5,33,0,3,5,15,0,7.8
"00-0038102","K.Pickett","QB","PHI",17,10,15,143,1,0,3,3,1,0,0,0,0,16.02
"00-0038104","T.Thornton","WR","NE",8,0,0,0,0,0,0,0,0,2,3,20,0,4
"00-0038108","B.Zappe","QB","CLE",18,16,31,170,1,2,2,2,0,0,0,0,0,7
"00-0038115","D.Bellinger","TE","NYG",18,0,0,0,0,0,0,0,0,2,2,9,0,2.9
"00-0038117","W.Robinson","WR","NYG",18,0,0,0,0,0,0,0,0,10,11,43,0,14.3
"00-0038120","B.Hall","RB","NYJ",18,0,0,0,0,0,12,57,0,3,5,15,1,18.2
"00-0038122","D.Ridder","QB","LV",18,1,2,11,0,0,0,0,0,0,0,0,0,0.44
"00-0038124","C.Watson","WR","GB",18,0,0,0,0,0,0,0,0,0,1,0,0,0
"00-0038128","M.Willis","QB","GB",18,10,13,136,0,0,1,3,0,0,0,0,0,3.74
"00-0038129","C.Otton","TE","TB",15,0,0,0,0,0,0,0,0,2,3,24,0,4.4
"00-0038134","K.Walker","RB","SEA",16,0,0,0,0,0,8,31,0,8,8,28,0,13.9
"00-0038359","X.Smith","WR","LA",18,0,0,0,0,0,2,6,0,0,0,0,0,0.6
"00-0038393","D.Wicks","WR","GB",18,0,0,0,0,0,0,0,0,5,6,49,0,9.9
"00-0038394","W.Mallory","TE","IND",15,0,0,0,0,0,0,0,0,0,1,0,0,0
"00-0038396","E.Gray","RB","NYG",18,0,0,0,0,0,1,6,0,1,1,4,0,2
"00-0038400","T.McKee","QB","PHI",18,27,41,269,2,0,3,1,0,0,0,0,0,18.86
"00-0038416","T.Bagent","QB","CHI",15,1,1,5,0,0,0,0,0,0,0,0,0,0.2
"00-0038454","K.Mitchell","RB","BAL",18,0,0,0,0,0,4,10,0,0,0,0,0,1
"00-0038465","M.Heath","WR","GB",18,0,0,0,0,0,0,0,0,3,5,53,0,8.3
"00-0038476","T.DeVito","QB","NYG",15,10,13,68,0,0,1,0,0,0,0,0,0,2.72
"00-0038477","B.Ford-Wheaton","WR","NYG",5,0,0,0,0,0,0,0,0,0,0,0,0,6
"00-0038496","X.Gipson","WR","NYJ",18,0,0,0,0,0,1,5,0,0,0,0,0,0.5
"00-0038498","E.Jenkins","TE","PHI",18,0,0,0,0,0,0,0,0,1,1,7,1,7.7
"00-0038507","G.DuBose","WR","MIA",15,0,0,0,0,0,0,0,0,1,1,-2,0,0.8
"00-0038519","N.Remigio","WR","KC",18,0,0,0,0,0,0,0,0,2,6,48,0,6.8
"00-0038542","B.Robinson","RB","ATL",18,0,0,0,0,0,28,170,2,2,5,3,0,31.3
"00-0038543","J.Smith-Njigba","WR","SEA",18,0,0,0,0,0,1,4,0,4,5,9,0,5.3
"00-0038544","Q.Johnston","WR","LAC",18,0,0,0,0,0,0,0,0,13,14,186,0,31.6
"00-0038547","L.Schoonmaker","TE","DAL",18,0,0,0,0,0,0,0,0,2,2,16,0,3.6
"00-0038550","H.Hooker","QB","DET",11,3,4,37,0,0,4,3,0,0,0,0,0,1.78
"00-0038551","K.Miller","RB","NO",17,0,0,0,0,0,3,3,0,1,1,16,0,2.9
"00-0038555","T.Bigsby","RB","JAX",18,0,0,0,0,0,14,39,1,1,1,3,0,11.2
"00-0038558","D.Washington","TE","PIT",17,0,0,0,0,0,0,0,0,1,1,8,0,1.8
"00-0038559","M.Wilson","WR","ARI",17,0,0,0,0,0,1,7,0,4,6,22,0,6.9
"00-0038563","T.Tucker","WR","LV",18,0,0,0,0,0,0,0,0,3,4,24,0,5.4
"00-0038573","D.Davis","WR","LAC",18,0,0,0,0,0,1,-1,0,1,1,5,0,1.4
"00-0038576","C.Jones","WR","CIN",7,0,0,0,0,0,0,0,0,0,0,0,0,6
"00-0038579","A.O'Connell","QB","LV",18,24,34,214,2,1,4,13,0,0,0,0,0,15.86
"00-0038582","C.Tune","QB","ARI",18,0,0,0,0,0,1,2,0,0,0,0,0,0.2
"00-0038583","D.Thompson-Robinson","QB","CLE",18,2,3,13,0,0,2,3,0,0,0,0,0,0.82
"00-0038589","J.Whyle","TE","TEN",18,0,0,0,0,0,0,0,0,5,7,29,0,9.9
"00-0038597","C.Brown","RB","CIN",17,0,0,0,0,0,20,67,0,4,4,24,0,13.1
"00-0038606","P.Washington","WR","JAX",18,0,0,0,0,0,0,0,0,2,4,15,1,9.5
"00-0038608","K.Boutte","WR","NE",18,0,0,0,0,0,0,0,0,7,7,117,1,24.7
"00-0038611","C.Rodriguez","RB","WAS",17,0,0,0,0,0,5,16,1,1,1,12,0,9.8
"00-0038618","X.Hutchinson","WR","HOU",18,0,0,0,0,0,0,0,0,1,2,5,0,1.5
"00-0038619","A.Iosivas","WR","CIN",18,0,0,0,0,0,0,0,0,2,3,12,0,3.2
"00-0038621","D.Douglas","WR","NE",18,0,0,0,0,0,0,0,0,3,4,34,0,6.4
"00-0038622","D.Vaughn","RB","DAL",18,0,0,0,0,0,6,37,0,0,0,0,0,3.7
"00-0038636","K.McIntosh","RB","SEA",18,0,0,0,0,0,7,49,0,0,1,0,0,4.9
"00-0038640","J.Brooks","WR","DAL",17,0,0,0,0,0,0,0,0,1,1,12,0,2.2
"00-0038643","B.Willis","TE","SF",18,0,0,0,0,0,0,0,0,0,2,0,0,0
"00-0038647","R.Bell","WR","SF",8,0,0,0,0,0,0,0,0,0,1,0,0,0
"00-0038678","J.Mims","RB","NO",18,0,0,0,0,0,2,12,0,3,3,13,0,5.5
"00-0038679","T.Shavers","WR","BUF",17,0,0,0,0,0,0,0,0,1,1,69,1,13.9
"00-0038685","C.Brooks","RB","GB",18,0,0,0,0,0,8,59,0,0,1,0,0,5.9
"00-0038705","E.Demercado","RB","ARI",14,0,0,0,0,0,0,0,0,4,4,15,0,5.5
"00-0038710","B.Whiteheart","TE","CLE",18,0,0,0,0,0,0,0,0,1,1,1,0,1.1
"00-0038720","J.Hill","TE","MIA",18,0,0,0,0,0,0,0,0,0,1,0,0,0
"00-0038752","J.Bobo","WR","SEA",18,0,0,0,0,0,0,0,0,1,1,4,1,7.4
"00-0038783","N.Adkins","TE","DEN",18,0,0,0,0,0,0,0,0,3,3,25,0,5.5
"00-0038794","J.McLaughlin","RB","DEN",18,0,0,0,0,0,16,39,0,2,2,9,0,6.8
"00-0038797","E.Wilson","RB","GB",18,0,0,0,0,0,14,73,1,1,1,-2,0,14.1
"00-0038809","B.Sims","TE","GB",14,0,0,0,0,0,0,0,0,1,1,2,0,1.2
"00-0038821","R.Jarrett","WR","TB",17,0,0,0,0,0,0,0,0,1,1,11,0,2.1
"00-0038824","R.Miller","WR","TB",17,0,0,0,0,0,0,0,0,2,4,26,0,4.6
"00-0038840","B.Tremayne","WR","WAS",5,0,0,0,0,0,0,0,0,1,1,-2,0,0.8
"00-0038920","J.Shenker","TE","LV",8,0,0,0,0,0,0,0,0,1,1,7,0,1.7
"00-0038933","D.Kincaid","TE","BUF",17,0,0,0,0,0,0,0,0,2,2,24,0,4.4
"00-0038935","B.Strange","TE","JAX",18,0,0,0,0,0,0,0,0,4,4,60,0,10
"00-0038938","J.Hyatt","WR","NYG",18,0,0,0,0,0,0,0,0,0,1,0,0,0
"00-0038941","T.Scott","WR","CHI",15,0,0,0,0,0,0,0,0,1,1,5,0,1.5
"00-0038951","S.Tucker","RB","TB",18,0,0,0,0,0,2,16,0,0,0,0,0,1.6
"00-0038976","M.Mims","WR","DEN",18,0,0,0,0,0,0,0,0,5,5,51,2,22.1
"00-0038977","T.Dell","WR","HOU",16,0,0,0,0,0,0,0,0,6,7,98,1,21.8
"00-0038979","C.Tillman","WR","CLE",12,0,0,0,0,0,0,0,0,2,4,28,0,2.8
"00-0038994","J.Addison","WR","MIN",18,0,0,0,0,0,0,0,0,1,6,0,0,1
"00-0038996","T.Kraft","TE","GB",18,0,0,0,0,0,0,0,0,4,7,36,0,7.6
"00-0038997","J.Downs","WR","IND",18,0,0,0,0,0,0,0,0,10,13,94,0,19.4
"00-0038998","J.Haener","QB","NO",15,4,10,49,0,1,1,7,0,0,0,0,0,0.66
"00-0039021","R.Johnson","RB","CHI",18,0,0,0,0,0,2,3,0,5,5,16,0,6.9
"00-0039032","T.Spears","RB","TEN",17,0,0,0,0,0,20,95,0,3,4,8,0,13.3
"00-0039040","D.Achane","RB","MIA",18,0,0,0,0,0,11,121,1,0,0,0,0,18.1
"00-0039041","E.Higgins","TE","ARI",17,0,0,0,0,0,0,0,0,2,3,23,0,4.3
"00-0039050","P.Durham","TE","TB",18,0,0,0,0,0,0,0,0,2,2,16,1,9.6
"00-0039052","T.Palmer","WR","TB",16,0,0,0,0,0,0,0,0,2,4,31,0,5.1
"00-0039062","J.Mingo","WR","DAL",18,0,0,0,0,0,0,0,0,2,2,24,0,4.4
"00-0039064","Z.Flowers","WR","BAL",18,0,0,0,0,0,1,9,0,1,2,12,0,3.1
"00-0039065","S.LaPorta","TE","DET",18,0,0,0,0,0,0,0,0,7,7,63,0,13.3
"00-0039066","M.Mayer","TE","LV",18,0,0,0,0,0,0,0,0,4,4,21,0,6.1
"00-0039067","R.Rice","WR","KC",3,0,0,0,0,0,1,1,0,12,14,110,1,29.1
"00-0039074","D.Allen","TE","LA",17,0,0,0,0,0,0,0,0,0,1,0,0,0
"00-0039075","P.Nacua","WR","LA",17,0,0,0,0,0,0,0,0,10,14,129,0,22.9
"00-0039139","J.Gibbs","RB","DET",18,0,0,0,0,0,23,139,3,5,5,31,1,46
"00-0039144","L.Musgrave","TE","GB",18,0,0,0,0,0,0,0,0,1,1,19,0,2.9
"00-0039146","J.Reed","WR","GB",18,0,0,0,0,0,3,3,0,2,2,48,0,5.1
"00-0039150","B.Young","QB","CAR",18,25,34,251,3,0,5,24,2,0,0,0,0,36.44
"00-0039152","W.Levis","QB","TEN",18,9,17,175,1,0,4,8,0,0,0,0,0,11.8
"00-0039163","C.Stroud","QB","HOU",18,6,6,50,1,0,0,0,0,0,0,0,0,6
"00-0039164","A.Richardson","QB","IND",16,7,11,131,1,1,9,70,1,0,0,0,0,20.24
"00-0039165","Z.Charbonnet","RB","SEA",18,0,0,0,0,0,14,59,0,0,0,0,0,5.9
"00-0039236","J.Wilson","WR","PHI",18,0,0,0,0,0,0,0,0,3,5,24,0,5.4
"00-0039244","C.Collier","RB","LV",18,0,0,0,0,0,2,6,0,1,2,-4,0,1.2
"00-0039299","G.Holani","RB","SEA",15,0,0,0,0,0,3,10,0,0,0,0,0,1
"00-0039316","B.Cupp","TE","KC",14,0,0,0,0,0,0,0,0,0,1,0,0,0
"00-0039325","C.Steele","RB","KC",18,0,0,0,0,0,8,25,0,2,2,2,0,4.7
"00-0039337","M.Nabers","WR","NYG",18,0,0,0,0,0,0,0,0,5,8,64,1,17.4
"00-0039338","B.Bowers","TE","LV",18,0,0,0,0,0,0,0,0,4,9,50,1,15
"00-0039342","X.Legette","WR","CAR",18,0,0,0,0,0,0,0,0,3,5,30,0,6
"00-0039344","J.Brooks","RB","CAR",14,0,0,0,0,0,1,-3,0,0,0,0,0,-0.3
"00-0039355","L.McCaffrey","WR","WAS",16,0,0,0,0,0,0,0,0,1,3,13,0,2.3
"00-0039356","J.Sanders","TE","CAR",18,0,0,0,0,0,0,0,0,3,5,35,0,6.5
"00-0039359","C.Stover","TE","HOU",18,0,0,0,0,0,0,0,0,0,1,0,0,0
"00-0039361","B.Irving","RB","TB",18,0,0,0,0,0,19,89,1,2,5,-5,0,16.4
"00-0039363","I.Guerendo","RB","SF",18,0,0,0,0,0,2,5,0,0,0,0,0,0.5
"00-0039364","S.Vaki","RB","DET",16,0,0,0,0,0,0,0,0,2,2,20,0,4
"00-0039365","J.Cowing","WR","SF",18,0,0,0,0,0,1,7,0,2,2,30,0,5.7
"00-0039373","A.Estime","RB","DEN",18,0,0,0,0,0,12,34,1,0,0,0,0,9.4
"00-0039376","S.Rattler","QB","NO",18,26,42,240,1,0,1,11,0,0,0,0,0,14.7
"00-0039379","J.Thrash","WR","CLE",18,0,0,0,0,0,0,0,0,0,1,0,0,0
"00-0039384","T.Tracy","RB","NYG",18,0,0,0,0,0,14,59,0,2,2,7,0,8.6
"00-0039386","B.Means","WR","NO",8,0,0,0,0,0,0,0,0,1,1,36,0,4.6
"00-0039391","K.Vidal","RB","LAC",17,0,0,0,0,0,5,24,0,0,2,0,0,2.4
"00-0039392","J.Jackson","WR","TEN",9,0,0,0,0,0,1,-5,0,1,2,8,0,1.3
"00-0039393","J.McClellan","RB","ATL",11,0,0,0,0,0,8,15,0,0,0,0,0,1.5
"00-0039394","C.Washington","WR","ATL",11,0,0,0,0,0,0,0,0,0,1,0,0,0
"00-0039398","J.Milton","QB","NE",18,22,29,241,1,0,10,16,1,0,0,0,0,19.24
"00-0039407","D.Laube","RB","LV",6,0,0,0,0,0,1,0,0,0,0,0,0,-2
"00-0039410","R.Flournoy","WR","DAL",18,0,0,0,0,0,0,0,0,2,2,14,0,3.4
"00-0039420","J.Bell","TE","NE",18,0,0,0,0,0,0,0,0,1,1,19,0,2.9
"00-0039424","D.Vele","WR","DEN",18,0,0,0,0,0,0,0,0,4,4,50,1,15
"00-0039451","I.Williams","WR","DET",8,0,0,0,0,0,0,0,0,2,3,6,0,2.6
"00-0039458","B.Bates","TE","CLE",18,0,0,0,0,0,0,0,0,0,1,0,0,0
"00-0039491","J.Coker","WR","CAR",18,1,1,19,0,0,0,0,0,7,7,62,0,13.96
"00-0039521","X.Weaver","WR","ARI",18,0,0,0,0,0,0,0,0,0,1,0,0,0
"00-0039530","B.Spann-Ford","TE","DAL",15,0,0,0,0,0,0,0,0,1,1,2,0,1.2
"00-0039543","R.Keyton","WR","LV",11,0,0,0,0,0,0,0,0,0,1,0,0,0
"00-0039573","B.Watson","RB","DEN",16,0,0,0,0,0,4,10,0,1,2,13,0,3.3
"00-0039589","K.Johnson","WR","TB",17,0,0,0,0,0,1,11,0,0,0,0,0,1.1
"00-0039603","B.Brooks","RB","HOU",3,0,0,0,0,0,1,2,0,0,0,0,0,0.2
"00-0039613","D.Holker","TE","NO",18,0,0,0,0,0,0,0,0,2,3,11,0,3.1
"00-0039614","J.Jackson","WR","NO",9,0,0,0,0,0,1,-1,0,0,0,0,0,-0.1
"00-0039617","J.Kibodi","RB","CLE",18,0,0,0,0,0,5,24,0,1,3,15,0,4.9
"00-0039623","M.Tipton","WR","NO",16,0,0,0,0,0,0,0,0,0,1,0,0,0
"00-0039631","C.Grandy","TE","CIN",18,0,0,0,0,0,0,0,0,1,1,9,0,1.9
"00-0039648","D.Martin-Robinson","TE","TEN",16,0,0,0,0,0,0,0,0,1,1,6,0,1.6
"00-0039650","B.Oliver","WR","TEN",18,0,0,0,0,0,0,0,0,1,3,15,0,2.5
"00-0039703","C.Schrader","RB","LA",18,0,0,0,0,0,1,3,0,1,1,6,0,1.9
"00-0039732","B.Nix","QB","DEN",18,26,29,321,4,0,7,47,0,0,0,0,0,33.54
"00-0039737","T.Reiman","TE","ARI",15,0,0,0,0,0,0,0,0,2,3,8,0,2.8
"00-0039738","B.Corum","RB","LA",18,0,0,0,0,0,2,10,0,1,1,12,0,3.2
"00-0039746","W.Shipley","RB","PHI",18,0,0,0,0,0,10,32,0,4,4,35,0,10.7
"00-0039747","A.Smith","WR","PHI",18,0,0,0,0,0,1,4,0,4,6,35,1,13.9
"00-0039751","J.Whittington","WR","LA",18,0,0,0,0,0,2,12,0,3,4,86,0,12.8
"00-0039754","D.Culp","TE","TB",18,0,0,0,0,0,0,0,0,2,2,36,0,5.6
"00-0039757","T.Jennings","RB","NE",18,0,0,0,0,0,8,20,0,0,1,0,0,2
"00-0039792","D.Walker","WR","BAL",17,0,0,0,0,0,0,0,0,0,2,0,0,0
"00-0039793","A.Barner","TE","SEA",18,0,0,0,0,0,0,0,0,5,5,34,1,14.4
"00-0039794","B.Allen","RB","NYJ",18,0,0,0,0,0,4,15,0,2,3,8,0,4.3
"00-0039796","R.Ali","RB","BAL",18,0,0,0,0,0,0,0,0,0,2,0,0,0
"00-0039798","I.Davis","RB","NYJ",18,0,0,0,0,0,4,41,0,0,0,0,0,4.1
"00-0039810","J.Burton","WR","CIN",11,0,0,0,0,0,0,0,0,1,4,8,0,1.8
"00-0039811","M.Lloyd","RB","GB",2,0,0,0,0,0,6,15,0,1,1,3,0,2.8
"00-0039814","E.All","TE","CIN",9,0,0,0,0,0,0,0,0,2,2,24,0,4.4
"00-0039816","A.Gould","WR","IND",15,0,0,0,0,0,0,0,0,1,1,23,0,3.3
"00-0039824","J.Wiley","TE","KC",2,0,0,0,0,0,0,0,0,1,1,7,0,1.7
"00-0039847","T.Johnson","TE","NYG",13,0,0,0,0,0,0,0,0,5,5,54,0,10.4
"00-0039849","M.Harrison","WR","ARI",18,0,0,0,0,0,0,0,0,5,6,63,1,17.3
"00-0039851","D.Maye","QB","NE",18,0,1,0,0,0,0,0,0,0,0,0,0,0
"00-0039853","J.Baker","WR","NE",18,0,0,0,0,0,0,0,0,1,1,12,0,2.2
"00-0039855","J.McMillan","WR","TB",18,0,0,0,0,0,1,6,0,5,6,74,1,19
"00-0039868","T.Franklin","WR","DEN",18,0,0,0,0,0,0,0,0,2,2,12,0,3.2
"00-0039874","J.Wright","RB","MIA",18,0,0,0,0,0,6,-4,0,0,0,0,0,-0.4
"00-0039875","R.Davis","RB","BUF",18,0,0,0,0,0,15,64,0,2,3,1,1,14.5
"00-0039880","M.Washington","WR","MIA",18,0,0,0,0,0,0,0,0,4,5,48,0,8.8
"00-0039890","A.Mitchell","WR","IND",18,0,0,0,0,0,0,0,0,0,1,0,0,0
"00-0039893","B.Thomas","WR","JAX",18,0,0,0,0,0,0,0,0,7,11,103,0,17.3
"00-0039894","X.Worthy","WR","KC",17,0,0,0,0,0,2,10,0,8,9,79,1,22.9
"00-0039901","K.Coleman","WR","BUF",18,0,0,0,0,0,1,9,0,2,10,31,0,6
"00-0039907","J.Polk","WR","NE",17,0,0,0,0,0,0,0,0,0,1,0,0,0
"00-0039910","J.Daniels","QB","WAS",18,6,12,38,0,0,4,27,0,0,0,0,0,4.22
"00-0039912","B.Sinnott","TE","WAS",15,0,0,0,0,0,0,0,0,1,1,7,0,1.7
"00-0039915","L.McConkey","WR","LAC",18,0,0,0,0,0,0,0,0,5,8,95,0,16.5
"00-0039916","R.Pearsall","WR","SF",18,0,0,0,0,0,0,0,0,6,8,69,1,18.9
"00-0039917","M.Penix","QB","ATL",18,21,38,312,2,1,1,5,1,0,0,0,0,24.98
"00-0039918","C.Williams","QB","CHI",18,21,29,148,1,0,3,10,0,0,0,0,0,10.92
"00-0039919","R.Odunze","WR","CHI",18,0,0,0,0,0,0,0,0,2,2,18,0,3.8
"00-0039920","M.Corley","WR","NYJ",13,0,0,0,0,0,1,8,0,0,2,0,0,0.8
"00-0039921","T.Benson","RB","ARI",15,0,0,0,0,0,5,22,0,0,0,0,0,2.2
