"","Name","Position","School","mddRank","tankRank","espnRank","buzz_rank","jeremiah_rank","ringer_rank","cbs_rank","beast_rank","Rank_average","Rank_combined"
"8","Jalon Walker","EDGE","Georgia",9,8,4,23,5,10,7,5,8.875,8
"10","Tyler Warren","TE","Penn State",10,7,6,13,6,8,30,8,11,10
"12","Will Johnson","CB","Michigan",12,12,10,15,16,12,17,18,14,12
"14","Jahdae Barron","CB","Texas",15,17,11,11,10,18,21,30,16.625,14
"15","Jihaad Campbell","LB","Alabama",20,19,19,34,12,11,13,14,17.75,15
"17","Matthew Golden","WR","Texas",19,20,23,10,14,26,22,15,18.625,17
"18","Mike Green","EDGE","Marshall",16,16,20,27,21,30,11,10,18.875,18
"19","Shemar Stewart","EDGE","Texas A&M",18,18,22,16,23,19,32,9,19.625,19
"20","Shedeur Sanders","QB","Colorado",8,9,35,12,20,27,28,34,21.625,20
"21","Josh Simmons","OT","Ohio State",24,23,24,14,37,16,16,20,21.75,21
"22","Walter Nolen","DL","Mississippi",25,21,17,19,28,28,15,31,23,22
"23","Derrick Harmon","DL","Oregon",23,25,15,30,24,29,25,16,23.375,23
"24","Malaki Starks","S","Georgia",21,22,34,26,25,23,18,19,23.5,24
"25","Nick Emmanwori","S","South Carolina",27,27,25,18,15,41,19,17,23.625,25
"26","James Pearce Jr","EDGE","Tennessee",30,32,16,20,NA,NA,NA,NA,24.5,26
"27","Omarion Hampton","RB","North Carolina",22,24,21,29,13,25,38,29,25.125,27
"28","Kenneth Grant","DL","Michigan",26,26,27,21,31,15,36,25,25.875,28
"29","Emeka Egbuka","WR","Ohio State",33,30,40,28,18,13,29,28,27.375,29
"30","Grey Zabel","IOL","North Dakota State",28,29,33,31,26,31,27,32,29.625,30
"31","Luther Burden III","WR","Missouri",36,NA,45,22,35,35,14,27,30.5714285714286,31
"32","Tyler Booker","IOL","Alabama",31,31,51,35,17,33,23,24,30.625,32
"33","Donovan Ezeiruaku","EDGE","Boston College",32,28,28,51,30,34,40,22,33.125,33
"34","Shavon Revel Jr","CB","East Carolina",39,39,31,25,NA,NA,NA,NA,33.5,34
"35","Josh Conerly Jr","OT","Oregon",35,35,32,33,NA,NA,NA,NA,33.75,35
"36","Maxwell Hairston","CB","Kentucky",34,33,18,62,34,55,26,35,37.125,36
"37","Trey Amos","CB","Mississippi",37,37,37,47,42,36,37,39,39,37
"38","Jaxson Dart","QB","Mississippi",29,34,39,38,36,45,50,49,40,38
"39","Donovan Jackson","IOL","Ohio State",38,38,55,65,41,22,39,48,43.25,39
"40","TreVeyon Henderson","RB","Ohio State",42,41,30,52,32,24,86,46,44.125,40
"41","Tyleik Williams","DL","Ohio State",43,44,59,36,67,32,41,40,45.25,41
"42","Jayden Higgins","WR","Iowa State",47,45,38,55,46,51,43,45,46.25,42
"43","Nic Scourton","EDGE","Texas A&M",41,42,64,43,45,43,35,59,46.5,43
"44","Mason Taylor","TE","LSU",44,47,41,77,29,42,60,33,46.625,44
"45","Carson Schwesinger","LB","UCLA",49,46,53,70,40,40,45,38,47.625,45
"46","TJ Sanders","DL","South Carolina",55,58,47,37,NA,NA,NA,NA,49.25,46
"47","Landon Jackson","EDGE","Arkansas",50,50,65,41,43,56,52,47,50.5,47
"48","JT Tuimoloau","EDGE","Ohio State",53,53,52,46,49,64,46,43,50.75,48
"49","Azareye'h Thomas","CB","Florida State",46,49,67,54,60,38,48,51,51.625,49
"50","Darius Alexander","DL","Toledo",52,51,29,92,48,46,42,61,52.625,50
"51","Benjamin Morrison","CB","Notre Dame",45,48,63,39,44,80,34,69,52.75,51
"52","Aireontae Ersery","OT","Minnesota",48,43,46,44,83,87,44,37,54,52
"53","Jaylin Noel","WR","Iowa State",62,56,48,60,50,37,97,42,56.5,53
"54","Kaleb Johnson","RB","Iowa",57,40,61,45,53,50,103,44,56.625,54
"55","Jonah Savaiinaea","IOL","Arizona",56,55,54,42,47,93,57,55,57.375,55
"56","Elijah Arroyo","TE","Miami (FL)",64,57,36,73,51,67,82,41,58.875,56
"57","Quinshon Judkins","RB","Ohio State",54,54,50,66,38,61,89,60,59,57
"58","Xavier Watts","S","Notre Dame",51,52,70,40,63,79,81,54,61.25,58
"59","Tre Harris","WR","Mississippi",59,61,44,59,65,68,70,65,61.375,59
"60","Alfred Collins","DL","Texas",63,62,71,53,66,48,65,68,62,60
"61","Jack Bech","WR","TCU",68,59,57,67,52,52,71,72,62.25,61
"62","Princely Umanmielen","EDGE","Mississippi",58,64,89,32,110,44,73,71,67.625,62
"63","Jack Sawyer","EDGE","Ohio State",61,65,117,57,70,71,53,58,69,63
"64","Marcus Mbow","IOL","Purdue",69,63,88,48,81,47,76,84,69.5,64
"65","Tate Ratledge","IOL","Georgia",60,67,72,71,62,78,105,53,71,65
"66","Jared Wilson","IOL","Georgia",78,82,42,101,55,81,74,57,71.25,66
"67","Jalen Milroe","QB","Alabama",40,60,81,93,86,49,94,73,72,67
"68","Jalen Royals","WR","Utah State",79,72,62,64,93,82,66,63,72.625,68
"69","Omarr Norman-Lott","DL","Tennessee",76,77,66,72,NA,94,56,NA,73.5,69
"70","Kevin Winston Jr","S","Penn State",75,68,56,97,NA,NA,NA,NA,74,70
"71","Shemar Turner","DL","Texas A&M",73,78,43,82,89,NA,104,56,75,71
"72","Jordan Burch","EDGE","Oregon",72,69,49,86,64,96,115,52,75.375,72
"73","Bradyn Swinson","EDGE","LSU",65,66,82,56,87,90,61,100,75.875,73
"74","Harold Fannin Jr","TE","Bowling Green",83,79,93,50,NA,NA,NA,NA,76.25,74
"75","Darien Porter","CB","Iowa State",66,71,84,76,78,97,62,NA,76.2857142857143,75
"76","Oluwafemi Oladejo","EDGE","UCLA",67,73,60,143,69,59,83,64,77.25,76
"77","Josaiah Stewart","EDGE","Michigan",81,81,77,49,111,57,90,80,78.25,77
"78","Tyler Shough","QB","Louisville",71,76,58,99,75,84,117,50,78.75,78
"79","Ozzy Trapilo","OT","Boston College",86,75,74,81,72,95,68,79,78.75,79
"80","Demetrius Knight","LB","South Carolina",80,NA,NA,NA,NA,NA,NA,NA,80,80
"81","Terrance Ferguson","TE","Oregon",92,89,69,114,58,66,84,75,80.875,81
"82","Kyle Williams","WR","Washington State",82,83,68,128,57,60,88,91,82.125,82
"83","Dylan Sampson","RB","Tennessee",88,80,80,63,68,62,146,74,82.625,83
"84","Elic Ayomanor","WR","Stanford",70,70,106,68,121,54,85,90,83,84
"85","Cameron Skattebo","RB","Arizona State",84,NA,NA,NA,NA,NA,NA,NA,84,85
"86","Charles Grant","IOL","William & Mary",87,86,85,88,88,NA,67,89,84.2857142857143,86
"87","Andrew Mukuba","S","Texas",74,74,95,80,76,85,110,NA,84.8571428571429,87
"88","Deone Walker","DL","Kentucky",108,NA,125,83,NA,65,47,NA,85.6,88
"89","Wyatt Milum","OT","West Virginia",77,90,115,61,117,NA,55,NA,85.8333333333333,89
"90","Joshua Farmer","DL","Florida State",85,88,76,115,77,91,80,76,86,90
"91","Cameron Williams","OT","Texas",95,96,113,69,NA,86,69,NA,88,91
"92","Jacob Parrish","CB","Kansas State",89,85,98,122,79,92,96,67,91,92
"93","Tai Felton","WR","Maryland",129,NA,75,98,82,NA,72,NA,91.2,93
"94","Nohl Williams","CB","California",99,100,96,117,54,NA,121,66,93.2857142857143,94
"95","Isaiah Bond","WR","Texas",119,NA,136,75,NA,83,64,88,94.1666666666667,95
"96","Miles Frazier","IOL","LSU",125,NA,90,116,61,NA,98,81,95.1666666666667,96
"97","Tory Horton","WR","Colorado State",109,97,91,107,73,88,102,NA,95.2857142857143,97
"98","Gunnar Helm","TE","Texas",107,NA,79,89,101,89,109,96,95.7142857142857,98
"99","Kyle Kennard","EDGE","South Carolina",91,93,130,74,NA,NA,95,NA,96.6,99
"100","Ashton Gillotte","EDGE","Louisville",94,94,103,95,116,63,137,78,97.5,100
"101","RJ Harvey Jr","RB","UCF",98,NA,NA,NA,NA,NA,NA,NA,98,101
"102","Chris Paul Jr","LB","Mississippi",103,NA,112,79,NA,NA,NA,NA,98,102
"103","Will Howard","QB","Ohio State",101,NA,105,102,85,NA,99,NA,98.4,103
"104","Jared Ivey","EDGE","Mississippi",110,NA,150,78,NA,NA,59,NA,99.25,104
"105","Anthony Belton","OT","NC State",93,92,92,113,118,NA,113,94,102.142857142857,105
"106","Danny Stutsman","LB","Oklahoma",114,NA,114,84,92,98,126,87,102.142857142857,106
"107","Savion Williams","WR","TCU",90,95,99,90,123,99,134,NA,104.285714285714,107
"108","Quinn Ewers","QB","Texas",120,NA,111,91,119,NA,107,86,105.666666666667,108
"109","Billy Bowman Jr","S","Oklahoma",105,NA,102,112,NA,NA,NA,NA,106.333333333333,109
"110","Zah Frazier","CB","UTSA",131,NA,110,NA,NA,NA,100,NA,113.666666666667,110
"111","Ty Robinson","DL","Nebraska",96,NA,87,169,103,100,135,NA,115,111
"112","Quincy Riley","CB","Louisville",117,NA,86,145,113,NA,136,95,115.333333333333,112
"113","Bhayshul Tuten","RB","Virginia Tech",124,NA,131,157,120,69,92,NA,115.5,113
"114","Jordan James","RB","Oregon",157,NA,109,119,NA,76,163,77,116.833333333333,114
"115","Damien Martinez","RB","Miami (FL)",97,NA,123,159,NA,77,131,NA,117.4,115
"116","Denzel Burke","CB","Ohio State",112,NA,NA,118,126,NA,116,NA,118,116
"117","Jonas Sanker","S","Virginia",118,NA,83,135,147,NA,130,98,118.5,117
"118","Jalen Travis","OT","Iowa State",149,NA,NA,NA,NA,NA,91,NA,120,118
"119","Smael Mondon Jr","LB","Georgia",127,NA,124,111,NA,NA,NA,NA,120.666666666667,119
"120","David Walker","EDGE","Central Arkansas",130,NA,138,110,140,NA,87,NA,121,120
"121","CJ West","DL","Indiana",100,NA,NA,187,144,NA,58,NA,122.25,121
"122","Dylan Fairchild","IOL","Georgia",126,NA,118,104,NA,NA,149,NA,124.25,122
"123","Tez Johnson","WR","Oregon",136,NA,NA,100,NA,NA,138,NA,124.666666666667,123
"124","Aeneas Peebles","DL","Virginia Tech",128,NA,NA,147,NA,NA,101,NA,125.333333333333,124
"125","Jaylin Lane","WR","Virginia Tech",161,NA,73,121,131,NA,142,NA,125.6,125
"126","Kyle McCord","QB","Syracuse",137,NA,NA,120,138,NA,108,NA,125.75,126
"127","Lathan Ransom","S","Ohio State",115,NA,129,103,145,NA,139,NA,126.2,127
"128","Logan Brown","OT","Kansas",158,NA,137,149,NA,NA,63,NA,126.75,128
"129","Barrett Carter","LB","Clemson",135,NA,NA,94,128,NA,152,NA,127.25,129
"130","Jeffrey Bassa","LB","Oregon",122,NA,145,124,105,NA,182,99,129.5,130
"131","Vernon Broughton","DL","Texas",123,NA,132,188,NA,NA,75,NA,129.5,131
"132","Emery Jones Jr","OT","LSU",102,NA,143,144,NA,NA,NA,NA,129.666666666667,132
"133","DJ Giddens","RB","Kansas State",111,NA,104,174,130,NA,140,NA,131.8,133
"134","Jamaree Caldwell","DL","Oregon",104,NA,NA,129,97,NA,200,NA,132.5,134
"135","Dorian Strong","CB","Virginia Tech",106,NA,134,123,NA,NA,169,NA,133,135
"136","Zy Alexander","CB","LSU",156,NA,149,108,NA,NA,124,NA,134.25,136
"137","Elijah Roberts","DL","SMU",132,NA,NA,182,104,NA,122,NA,135,137
"138","Barryn Sorrell","EDGE","Texas",143,NA,127,170,115,NA,132,NA,137.4,138
"139","Jordan Phillips","DL","Maryland",116,NA,NA,109,NA,NA,188,NA,137.666666666667,139
"140","Jaylen Reed","S","Penn State",162,NA,116,190,74,NA,147,NA,137.8,140
"141","Jaylin Smith","CB","USC",208,NA,NA,NA,114,NA,93,NA,138.333333333333,141
"142","Brashard Smith","RB","SMU",154,NA,NA,137,149,NA,114,NA,138.5,142
"143","Justin Walley","CB","Minnesota",197,NA,NA,NA,94,NA,125,NA,138.666666666667,143
"144","Saivion Jones","EDGE","LSU",140,NA,NA,NA,NA,NA,NA,NA,140,144
"145","Ty Hamilton","DL","Ohio State",134,NA,NA,130,134,NA,215,92,141,145
"146","Xavier Restrepo","WR","Miami (FL)",113,NA,NA,106,NA,NA,205,NA,141.333333333333,146
"147","Ollie Gordon II","RB","Oklahoma State",138,91,NA,176,141,NA,164,NA,142,147
"148","Devin Neal","RB","Kansas",121,NA,101,96,146,NA,247,NA,142.2,148
"149","JJ Pegues","DL","Mississippi",155,NA,121,186,135,NA,120,NA,143.4,149
"150","Trevor Etienne","RB","Georgia",141,NA,147,148,143,NA,185,97,143.5,150
"151","Cody Simon","LB","Ohio State",173,NA,120,132,100,NA,195,NA,144,151
"152","Que Robinson","EDGE","Alabama",186,NA,133,192,112,NA,119,NA,148.4,152
"153","Cobee Bryant","CB","Kansas",153,NA,NA,125,NA,NA,168,NA,148.666666666667,153
"154","Rylie Mills","DL","Notre Dame",150,NA,NA,136,108,NA,201,NA,148.75,154
"155","Kobe King","LB","Penn State",170,NA,NA,127,NA,NA,151,NA,149.333333333333,155
"156","Mitchell Evans","TE","Notre Dame",148,NA,97,150,NA,NA,204,NA,149.75,156
"157","Dillon Gabriel","QB","Oregon",165,NA,NA,126,148,NA,161,NA,150,157
"158","Tyler Baron","EDGE","Miami (FL)",190,NA,140,161,NA,NA,118,NA,152.25,158
"159","Upton Stout","CB","Western Kentucky",171,NA,128,191,125,NA,160,NA,155,159
"160","Ajani Cornelius","OT","Oregon",177,NA,148,177,NA,NA,129,NA,157.75,160
"161","Sebastian Castro","S","Iowa",182,NA,NA,85,NA,NA,208,NA,158.333333333333,161
"162","RJ Mickens","S","Clemson",151,NA,108,217,NA,NA,NA,NA,158.666666666667,162
"163","Antwaun Powell-Ryland","EDGE","Virginia Tech",159,NA,NA,NA,NA,NA,159,NA,159,163
"164","Malachi Moore","S","Alabama",139,NA,NA,141,NA,NA,198,NA,159.333333333333,164
"165","Jordan Hancock","CB","Ohio State",167,NA,NA,221,133,NA,123,NA,161,165
"166","Jarquez Hunter","RB","Auburn",183,NA,NA,189,NA,NA,111,NA,161,166
"167","Isaac TeSlaa","WR","Arkansas",164,NA,NA,238,95,NA,148,NA,161.25,167
"168","Caleb Rogers","IOL","Texas Tech",160,NA,122,204,NA,NA,162,NA,162,168
"169","Jalen Rivers","OT","Miami (FL)",142,NA,NA,160,137,NA,214,NA,163.25,169
"170","Jaydon Blue","RB","Texas",145,NA,NA,178,107,NA,224,NA,163.5,170
"171","Caleb Ransaw","S","Tulane",152,NA,NA,209,139,NA,154,NA,163.5,171
"172","Jack Kiser","LB","Notre Dame",163,NA,NA,183,NA,NA,145,NA,163.666666666667,172
"173","Tyrion Ingram-Dawkins","EDGE","Georgia",187,NA,107,NA,NA,NA,197,NA,163.666666666667,173
"174","Bilhal Kone","CB","Western Michigan",180,NA,NA,239,NA,NA,77,NA,165.333333333333,174
"175","Jackson Slater","IOL","Sacramento State",144,NA,NA,151,NA,NA,202,NA,165.666666666667,175
"176","Chase Lundt","OT","UConn",133,NA,NA,172,NA,NA,194,NA,166.333333333333,176
"177","Jah Joyner","EDGE","Minnesota",193,NA,NA,163,NA,NA,143,NA,166.333333333333,177
"178","Pat Bryant","WR","Illinois",168,NA,NA,152,NA,NA,181,NA,167,178
"179","Mac McWilliams","S","UCF",233,NA,NA,NA,91,NA,179,NA,167.666666666667,179
"180","Tonka Hemingway","DL","South Carolina",216,NA,144,NA,NA,NA,153,NA,171,180
"181","Tommi Hill","CB","Nebraska",204,NA,139,164,NA,NA,193,NA,175,181
"182","CJ Dippre","TE","Alabama",239,NA,142,NA,NA,NA,144,NA,175,182
"183","Seth McLaughlin","IOL","Ohio State",147,NA,135,171,NA,NA,254,NA,176.75,183
"184","Riley Leonard","QB","Notre Dame",179,NA,NA,133,NA,NA,220,NA,177.333333333333,184
"185","Chimere Dike","WR","Florida",224,NA,NA,105,132,NA,250,NA,177.75,185
"186","Teddye Buchanan","LB","California",166,NA,NA,NA,136,NA,237,NA,179.666666666667,186
"187","Craig Woodson","S","California",195,NA,NA,223,90,NA,211,NA,179.75,187
"188","Mello Dotson","CB","Kansas",220,NA,NA,138,NA,NA,184,NA,180.666666666667,188
"189","Dont'e Thornton","WR","Tennessee",181,NA,NA,NA,NA,NA,NA,NA,181,189
"190","Carson Vinson","IOL","Alabama A&M",146,NA,NA,233,NA,NA,167,NA,182,190
"191","Oronde Gadsden II","TE","Syracuse",174,NA,NA,196,NA,NA,178,NA,182.666666666667,191
"192","Hollin Pierce","OT","Rutgers",169,NA,NA,140,NA,NA,242,NA,183.666666666667,192
"193","Kalel Mullings","RB","Michigan",223,NA,NA,165,NA,NA,166,NA,184.666666666667,193
"194","Jackson Hawes","TE","Georgia Tech",185,NA,126,NA,NA,NA,245,NA,185.333333333333,194
"195","Kaimon Rucker","EDGE","North Carolina",219,NA,NA,154,NA,NA,183,NA,185.333333333333,195
"196","Clay Webb","IOL","Jacksonville State",235,NA,NA,197,NA,NA,127,NA,186.333333333333,196
"197","Tahj Brooks","RB","Texas Tech",212,NA,NA,201,NA,NA,150,NA,187.666666666667,197
"198","Nick Martin","LB","Oklahoma State",178,NA,NA,NA,NA,NA,199,NA,188.5,198
"199","Luke Kandra","IOL","Cincinnati",172,NA,NA,156,NA,NA,244,NA,190.666666666667,199
"200","Korie Black","CB","Oklahoma State",227,NA,NA,NA,NA,NA,157,NA,192,200
"201","Jake Briningstool","TE","Clemson",192,NA,NA,173,NA,NA,213,NA,192.666666666667,201
"202","Kain Medrano","LB","UCLA",200,NA,NA,219,129,NA,233,NA,195.25,202
"203","Thomas Fidone II","TE","Nebraska",175,NA,NA,205,NA,NA,207,NA,195.666666666667,203
"204","Elijhah Badger","WR","Florida",238,NA,NA,NA,NA,NA,155,NA,196.5,204
"205","Jake Majors","IOL","Texas",189,NA,NA,134,NA,NA,267,NA,196.666666666667,205
"206","Joshua Gray","IOL","Oregon State",191,NA,NA,210,NA,NA,192,NA,197.666666666667,206
"207","Collin Oliver","EDGE","Oklahoma State",225,NA,NA,NA,NA,NA,172,NA,198.5,207
"208","Kyle Monangai","RB","Rutgers",205,NA,NA,218,NA,NA,173,NA,198.666666666667,208
"209","Alijah Huzzie","CB","North Carolina",232,NA,NA,224,NA,NA,141,NA,199,209
"210","Jack Nelson","OT","Wisconsin",196,NA,NA,181,NA,NA,223,NA,200,210
"211","Yahya Black","DL","Iowa",230,NA,NA,NA,150,NA,221,NA,200.333333333333,211
"212","Nick Nash","WR","San Jose State",201,NA,NA,153,NA,NA,256,NA,203.333333333333,212
"213","Kobe Hudson","WR","UCF",217,NA,NA,222,NA,NA,176,NA,205,213
"214","Connor Colby","IOL","Iowa",203,NA,NA,185,NA,NA,230,NA,206,214
"215","Keandre Lambert-Smith","WR","Auburn",206,NA,NA,NA,NA,NA,NA,NA,206,215
"216","Raheim Sanders","RB","South Carolina",215,NA,NA,179,NA,NA,227,NA,207,216
"217","Willie Lampkin","IOL","North Carolina",194,NA,NA,180,NA,NA,249,NA,207.666666666667,217
"218","Hunter Wohler","S","Wisconsin",198,NA,NA,NA,NA,NA,219,NA,208.5,218
"219","Robert Longerbeam","CB","Rutgers",211,NA,NA,226,NA,NA,191,NA,209.333333333333,219
"220","Howard Cross III","DL","Notre Dame",246,NA,NA,228,NA,NA,158,NA,210.666666666667,220
"221","Cam Jackson","DL","Florida",176,NA,NA,237,NA,NA,225,NA,212.666666666667,221
"222","Jo'Quavious Marks","RB","USC",213,NA,NA,NA,NA,NA,NA,NA,213,222
"223","Fadil Diggs","EDGE","Syracuse",188,NA,NA,NA,NA,NA,241,NA,214.5,223
"224","John Williams","OT","Cincinnati",254,NA,NA,NA,NA,NA,175,NA,214.5,224
"225","O'Donnell Fortune","CB","South Carolina",288,NA,NA,155,NA,NA,203,NA,215.333333333333,225
"226","Jason Marshall Jr","CB","Florida",228,NA,NA,207,NA,NA,NA,NA,217.5,226
"227","Drew Kendall","IOL","Boston College",184,NA,NA,193,NA,NA,276,NA,217.666666666667,227
"228","Jamon Dumas-Johnson","LB","Kentucky",280,NA,NA,NA,NA,NA,156,NA,218,228
"229","Isaiah Neyor","WR","Nebraska",268,NA,NA,NA,NA,NA,170,NA,219,229
"230","Corey Kiner","RB","Cincinnati",265,NA,NA,NA,NA,NA,174,NA,219.5,230
"231","Jay Higgins","LB","Iowa",218,NA,NA,206,NA,NA,235,NA,219.666666666667,231
"232","Kitan Crawford","S","Nevada",202,NA,146,NA,NA,NA,314,NA,220.666666666667,232
"233","Jalin Conyers","TE","Texas Tech",199,NA,NA,NA,NA,NA,243,NA,221,233
"234","Jared Harrison-Hunte","DL","SMU",242,NA,NA,NA,NA,NA,206,NA,224,234
"235","Jabbar Muhammad","CB","Oregon",209,NA,NA,NA,NA,NA,240,NA,224.5,235
"236","Jacory Croskey-Merritt","RB","Arizona",264,NA,NA,NA,NA,NA,187,NA,225.5,236
"237","Brandon Crenshaw-Dickson","OT","Florida",226,NA,NA,NA,NA,NA,229,NA,227.5,237
"238","Donovan Edwards","RB","Michigan",261,NA,NA,208,NA,NA,218,NA,229,238
"239","Jermari Harris","CB","Iowa",271,NA,NA,236,NA,NA,180,NA,229,239
"240","LeQuint Allen Jr","RB","Syracuse",231,NA,NA,NA,NA,NA,NA,NA,231,240
"241","Tyler Batty","EDGE","BYU",229,NA,NA,NA,NA,NA,236,NA,232.5,241
"242","Andres Borregales","K","Miami (FL)",272,NA,NA,158,NA,NA,269,NA,233,242
"243","Jay Toia","DL","UCLA",244,NA,NA,203,NA,NA,253,NA,233.333333333333,243
"244","Maxen Hook","S","Toledo",207,NA,NA,212,NA,NA,290,NA,236.333333333333,244
"245","Benjamin Yurosek","TE","Georgia",237,NA,NA,NA,NA,NA,NA,NA,237,245
"246","Dan Jackson","S","Georgia",267,NA,NA,NA,127,NA,319,NA,237.666666666667,246
"247","Simeon Barrow Jr","DL","Miami (FL)",251,NA,NA,229,NA,NA,NA,NA,240,247
"248","Antwane Wells Jr","WR","Mississippi",287,NA,NA,198,NA,NA,NA,NA,242.5,248
"249","Tyler Cooper","IOL","Minnesota",255,NA,NA,200,NA,NA,274,NA,243,249
"250","Francisco Mauigoa","LB","Miami (FL)",298,NA,NA,NA,NA,NA,190,NA,244,250
"251","Andrew Armstrong","WR","Arkansas",210,NA,NA,NA,NA,NA,280,NA,245,251
"252","Ricky White","WR","UNLV",247,NA,NA,NA,NA,NA,NA,NA,247,252
"253","Kurtis Rourke","QB","Indiana",256,NA,NA,142,NA,NA,344,NA,247.333333333333,253
"254","Phil Mafah","RB","Clemson",289,NA,NA,227,NA,NA,226,NA,247.333333333333,254
"255","Warren Brinson","DL","Georgia",284,NA,NA,NA,NA,NA,212,NA,248,255
"256","Joe Huber","IOL","Wisconsin",294,NA,141,NA,NA,NA,309,NA,248,256
"257","Luke Lachey","TE","Iowa",214,NA,NA,211,NA,NA,322,NA,249,257
"258","Shemar James","LB","Florida",221,NA,NA,NA,NA,NA,277,NA,249,258
"259","Jimmy Horn Jr","WR","Colorado",250,NA,NA,NA,NA,NA,NA,NA,250,259
"260","Nazir Stackhouse","DL","Georgia",257,NA,NA,213,NA,NA,285,NA,251.666666666667,260
"261","Kyonte Hamilton","DL","Rutgers",315,NA,NA,NA,142,NA,302,NA,253,261
"262","Tim Smith","DL","Alabama",234,NA,NA,NA,NA,NA,278,NA,256,262
"263","Brady Cook","QB","Missouri",274,NA,NA,NA,NA,NA,238,NA,256,263
"264","Moliki Matavao","TE","UCLA",249,NA,NA,NA,NA,NA,264,NA,256.5,264
"265","Dante Trader Jr","S","Maryland",276,NA,NA,240,NA,NA,NA,NA,258,265
"266","Marcus Wehr","IOL","Montana State",306,NA,NA,NA,NA,NA,210,NA,258,266
"267","Carson Bruener","LB","Washington",283,NA,NA,NA,NA,NA,234,NA,258.5,267
"268","Bru McCoy","WR","Tennessee",290,NA,NA,NA,NA,NA,228,NA,259,268
"269","Myles Hinton","OT","Michigan",222,NA,NA,NA,NA,NA,300,NA,261,269
"270","Garrett Dellinger","IOL","LSU",240,NA,NA,NA,NA,NA,283,NA,261.5,270
"271","Efton Chism III","WR","Eastern Washington",262,NA,NA,NA,NA,NA,262,NA,262,271
"272","Kaden Prather","WR","Maryland",260,NA,NA,NA,NA,NA,266,NA,263,272
"273","Jalen McLeod","LB","Auburn",317,NA,NA,214,NA,NA,258,NA,263,273
"274","Eli Cox","IOL","Kentucky",266,NA,NA,NA,NA,NA,261,NA,263.5,274
"275","Eugene Asante","LB","Auburn",278,NA,NA,NA,NA,NA,251,NA,264.5,275
"276","Karene Reid","LB","Utah",285,NA,NA,215,NA,NA,294,NA,264.666666666667,276
"277","Bryce Cabeldue","IOL","Kansas",245,NA,NA,NA,NA,NA,288,NA,266.5,277
"278","Marques Sigle","S","Kansas State",263,NA,NA,NA,NA,NA,270,NA,266.5,278
"279","Luke Newman","IOL","Michigan State",301,NA,NA,NA,NA,NA,232,NA,266.5,279
"280","Cam Horsley","DL","Boston College",236,NA,NA,NA,NA,NA,305,NA,270.5,280
"281","Ahmed Hassanein","DL","Boise State",241,NA,NA,NA,NA,NA,303,NA,272,281
"282","Ja'Quinden Jackson","RB","Arkansas",323,NA,NA,231,NA,NA,268,NA,274,282
"283","Ryan Fitzgerald","K","Florida State",281,NA,NA,167,NA,NA,375,NA,274.333333333333,283
"284","Traeshon Holden","WR","Oregon",327,NA,NA,NA,NA,NA,222,NA,274.5,284
"285","Montrell Johnson","RB","Florida",275,NA,NA,NA,NA,NA,NA,NA,275,285
"286","Zeek Biggers","DL","Georgia Tech",286,NA,NA,NA,NA,NA,265,NA,275.5,286
"287","Shaun Dolac","LB","Buffalo",273,NA,NA,NA,NA,NA,281,NA,277,287
"288","Theo Wease","WR","Missouri",277,NA,NA,NA,NA,NA,NA,NA,277,288
"289","Chandler Martin","LB","Memphis",324,NA,NA,NA,NA,NA,231,NA,277.5,289
"290","Dominic Lovett","WR","Georgia",300,NA,NA,NA,NA,NA,257,NA,278.5,290
"291","Xavier Truss","OT","Georgia",270,NA,NA,NA,NA,NA,291,NA,280.5,291
"292","Samuel Brown","WR","Miami (FL)",282,NA,NA,NA,NA,NA,NA,NA,282,292
"293","Konata Mumpfield","WR","Pittsburgh",279,NA,NA,NA,NA,NA,287,NA,283,293
"294","Cody Lindenberg","LB","Minnesota",243,NA,NA,NA,NA,NA,325,NA,284,294
"295","Junior Tafuna","DL","Utah",258,NA,NA,NA,NA,NA,311,NA,284.5,295
"296","Will Sheppard","WR","Colorado",299,NA,NA,NA,NA,NA,271,NA,285,296
"297","Esa Pole","OT","Washington State",253,NA,NA,NA,NA,NA,318,NA,285.5,297
"298","RJ Oben","EDGE","Notre Dame",269,NA,NA,234,NA,NA,355,NA,286,298
"299","Gavin Bartholomew","TE","Pittsburgh",310,NA,NA,NA,NA,NA,263,NA,286.5,299
"300","James Burnip","P","Alabama",334,NA,NA,166,NA,NA,370,NA,290,300
"301","Fentrell Cypress","CB","Florida State",292,NA,NA,NA,NA,NA,NA,NA,292,301
"302","Marcus Yarns","RB","Delaware",248,NA,NA,NA,NA,NA,338,NA,293,302
"303","Dean Clark","S","Fresno State",252,NA,NA,NA,NA,NA,334,NA,293,303
"304","Marcus Harris","CB","California",308,NA,NA,NA,NA,NA,279,NA,293.5,304
"305","Alex Mastromanno","P","Florida State",361,NA,NA,232,NA,NA,NA,NA,296.5,305
"306","Desmond Watson","DL","Florida",359,NA,NA,235,NA,NA,NA,NA,297,306
"307","Joshua Simon","TE","South Carolina",293,NA,NA,NA,NA,NA,306,NA,299.5,307
"308","Lan Larison","RB","UC Davis",313,NA,NA,NA,NA,NA,286,NA,299.5,308
"309","Seth Henigan","QB","Memphis",312,NA,NA,NA,NA,NA,289,NA,300.5,309
"310","Addison West","IOL","Western Michigan",355,NA,NA,216,NA,NA,333,NA,301.333333333333,310
"311","Max Brosmer","QB","Minnesota",259,NA,NA,NA,NA,NA,346,NA,302.5,311
"312","Ja'Corey Brooks","WR","Louisville",295,NA,NA,NA,NA,NA,310,NA,302.5,312
"313","Da'Quan Felton","WR","Virginia Tech",311,NA,NA,NA,NA,NA,297,NA,304,313
"314","Jackson Woodard","LB","UNLV",296,NA,NA,NA,NA,NA,317,NA,306.5,314
"315","Eric Gregory","DL","Arkansas",341,NA,NA,NA,NA,NA,272,NA,306.5,315
"316","Nikko Reed","CB","Oregon",307,NA,NA,NA,NA,NA,NA,NA,307,316
"317","Isas Waxter","CB","Villanova",320,NA,NA,NA,NA,NA,296,NA,308,317
"318","Rayuan Lane III","S","Navy",291,NA,NA,NA,NA,NA,326,NA,308.5,318
"319","Akili Arnold","S","USC",325,NA,NA,230,NA,NA,374,NA,309.666666666667,319
"320","Trey Wedig","OT","Indiana",319,NA,NA,NA,NA,NA,304,NA,311.5,320
"321","Jordan Watkins","WR","Mississippi",316,NA,NA,NA,NA,NA,308,NA,312,321
"322","Jacob Bayer","IOL","Arkansas State",364,NA,NA,NA,NA,NA,260,NA,312,322
"323","Elijah Ponder","EDGE","Cal Poly",309,NA,NA,NA,NA,NA,316,NA,312.5,323
"324","Graham Mertz","QB","Florida",375,NA,NA,NA,NA,NA,252,NA,313.5,324
"325","Jonah Monheim","IOL","USC",474,NA,NA,175,NA,NA,293,NA,314,325
"326","Branson Taylor","OT","Pittsburgh",331,NA,NA,NA,NA,NA,299,NA,315,326
"327","Arian Smith","WR","Georgia",297,NA,NA,NA,NA,NA,336,NA,316.5,327
"328","Phillip Webb","EDGE","Jackson State",349,NA,NA,NA,NA,NA,284,NA,316.5,328
"329","Brandon Adams","CB","UCF",318,NA,NA,NA,NA,NA,NA,NA,318,329
"330","Elijah Simmons","DL","Tennessee",329,NA,NA,NA,NA,NA,312,NA,320.5,330
"331","Thor Griffith","DL","Louisville",322,NA,NA,NA,NA,NA,NA,NA,322,331
"332","Gus Hartwig","IOL","Purdue",431,NA,NA,NA,NA,NA,217,NA,324,332
"333","Malik Verdon","S","Iowa State",304,NA,NA,NA,NA,NA,348,NA,326,333
"334","JJ Roberts","S","Marshall",328,NA,NA,NA,NA,NA,NA,NA,328,334
"335","Ben Sauls","K","Pittsburgh",411,NA,NA,168,NA,NA,406,NA,328.333333333333,335
"336","Robbie Ouzts","TE","Alabama",337,NA,NA,NA,NA,NA,320,NA,328.5,336
"337","Timothy McKay","IOL","NC State",303,NA,NA,NA,NA,NA,356,NA,329.5,337
"338","Johnny Walker Jr","EDGE","Missouri",330,NA,NA,NA,NA,NA,NA,NA,330,338
"339","Jackson Meeks","WR","Syracuse",335,NA,NA,NA,NA,NA,327,NA,331,339
"340","Roc Taylor","WR","Memphis",389,NA,NA,NA,NA,NA,275,NA,332,340
"341","Tyreem Powell","LB","Rutgers",338,NA,NA,NA,NA,NA,330,NA,334,341
"342","Tommy Akingbesote","DL","Maryland",376,NA,NA,NA,NA,NA,292,NA,334,342
"343","Hayden Conner","IOL","Texas",326,NA,NA,NA,NA,NA,347,NA,336.5,343
"344","Bam Martin-Scott","LB","South Carolina",339,NA,NA,NA,NA,NA,339,NA,339,344
"345","Marcus Tate","IOL","Clemson",333,NA,NA,NA,NA,NA,349,NA,341,345
"346","Robert McDaniel","S","Jackson State",353,NA,NA,NA,NA,NA,329,NA,341,346
"347","Gerad Christian-Lichtenhan","OT","Oregon State",314,NA,NA,NA,NA,NA,376,NA,345,347
"348","Drew Moss","IOL","Colorado State",345,NA,NA,NA,NA,NA,NA,NA,345,348
"349","Taylor Morin","WR","Wake Forest",369,NA,NA,NA,NA,NA,321,NA,345,349
"350","LaJohntay Wester","WR","Colorado",305,NA,NA,NA,NA,NA,388,NA,346.5,350
"351","Ethan Downs","EDGE","Oklahoma",332,NA,NA,NA,NA,NA,362,NA,347,351
"352","Jacolby George","WR","Miami (FL)",343,NA,NA,NA,NA,NA,351,NA,347,352
"353","Steve Linton","EDGE","Baylor",367,NA,NA,NA,NA,NA,331,NA,349,353
"354","Nash Hutmacher","DL","Nebraska",392,NA,NA,NA,NA,NA,307,NA,349.5,354
"355","Ruben Hyppolite","LB","Maryland",350,NA,NA,NA,NA,NA,NA,NA,350,355
"356","Caden Prieskorn","TE","Mississippi",302,NA,NA,NA,NA,NA,400,NA,351,356
"357","Chaz Chambliss","EDGE","Georgia",347,NA,NA,NA,NA,NA,357,NA,352,357
"358","Weston Franklin","IOL","Georgia Tech",352,NA,NA,NA,NA,NA,NA,NA,352,358
"359","Jailin Walker","LB","Indiana",321,NA,NA,NA,NA,NA,386,NA,353.5,359
"360","Daniel Jackson","WR","Minnesota",336,NA,NA,NA,NA,NA,371,NA,353.5,360
"361","Caleb Etienne","OT","BYU",354,NA,NA,NA,NA,NA,NA,NA,354,361
"362","Brant Kuithe","TE","Utah",368,NA,NA,NA,NA,NA,343,NA,355.5,362
"363","Javontez Spraggins","IOL","Tennessee",342,NA,NA,NA,NA,NA,372,NA,357,363
"364","Melvin Smith Jr","CB","Southern Arkansas",357,NA,NA,NA,NA,NA,NA,NA,357,364
"365","Dalton Cooper","OT","Oklahoma State",340,NA,NA,NA,NA,NA,384,NA,362,365
"366","Brandon George","LB","Pittsburgh",362,NA,NA,NA,NA,NA,NA,NA,362,366
"367","Payton Page","DL","Clemson",393,NA,NA,NA,NA,NA,332,NA,362.5,367
"368","Mario Anderson","RB","Memphis",363,NA,NA,NA,NA,NA,NA,NA,363,368
"369","Power Echols","LB","North Carolina",377,NA,NA,NA,NA,NA,350,NA,363.5,369
"370","Thomas Perry","IOL","Middlebury",351,NA,NA,NA,NA,NA,377,NA,364,370
"371","Keondre Jackson","S","Illinois State",400,NA,NA,NA,NA,NA,328,NA,364,371
"372","Alijah Clark","S","Syracuse",360,NA,NA,NA,NA,NA,369,NA,364.5,372
"373","Zakhari Franklin","WR","Illinois",416,NA,NA,NA,NA,NA,313,NA,364.5,373
"374","BJ Green","DL","Colorado",365,NA,NA,NA,NA,NA,NA,NA,365,374
"375","Jordan Clark","S","Notre Dame",388,NA,NA,NA,NA,NA,342,NA,365,375
"376","DeAndre Jules","DL","South Carolina",371,NA,NA,NA,NA,NA,360,NA,365.5,376
"377","Torricelli Simpkins III","IOL","South Carolina",397,NA,NA,NA,NA,NA,335,NA,366,377
"378","Jahvaree Ritzie","DL","North Carolina",370,NA,NA,NA,NA,NA,364,NA,367,378
"379","Shilo Sanders","S","Colorado",356,NA,NA,NA,NA,NA,382,NA,369,379
"380","Beaux Collins","WR","Notre Dame",394,NA,NA,NA,NA,NA,345,NA,369.5,380
"381","Jeremy Crawshaw","P","Florida",348,NA,NA,NA,NA,NA,393,NA,370.5,381
"382","Jahdae Walker","WR","Texas A&M",373,NA,NA,NA,NA,NA,NA,NA,373,382
"383","Justin Barron","LB","Syracuse",381,NA,NA,NA,NA,NA,366,NA,373.5,383
"384","Jordan Oladokun","CB","Bowling Green",374,NA,NA,NA,NA,NA,NA,NA,374,384
"385","Bryson Nesbit","TE","North Carolina",372,NA,NA,NA,NA,NA,378,NA,375,385
"386","Ulysses Bentley IV","RB","Mississippi",412,NA,NA,NA,NA,NA,340,NA,376,386
"387","Nick Kubitz","LB","North Dakota State",378,NA,NA,NA,NA,NA,NA,NA,378,387
"388","Rivaldo Fairweather","TE","Auburn",390,NA,NA,NA,NA,NA,367,NA,378.5,388
"389","Donovan McMillon","S","Pittsburgh",379,NA,NA,NA,NA,NA,NA,NA,379,389
"390","Marcus Bryant","OT","Missouri",380,NA,NA,NA,NA,NA,NA,NA,380,390
"391","Wande Owens","S","New Hampshire",382,NA,NA,NA,NA,NA,NA,NA,382,391
"392","Joseph Evans","DL","UTSA",383,NA,NA,NA,NA,NA,NA,NA,383,392
"393","Josh Kelly","WR","Texas Tech",413,NA,NA,NA,NA,NA,358,NA,385.5,393
"394","Jacob Gideon","IOL","Western Michigan",386,NA,NA,NA,NA,NA,NA,NA,386,394
"395","Corey Thornton","CB","Louisville",344,NA,NA,NA,NA,NA,431,NA,387.5,395
"396","Jamaal Pritchett","WR","South Alabama",440,NA,NA,NA,NA,NA,337,NA,388.5,396
"397","Tommy Mellott","QB","Montana State",358,NA,NA,NA,NA,NA,422,NA,390,397
"398","Joey Hobert","WR","Texas State",391,NA,NA,NA,NA,NA,NA,NA,391,398
"399","Tyler Loop","K","Arizona",346,NA,NA,NA,NA,NA,437,NA,391.5,399
"400","Nash Jones","IOL","Texas State",366,NA,NA,NA,NA,NA,417,NA,391.5,400
"401","Deshawn Pace","S","UCF",510,NA,NA,NA,NA,NA,273,NA,391.5,401
"402","Chris Tyree","WR","Virginia",387,NA,NA,NA,NA,NA,401,NA,394,402
"403","Donte Kent","CB","Central Michigan",395,NA,NA,NA,NA,NA,NA,NA,395,403
"404","Kai Kroeger","P","South Carolina",396,NA,NA,NA,NA,NA,NA,NA,396,404
"405","Maddux Trujillo","K","Temple",398,NA,NA,NA,NA,NA,NA,NA,398,405
"406","Davin Vann","DL","NC State",444,NA,NA,NA,NA,NA,352,NA,398,406
"407","Kenny Gallop Jr","S","Howard",399,NA,NA,NA,NA,NA,NA,NA,399,407
"408","Jasheen Davis","EDGE","Wake Forest",430,NA,NA,NA,NA,NA,373,NA,401.5,408
"409","Debo Williams","LB","South Carolina",402,NA,NA,NA,NA,NA,NA,NA,402,409
"410","Aaron Smith","LB","South Carolina State",419,NA,NA,NA,NA,NA,385,NA,402,410
"411","Donovan Smith","QB","Houston",403,NA,NA,NA,NA,NA,NA,NA,403,411
"412","Mason Richman","OT","Iowa",404,NA,NA,NA,NA,NA,NA,NA,404,412
"413","Danny Striggow","EDGE","Minnesota",445,NA,NA,NA,NA,NA,365,NA,405,413
"414","D'Eryk Jackson","LB","Kentucky",487,NA,NA,NA,NA,NA,323,NA,405,414
"415","Kendall Bohler","CB","Florida A&M",406,NA,NA,NA,NA,NA,NA,NA,406,415
"416","Alex Huntley","DL","South Carolina",407,NA,NA,NA,NA,NA,NA,NA,407,416
"417","Ricky Barber","DL","UCF",408,NA,NA,NA,NA,NA,NA,NA,408,417
"418","Marlowe Wax","LB","Syracuse",409,NA,NA,NA,NA,NA,NA,NA,409,418
"419","Sean Martin","DL","West Virginia",384,NA,NA,NA,NA,NA,436,NA,410,419
"420","Adin Huntington","DL","Tulane",401,NA,NA,NA,NA,NA,421,NA,411,420
"421","Garmon Randolph","EDGE","Baylor",385,NA,NA,NA,NA,NA,443,NA,414,421
"422","Mose Vavao","IOL","Fresno State",414,NA,NA,NA,NA,NA,NA,NA,414,422
"423","Jordan Williams","OT","Georgia Tech",410,NA,NA,NA,NA,NA,419,NA,414.5,423
"424","De'Rickey Wright","S","Vanderbilt",424,NA,NA,NA,NA,NA,405,NA,414.5,424
"425","Keenan Pili","LB","Tennessee",415,NA,NA,NA,NA,NA,NA,NA,415,425
"426","Shamari Simmons","CB","Arizona State",405,NA,NA,NA,NA,NA,426,NA,415.5,426
"427","Gaethan Bernadel","LB","Stanford",418,NA,NA,NA,NA,NA,413,NA,415.5,427
"428","Johnathan Edwards","CB","Tulane",481,NA,NA,NA,NA,NA,353,NA,417,428
"429","Jack Conley","IOL","Boston College",446,NA,NA,NA,NA,NA,389,NA,417.5,429
"430","Elijah Alston","EDGE","Miami (FL)",420,NA,NA,NA,NA,NA,NA,NA,420,430
"431","Aubrey Burks","S","West Virginia",421,NA,NA,NA,NA,NA,NA,NA,421,431
"432","ShunDerrick Powell","RB","Central Arkansas",422,NA,NA,NA,NA,NA,NA,NA,422,432
"433","Seth Coleman","EDGE","Illinois",453,NA,NA,NA,NA,NA,392,NA,422.5,433
"434","David Gbenda","LB","Texas",423,NA,NA,NA,NA,NA,NA,NA,423,434
"435","Dalevon Campbell","WR","South Carolina",425,NA,NA,NA,NA,NA,NA,NA,425,435
"436","Taylor Elgersma","QB","Wilfrid Laurier",472,NA,NA,NA,NA,NA,379,NA,425.5,436
"437","Quentin Skinner","WR","Kansas",426,NA,NA,NA,NA,NA,NA,NA,426,437
"438","Amin Vanover","EDGE","Penn State",427,NA,NA,NA,NA,NA,NA,NA,427,438
"439","Micah Bernard","RB","Utah",457,NA,NA,NA,NA,NA,398,NA,427.5,439
"440","Tamuarion Wilson","LB","Central Arkansas",428,NA,NA,NA,NA,NA,NA,NA,428,440
"441","Cooper Mays","IOL","Tennessee",429,NA,NA,NA,NA,NA,NA,NA,429,441
"442","Greg Penn III","LB","LSU",417,NA,NA,NA,NA,NA,445,NA,431,442
"443","Dymere Miller","WR","Rutgers",433,NA,NA,NA,NA,NA,430,NA,431.5,443
"444","Syrus Webster","EDGE","Washington State",432,NA,NA,NA,NA,NA,NA,NA,432,444
"445","Dvon J-Thomas","DL","Penn State",434,NA,NA,NA,NA,NA,NA,NA,434,445
"446","Xavier Carlton","EDGE","California",435,NA,NA,NA,NA,NA,NA,NA,435,446
"447","Octavious Oxendine","DL","Kentucky",436,NA,NA,NA,NA,NA,NA,NA,436,447
"448","JJ Weaver","EDGE","Kentucky",437,NA,NA,NA,NA,NA,NA,NA,437,448
"449","Major Burns","S","LSU",438,NA,NA,NA,NA,NA,NA,NA,438,449
"450","Garnett Hollis Jr","CB","West Virginia",439,NA,NA,NA,NA,NA,NA,NA,439,450
"451","Trey Rucker","S","Oklahoma State",518,NA,NA,NA,NA,NA,361,NA,439.5,451
"452","Silas Bolden","WR","Texas",442,NA,NA,NA,NA,NA,NA,NA,442,452
"453","Glendon Miller","S","Maryland",475,NA,NA,NA,NA,NA,409,NA,442,453
"454","Cam'Ron Silmon Craig","S","Colorado",443,NA,NA,NA,NA,NA,NA,NA,443,454
"455","Jerjuan Newton","WR","Toledo",479,NA,NA,NA,NA,NA,408,NA,443.5,455
"456","Omari Thomas","DL","Tennessee",441,NA,NA,NA,NA,NA,447,NA,444,456
"457","Sal Wormley","IOL","Penn State",447,NA,NA,NA,NA,NA,NA,NA,447,457
"458","Dartanyan Tinsley","IOL","Cincinnati",448,NA,NA,NA,NA,NA,NA,NA,448,458
"459","Jestin Jacobs","LB","Oregon",506,NA,NA,NA,NA,NA,390,NA,448,459
"460","Gareth Warren","IOL","Lindenwood",449,NA,NA,NA,NA,NA,NA,NA,449,460
"461","Tyron Herring","CB","Delaware",501,NA,NA,NA,NA,NA,397,NA,449,461
"462","Jack Henderson","S","Minnesota",450,NA,NA,NA,NA,NA,NA,NA,450,462
"463","Zion Childress","S","Kentucky",451,NA,NA,NA,NA,NA,NA,NA,451,463
"464","Kristian Williams","DL","Missouri",452,NA,NA,NA,NA,NA,NA,NA,452,464
"465","Moose Muhammad III","WR","Texas A&M",486,NA,NA,NA,NA,NA,418,NA,452,465
"466","Davonte Brown","CB","Florida State",478,NA,NA,NA,NA,NA,427,NA,452.5,466
"467","Marcus Harper II","IOL","Oregon",454,NA,NA,NA,NA,NA,NA,NA,454,467
"468","Payton Thorne","QB","Auburn",460,NA,NA,NA,NA,NA,449,NA,454.5,468
"469","Josh Priebe","IOL","Michigan",499,NA,NA,NA,NA,NA,410,NA,454.5,469
"470","Dennis Briggs Jr","DL","Illinois",455,NA,NA,NA,NA,NA,NA,NA,455,470
"471","DJ Uiagalelei","QB","Florida State",531,NA,NA,NA,NA,NA,380,NA,455.5,471
"472","Paris Shand","DL","LSU",456,NA,NA,NA,NA,NA,NA,NA,456,472
"473","Malcolm Ray","DL","Rutgers",483,NA,NA,NA,NA,NA,429,NA,456,473
"474","Elijah Williams","DL","Morgan State",496,NA,NA,NA,NA,NA,416,NA,456,474
"475","Luke Elzinga","P","Oklahoma",694,NA,NA,220,NA,NA,NA,NA,457,475
"476","Marques Cox","OT","Kentucky",476,NA,NA,NA,NA,NA,439,NA,457.5,476
"477","Jahmal Banks","WR","Nebraska",458,NA,NA,NA,NA,NA,NA,NA,458,477
"478","Jahfari Harvey","EDGE","SMU",459,NA,NA,NA,NA,NA,NA,NA,459,478
"479","Kole Taylor","TE","West Virginia",461,NA,NA,NA,NA,NA,NA,NA,461,479
"480","Tre Stewart","RB","Jacksonville State",462,NA,NA,NA,NA,NA,NA,NA,462,480
"481","Xzavier Henderson","WR","Cincinnati",463,NA,NA,NA,NA,NA,NA,NA,463,481
"482","Anthony Landphere","TE","Memphis",464,NA,NA,NA,NA,NA,NA,NA,464,482
"483","Quinn Schulte","S","Iowa",465,NA,NA,NA,NA,NA,NA,NA,465,483
"484","Josh Williams","RB","LSU",466,NA,NA,NA,NA,NA,NA,NA,466,484
"485","Jared Penning","OT","Northern Iowa",488,NA,NA,NA,NA,NA,444,NA,466,485
"486","KJ Jefferson","QB","UCF",467,NA,NA,NA,NA,NA,NA,NA,467,486
"487","Brock Lampe","RB","Northern Illinois",468,NA,NA,NA,NA,NA,NA,NA,468,487
"488","Ethan Garbers","QB","UCLA",469,NA,NA,NA,NA,NA,NA,NA,469,488
"489","Brayden Keim","OT","BYU",470,NA,NA,NA,NA,NA,NA,NA,470,489
"490","Joey Slackman","DL","Florida",530,NA,NA,NA,NA,NA,411,NA,470.5,490
"491","Carter Runyon","TE","Towson",471,NA,NA,NA,NA,NA,NA,NA,471,491
"492","Monaray Baldwin","WR","Baylor",473,NA,NA,NA,NA,NA,NA,NA,473,492
"493","Brian Stevens","IOL","Virginia",498,NA,NA,NA,NA,NA,448,NA,473,493
"494","Isheem Young","S","North Texas",477,NA,NA,NA,NA,NA,NA,NA,477,494
"495","Ruben Hyppolite II","LB","Maryland",586,NA,NA,NA,NA,NA,368,NA,477,495
"496","Jacob Gardner","IOL","Colorado State",480,NA,NA,NA,NA,NA,NA,NA,480,496
"497","John Pius","EDGE","Wisconsin",548,NA,NA,NA,NA,NA,414,NA,481,497
"498","RJ Moten","S","Florida",482,NA,NA,NA,NA,NA,NA,NA,482,498
"499","Woodi Washington","CB","Oklahoma",484,NA,NA,NA,NA,NA,NA,NA,484,499
"500","Greedy Vance Jr","CB","USC",485,NA,NA,NA,NA,NA,NA,NA,485,500
"501","Kamren Fabiculanan","S","Washington",541,NA,NA,NA,NA,NA,434,NA,487.5,501
"502","Jalen Kimber","CB","Penn State",583,NA,NA,NA,NA,NA,394,NA,488.5,502
"503","Anthony Watkins","RB","Tulsa",489,NA,NA,NA,NA,NA,NA,NA,489,503
"504","Amari Kight","OT","UCF",490,NA,NA,NA,NA,NA,NA,NA,490,504
"505","Tysheem Johnson","S","Oregon",491,NA,NA,NA,NA,NA,NA,NA,491,505
"506","Aiden Williams","IOL","Minnesota Duluth",492,NA,NA,NA,NA,NA,NA,NA,492,506
"507","Nick Kallerup","TE","Minnesota",493,NA,NA,NA,NA,NA,NA,NA,493,507
"508","Ty Wise","LB","Miami (OH)",494,NA,NA,NA,NA,NA,NA,NA,494,508
"509","Austin Brinkman","LS","West Virginia",495,NA,NA,NA,NA,NA,NA,NA,495,509
"510","Cameron Oliver","CB","UNLV",497,NA,NA,NA,NA,NA,NA,NA,497,510
"511","Brendan Mott","EDGE","Kansas State",500,NA,NA,NA,NA,NA,NA,NA,500,511
"512","Kam Alexander","CB","Oregon",502,NA,NA,NA,NA,NA,NA,NA,502,512
"513","Bryce Benhart","OT","Nebraska",503,NA,NA,NA,NA,NA,NA,NA,503,513
"514","Adam Bock","LB","South Dakota State",504,NA,NA,NA,NA,NA,NA,NA,504,514
"515","Lawrance Toafili","RB","Florida State",609,NA,NA,NA,NA,NA,399,NA,504,515
"516","Cam Lockridge","CB","Fresno State",505,NA,NA,NA,NA,NA,NA,NA,505,516
"517","Aaron Lewis","EDGE","Rutgers",607,NA,NA,NA,NA,NA,404,NA,505.5,517
"518","Quinton Cooley","RB","Liberty",507,NA,NA,NA,NA,NA,NA,NA,507,518
"519","Warren Burrell","CB","Georgia Tech",508,NA,NA,NA,NA,NA,NA,NA,508,519
"520","Nick Jackson","LB","Iowa",509,NA,NA,NA,NA,NA,NA,NA,509,520
"521","Nate Noel","RB","Missouri",613,NA,NA,NA,NA,NA,407,NA,510,521
"522","Nofoafia Tulafono","IOL","Wyoming",511,NA,NA,NA,NA,NA,NA,NA,511,522
"523","Jacquez Stuart","RB","Toledo",512,NA,NA,NA,NA,NA,NA,NA,512,523
"524","William Wagner","LS","Michigan",513,NA,NA,NA,NA,NA,NA,NA,513,524
"525","CJ Taylor","S","Vanderbilt",514,NA,NA,NA,NA,NA,NA,NA,514,525
"526","Zemaiah Vaughn","CB","Utah",515,NA,NA,NA,NA,NA,NA,NA,515,526
"527","BJ Mayes","CB","Texas A&M",516,NA,NA,NA,NA,NA,NA,NA,516,527
"528","Garrett Greene","QB","West Virginia",517,NA,NA,NA,NA,NA,NA,NA,517,528
"529","Izavion Miller","OT","Auburn",519,NA,NA,NA,NA,NA,NA,NA,519,529
"530","Sulaiman Kpaka","DL","Mississippi State",520,NA,NA,NA,NA,NA,NA,NA,520,530
"531","Kobe Pace","RB","Virginia",600,NA,NA,NA,NA,NA,440,NA,520,531
"532","Seyi Oladipo","S","Boise State",521,NA,NA,NA,NA,NA,NA,NA,521,532
"533","Shaquan Loyal","S","Rutgers",522,NA,NA,NA,NA,NA,NA,NA,522,533
"534","De'Braylon Carroll","DL","Texas Tech",523,NA,NA,NA,NA,NA,NA,NA,523,534
"535","Malik Dixon-Williams","S","UConn",524,NA,NA,NA,NA,NA,NA,NA,524,535
"536","Montorie Foster","WR","Michigan State",525,NA,NA,NA,NA,NA,NA,NA,525,536
"537","Nay'Quan Wright","RB","South Florida",526,NA,NA,NA,NA,NA,NA,NA,526,537
"538","Zeke Correll","IOL","NC State",527,NA,NA,NA,NA,NA,NA,NA,527,538
"539","Emmanuel McNeil-Warren","S","Toledo",528,NA,NA,NA,NA,NA,NA,NA,528,539
"540","Car'lin Vigers","CB","Louisiana-Monroe",529,NA,NA,NA,NA,NA,NA,NA,529,540
"541","David Spaulding","CB","South Carolina",634,NA,NA,NA,NA,NA,428,NA,531,541
"542","Dominic Zvada","K","Michigan",532,NA,NA,NA,NA,NA,NA,NA,532,542
"543","Connor O'Toole","EDGE","Utah",533,NA,NA,NA,NA,NA,NA,NA,533,543
"544","Aydan White","CB","NC State",534,NA,NA,NA,NA,NA,NA,NA,534,544
"545","Andre Jefferson","DL","Lenoir-Rhyne",535,NA,NA,NA,NA,NA,NA,NA,535,545
"546","Easton Mascarenas-Arnold","LB","USC",536,NA,NA,NA,NA,NA,NA,NA,536,546
"547","Bill Norton","DL","Texas",632,NA,NA,NA,NA,NA,441,NA,536.5,547
"548","Kenyatta Watson II","S","Georgia State",537,NA,NA,NA,NA,NA,NA,NA,537,548
"549","DJ Lundy","LB","Florida State",538,NA,NA,NA,NA,NA,NA,NA,538,549
"550","Terrell Dawkins","EDGE","North Texas",539,NA,NA,NA,NA,NA,NA,NA,539,550
"551","Makari Paige","S","Michigan",540,NA,NA,NA,NA,NA,NA,NA,540,551
"552","Tahveon Nicholson","S","Louisville",542,NA,NA,NA,NA,NA,NA,NA,542,552
"553","Corey Dyches","TE","California",543,NA,NA,NA,NA,NA,NA,NA,543,553
"554","Jermayne Lole","DL","Texas",663,NA,NA,NA,NA,NA,423,NA,543,554
"555","De'Corian Clark","WR","UTSA",544,NA,NA,NA,NA,NA,NA,NA,544,555
"556","Michael Ford Jr","IOL","Kansas",545,NA,NA,NA,NA,NA,NA,NA,545,556
"557","Hudson Clark","S","Arkansas",546,NA,NA,NA,NA,NA,NA,NA,546,557
"558","Ross James","P","Oregon",547,NA,NA,NA,NA,NA,NA,NA,547,558
"559","Ethan Moczulski","K","Texas A&M",549,NA,NA,NA,NA,NA,NA,NA,549,559
"560","Robert Gunn","K","Clemson",550,NA,NA,NA,NA,NA,NA,NA,550,560
"561","Kobe Savage","S","Oregon",551,NA,NA,NA,NA,NA,NA,NA,551,561
"562","Bryce McFerson","P","Notre Dame",552,NA,NA,NA,NA,NA,NA,NA,552,562
"563","Alex Bacchetta","P","Penn State",553,NA,NA,NA,NA,NA,NA,NA,553,563
"564","Max Fletcher","P","Arkansas",554,NA,NA,NA,NA,NA,NA,NA,554,564
"565","Brett Thorson","P","Georgia",555,NA,NA,NA,NA,NA,NA,NA,555,565
"566","Alex McPherson","K","Auburn",556,NA,NA,NA,NA,NA,NA,NA,556,566
"567","Tyler Perkins","P","Iowa State",557,NA,NA,NA,NA,NA,NA,NA,557,567
"568","John Love","K","Virginia Tech",558,NA,NA,NA,NA,NA,NA,NA,558,568
"569","Will Bettridge","K","Virginia",559,NA,NA,NA,NA,NA,NA,NA,559,569
"570","Jackson Lee","LS","Florida International",560,NA,NA,NA,NA,NA,NA,NA,560,570
"571","Eli Stein","LS","Arkansas",561,NA,NA,NA,NA,NA,NA,NA,561,571
"572","Rino Monteforte","LS","Notre Dame",562,NA,NA,NA,NA,NA,NA,NA,562,572
"573","Nate Merchant","LS","Coastal Carolina",563,NA,NA,NA,NA,NA,NA,NA,563,573
"574","Morice Blackwell Jr","LB","Texas",564,NA,NA,NA,NA,NA,NA,NA,564,574
"575","Devin Kirkwood","CB","UCLA",565,NA,NA,NA,NA,NA,NA,NA,565,575
"576","Reuben Fatheree II","OT","Texas A&M",566,NA,NA,NA,NA,NA,NA,NA,566,576
"577","Mario Williams","WR","Tulane",567,NA,NA,NA,NA,NA,NA,NA,567,577
"578","Juan Davis","TE","Texas",568,NA,NA,NA,NA,NA,NA,NA,568,578
"579","Caiden Woullard","EDGE","Oklahoma",569,NA,NA,NA,NA,NA,NA,NA,569,579
"580","Dorian Singer","WR","Utah",570,NA,NA,NA,NA,NA,NA,NA,570,580
"581","Antario Brown","RB","Northern Illinois",571,NA,NA,NA,NA,NA,NA,NA,571,581
"582","Jack Howell","S","Colorado State",572,NA,NA,NA,NA,NA,NA,NA,572,582
"583","Sebastian Valdez","DL","Washington",573,NA,NA,NA,NA,NA,NA,NA,573,583
"584","Roderick Brown","DL","North Texas",574,NA,NA,NA,NA,NA,NA,NA,574,584
"585","Julian Fleming","WR","Penn State",575,NA,NA,NA,NA,NA,NA,NA,575,585
"586","Justin Flowe","LB","Arizona",576,NA,NA,NA,NA,NA,NA,NA,576,586
"587","Dontae Manning","CB","Oregon",577,NA,NA,NA,NA,NA,NA,NA,577,587
"588","Hudson Card","QB","Purdue",578,NA,NA,NA,NA,NA,NA,NA,578,588
"589","Jerrin Thompson","S","Auburn",579,NA,NA,NA,NA,NA,NA,NA,579,589
"590","Peny Boone","RB","UCF",580,NA,NA,NA,NA,NA,NA,NA,580,590
"591","Desmond Evans","EDGE","North Carolina",581,NA,NA,NA,NA,NA,NA,NA,581,591
"592","Gee Scott Jr","TE","Ohio State",582,NA,NA,NA,NA,NA,NA,NA,582,592
"593","Mark Redman","TE","Louisville",584,NA,NA,NA,NA,NA,NA,NA,584,593
"594","Malik Hornsby","WR","Arkansas State",585,NA,NA,NA,NA,NA,NA,NA,585,594
"595","EJ Smith","RB","Texas A&M",587,NA,NA,NA,NA,NA,NA,NA,587,595
"596","Nate McCollum","WR","North Carolina",588,NA,NA,NA,NA,NA,NA,NA,588,596
"597","Ladarius Tennison","S","UCF",589,NA,NA,NA,NA,NA,NA,NA,589,597
"598","MJ Sherman","LB","Nebraska",590,NA,NA,NA,NA,NA,NA,NA,590,598
"599","Jayson Jones","DL","Auburn",591,NA,NA,NA,NA,NA,NA,NA,591,599
"600","Money Parks","WR","Utah",592,NA,NA,NA,NA,NA,NA,NA,592,600
"601","Khari Coleman","EDGE","Mississippi",593,NA,NA,NA,NA,NA,NA,NA,593,601
"602","Vershon Lee","IOL","South Carolina",594,NA,NA,NA,NA,NA,NA,NA,594,602
"603","Kaden Moore","IOL","Virginia Tech",595,NA,NA,NA,NA,NA,NA,NA,595,603
"604","Jaheim Thomas","LB","Wisconsin",596,NA,NA,NA,NA,NA,NA,NA,596,604
"605","Will Rogers","QB","Washington",597,NA,NA,NA,NA,NA,NA,NA,597,605
"606","Robert Scott Jr","OT","Florida State",598,NA,NA,NA,NA,NA,NA,NA,598,606
"607","Ty French","EDGE","West Virginia",599,NA,NA,NA,NA,NA,NA,NA,599,607
"608","Cam Porter","RB","Northwestern",601,NA,NA,NA,NA,NA,NA,NA,601,608
"609","Jalen White","RB","Georgia Southern",602,NA,NA,NA,NA,NA,NA,NA,602,609
"610","Cal Haladay","LB","Michigan State",603,NA,NA,NA,NA,NA,NA,NA,603,610
"611","Brandon Thomas","RB","Memphis",604,NA,NA,NA,NA,NA,NA,NA,604,611
"612","Gerald Mincey","OT","Kentucky",605,NA,NA,NA,NA,NA,NA,NA,605,612
"613","Henry Blackburn","S","Colorado State",606,NA,NA,NA,NA,NA,NA,NA,606,613
"614","Mason Cobb","LB","USC",608,NA,NA,NA,NA,NA,NA,NA,608,614
"615","Deontae Craig","DL","Iowa",610,NA,NA,NA,NA,NA,NA,NA,610,615
"616","LaMiles Brooks","S","Georgia Tech",611,NA,NA,NA,NA,NA,NA,NA,611,616
"617","Lawrence Arnold","WR","Kansas",612,NA,NA,NA,NA,NA,NA,NA,612,617
"618","Micah Mazzccua","IOL","Nebraska",614,NA,NA,NA,NA,NA,NA,NA,614,618
"619","Gavin Holmes","CB","Texas",615,NA,NA,NA,NA,NA,NA,NA,615,619
"620","Marcus Carroll","RB","Missouri",616,NA,NA,NA,NA,NA,NA,NA,616,620
"621","Josh Fryar","OT","Ohio State",617,NA,NA,NA,NA,NA,NA,NA,617,621
"622","Yam Banks","S","Mississippi",618,NA,NA,NA,NA,NA,NA,NA,618,622
"623","Kendy Charles","DL","Duke",619,NA,NA,NA,NA,NA,NA,NA,619,623
"624","Nathan Carter","RB","Michigan State",620,NA,NA,NA,NA,NA,NA,NA,620,624
"625","Jonah Dalmas","K","Boise State",621,NA,NA,NA,NA,NA,NA,NA,621,625
"626","Easton Kilty","OT","Kansas State",622,NA,NA,NA,NA,NA,NA,NA,622,626
"627","Anton Juncaj","DL","Arkansas",623,NA,NA,NA,NA,NA,NA,NA,623,627
"628","Owen Daffer","K","North Carolina A&T",624,NA,NA,NA,NA,NA,NA,NA,624,628
"629","Kyle Morlock","TE","Florida State",625,NA,NA,NA,NA,NA,NA,NA,625,629
"630","Trey Sanders","RB","TCU",626,NA,NA,NA,NA,NA,NA,NA,626,630
"631","Jacob Bandes","DL","Washington",627,NA,NA,NA,NA,NA,NA,NA,627,631
"632","Connor Bazelak","QB","Bowling Green",628,NA,NA,NA,NA,NA,NA,NA,628,632
"633","Patrick Herbert","TE","Oregon",629,NA,NA,NA,NA,NA,NA,NA,629,633
"634","Khris Bogle","EDGE","Michigan State",630,NA,NA,NA,NA,NA,NA,NA,630,634
"635","Frank Ladson Jr","WR","UMass",631,NA,NA,NA,NA,NA,NA,NA,631,635
"636","Hank Bachmeier","QB","Wake Forest",633,NA,NA,NA,NA,NA,NA,NA,633,636
"637","Maurice Smith","IOL","Florida State",635,NA,NA,NA,NA,NA,NA,NA,635,637
"638","Luke Felix-Fualalo","OT","Hawaii",636,NA,NA,NA,NA,NA,NA,NA,636,638
"639","Justin Ball","TE","Mississippi State",637,NA,NA,NA,NA,NA,NA,NA,637,639
"640","Chico Bennett Jr","LB","Virginia",638,NA,NA,NA,NA,NA,NA,NA,638,640
"641","Xavier Guillory","WR","Arizona State",639,NA,NA,NA,NA,NA,NA,NA,639,641
"642","Treshaun Ward","RB","Boston College",640,NA,NA,NA,NA,NA,NA,NA,640,642
"643","Darius Washington","IOL","Florida State",641,NA,NA,NA,NA,NA,NA,NA,641,643
"644","Jonathan Mendoza","OT","Louisville",642,NA,NA,NA,NA,NA,NA,NA,642,644
"645","Jeremiah Byers","IOL","Florida State",643,NA,NA,NA,NA,NA,NA,NA,643,645
"646","Brian Ugwu","EDGE","Miami (OH)",644,NA,NA,NA,NA,NA,NA,NA,644,646
"647","Trace Ford","EDGE","Oklahoma",645,NA,NA,NA,NA,NA,NA,NA,645,647
"648","Kris Mitchell","WR","Notre Dame",646,NA,NA,NA,NA,NA,NA,NA,646,648
"649","Chase Lane","WR","Georgia Tech",647,NA,NA,NA,NA,NA,NA,NA,647,649
"650","Brett Gabbert","QB","Miami (OH)",648,NA,NA,NA,NA,NA,NA,NA,648,650
"651","Tyrone Broden","WR","Arkansas",649,NA,NA,NA,NA,NA,NA,NA,649,651
"652","Dante Cephas","WR","Kansas State",650,NA,NA,NA,NA,NA,NA,NA,650,652
"653","Trikweze Bridges","S","Florida",651,NA,NA,NA,NA,NA,NA,NA,651,653
"654","Melquan Stovall","WR","Arizona State",652,NA,NA,NA,NA,NA,NA,NA,652,654
"655","Nate Clifton","DL","USC",653,NA,NA,NA,NA,NA,NA,NA,653,655
"656","Collin Schlee","QB","Virginia Tech",654,NA,NA,NA,NA,NA,NA,NA,654,656
"657","Ali Jennings III","WR","Virginia Tech",655,NA,NA,NA,NA,NA,NA,NA,655,657
"658","Jordan Waters","RB","NC State",656,NA,NA,NA,NA,NA,NA,NA,656,658
"659","Jacob Dobbs","LB","Holy Cross",657,NA,NA,NA,NA,NA,NA,NA,657,659
"660","Johnny Hodges","LB","TCU",658,NA,NA,NA,NA,NA,NA,NA,658,660
"661","Casey Thompson","QB","Oklahoma",659,NA,NA,NA,NA,NA,NA,NA,659,661
"662","Gerry Bohanon","QB","BYU",660,NA,NA,NA,NA,NA,NA,NA,660,662
"663","Jacob Mangum-Farrar","LB","Indiana",661,NA,NA,NA,NA,NA,NA,NA,661,663
"664","Spencer Petras","QB","Utah State",662,NA,NA,NA,NA,NA,NA,NA,662,664
"665","Kam Butler","EDGE","Virginia",664,NA,NA,NA,NA,NA,NA,NA,664,665
"666","John Campbell Jr","OT","Tennessee",665,NA,NA,NA,NA,NA,NA,NA,665,666
"667","Campbell Barrington","OT","Baylor",666,NA,NA,NA,NA,NA,NA,NA,666,667
"668","Alan Bowman","QB","Oklahoma State",667,NA,NA,NA,NA,NA,NA,NA,667,668
"669","Connor Pay","IOL","BYU",668,NA,NA,NA,NA,NA,NA,NA,668,669
"670","Jordan McCloud","QB","Texas State",669,NA,NA,NA,NA,NA,NA,NA,669,670
"671","Abdul-Fatai Ibrahim","WR","Louisiana Tech",670,NA,NA,NA,NA,NA,NA,NA,670,671
"672","Justin Wright","LB","Oklahoma State",671,NA,NA,NA,NA,NA,NA,NA,671,672
"673","Nick Kidwell","IOL","Indiana",672,NA,NA,NA,NA,NA,NA,NA,672,673
"674","Ty Son Lawton","RB","Indiana",673,NA,NA,NA,NA,NA,NA,NA,673,674
"675","Chantz Williams","EDGE","Charlotte",674,NA,NA,NA,NA,NA,NA,NA,674,675
"676","Chidozie Nwankwo","DL","Colorado",675,NA,NA,NA,NA,NA,NA,NA,675,676
"677","Aamir Hall","CB","Michigan",676,NA,NA,NA,NA,NA,NA,NA,676,677
"678","Corey Rucker","WR","Arkansas State",677,NA,NA,NA,NA,NA,NA,NA,677,678
"679","Clarence Lewis","CB","Syracuse",678,NA,NA,NA,NA,NA,NA,NA,678,679
"680","Daylan Dotson","EDGE","UCF",679,NA,NA,NA,NA,NA,NA,NA,679,680
"681","Maliq Carr","TE","Houston",680,NA,NA,NA,NA,NA,NA,NA,680,681
"682","Ashton Grable","IOL","Florida A&M",681,NA,NA,NA,NA,NA,NA,NA,681,682
"683","Daryl Porter Jr","CB","Miami (FL)",682,NA,NA,NA,NA,NA,NA,NA,682,683
"684","Colin Ramos","LB","Navy",683,NA,NA,NA,NA,NA,NA,NA,683,684
"685","Jelani Stafford","DL","UConn",684,NA,NA,NA,NA,NA,NA,NA,684,685
"686","Caden Davis","K","Mississippi",685,NA,NA,NA,NA,NA,NA,NA,685,686
"687","Henry Parrish Jr","RB","Mississippi",686,NA,NA,NA,NA,NA,NA,NA,686,687
"688","Nate Matlack","EDGE","Pittsburgh",687,NA,NA,NA,NA,NA,NA,NA,687,688
"689","Brennan Presley","WR","Oklahoma State",688,NA,NA,NA,NA,NA,NA,NA,688,689
"690","Ryan Hanson","P","James Madison",689,NA,NA,NA,NA,NA,NA,NA,689,690
"691","Coziah Izzard","DL","Penn State",690,NA,NA,NA,NA,NA,NA,NA,690,691
"692","Keenan Garber","CB","Kansas State",691,NA,NA,NA,NA,NA,NA,NA,691,692
"693","Matt Jones","LB","Baylor",692,NA,NA,NA,NA,NA,NA,NA,692,693
"694","Andrew Henry","RB","New Mexico",693,NA,NA,NA,NA,NA,NA,NA,693,694
"695","Joshua Williams","RB","LSU",695,NA,NA,NA,NA,NA,NA,NA,695,695
"696","Blayne Taylor","WR","Abilene Christian",696,NA,NA,NA,NA,NA,NA,NA,696,696
"697","Jakob Robinson","S","BYU",697,NA,NA,NA,NA,NA,NA,NA,697,697
"698","Mike Smith","S","Eastern Kentucky",698,NA,NA,NA,NA,NA,NA,NA,698,698
"699","Brent Matiscik","LS","TCU",699,NA,NA,NA,NA,NA,NA,NA,699,699
"700","Ethan Robinson","S","Minnesota",700,NA,NA,NA,NA,NA,NA,NA,700,700
