"","Name","Team Abbreviation","Position","consensus_rank","PFF_rank","cbs_rank","espn_rank","fftoday_rank","footballguys_rank","yahoo_rank","nfl_rank","Position Rank","Bye Week","ADP","Projected Points","Auction Value"
"1","Ja'Marr Chase","CIN","WR",1,1,2,1,1,1,1,1,1,10,"1.6",332.64,"52"
"2","Bijan Robinson","ATL","RB",2,2,1,2,2,3,3,2,1,5,"3.3",297.34,"53"
"3","Jahmyr Gibbs","DET","RB",3,3,6,5,3,2,4,3,2,8,"5.3",293.37,"41"
"4","Saquon Barkley","PHI","RB",4,10,4,4,4,4,2,4,3,9,"3.5",283.52,"39"
"5","Justin Jefferson","MIN","WR",5,4,3,3,7,5,5,7,2,6,"4.2",291.24,"49"
"6","CeeDee Lamb","DAL","WR",6,8,5,6,9,7,6,9,6,10,"7.4",273.91,"55"
"7","Puka Nacua","LAR","WR",7,6,8,7,6,12,8,6,4,8,"8.8",284.59,"37"
"8","Malik Nabers","NYG","WR",8,12,7,8,8,8,9,8,8,14,"12.6",265.37,"28"
"9","Amon-Ra St. Brown","DET","WR",9,9,12,10,5,11,12,5,7,8,"11.6",269.32,"52"
"10","Ashton Jeanty","LV","RB",10,11,10,11,18,6,7,18,4,8,"10.1",288.3,"N/A"
"11","Christian McCaffrey","SF","RB",11,13,13,9,11,10,14,11,5,14,"9.2",275.49,"54"
"12","Nico Collins","HOU","WR",12,7,11,13,12,17,10,12,5,6,"17.5",277.27,"29"
"13","Brian Thomas Jr.","JAX","WR",13,5,15,14,14,16,13,14,3,8,"19.5",286.43,"4"
"14","De'Von Achane","MIA","RB",14,19,9,12,10,13,19,10,7,12,"13.9",273.95,"30"
"15","Brock Bowers","LV","TE",15,14,18,19,17,9,15,17,1,8,"19.5",245.89,"6"
"16","Derrick Henry","BAL","RB",16,20,16,18,19,14,11,19,8,7,"12.7",250.7,"31"
"17","Drake London","ATL","WR",17,17,19,22,13,24,20,13,9,5,"26.4",259.35,"37"
"18","Trey McBride","ARI","TE",18,15,24,20,20,15,23,20,2,8,"27",235.86,"18"
"19","Josh Jacobs","GB","RB",19,21,21,17,25,22,17,25,9,5,"19",250.17,"21"
"20","A.J. Brown","PHI","WR",20,18,14,15,30,25,18,30,10,9,"19.3",255.74,"47"
"21","Bucky Irving","TB","RB",21,16,25,21,32,20,21,32,6,9,"22.2",279.96,"2"
"22","Ladd McConkey","LAC","WR",22,22,26,30,22,27,22,22,11,12,"30.5",249.71,"8"
"23","Josh Allen","BUF","QB",23,26,27,25,24,23,25,24,2,7,"22.3",330.62,"20"
"24","Lamar Jackson","BAL","QB",24,30,29,26,23,21,27,23,3,7,"22.7",329.8,"12"
"25","Kyren Williams","LAR","RB",25,31,17,23,33,19,26,33,11,8,"23.6",240.11,"27"
"26","Jonathan Taylor","IND","RB",26,33,22,16,41,18,16,41,12,11,"16.1",240.76,"41"
"27","Chase Brown","CIN","RB",27,34,20,36,16,37,30,16,13,10,"35.9",224.3,"10"
"28","Jaxon Smith-Njigba","SEA","WR",28,43,31,34,21,33,24,21,20,8,"41.9",217.36,"8"
"29","Jayden Daniels","WAS","QB",29,23,30,27,42,31,29,42,1,12,"28.2",330.9,"5"
"30","Garrett Wilson","NYJ","WR",30,25,39,43,15,55,38,15,13,9,"52.6",239.05,"47"
"31","Tyreek Hill","MIA","WR",31,44,36,31,27,35,33,27,21,12,"33.3",217.43,"55"
"32","James Cook","BUF","RB",32,36,33,24,40,28,34,40,15,7,"27.7",230.16,"24"
"33","Tee Higgins","CIN","WR",33,24,23,29,51,30,28,51,12,10,"30",245.75,"17"
"34","George Kittle","SF","TE",34,27,38,39,35,34,32,35,3,14,"39.4",209.33,"9"
"35","Terry McLaurin","WAS","WR",35,37,40,35,29,40,36,29,15,12,"38.8",234.54,"19"
"36","Davante Adams","LAR","WR",36,41,28,32,43,29,39,43,18,8,"36.7",225.21,"33"
"37","Mike Evans","TB","WR",37,40,45,42,28,42,31,28,17,9,"47.9",232.63,"26"
"38","Breece Hall","NYJ","RB",38,54,37,51,34,26,37,34,20,9,"43.1",221.64,"51"
"39","Jalen Hurts","PHI","QB",39,32,54,28,47,36,35,47,4,9,"34.3",323.83,"18"
"40","Alvin Kamara","NO","RB",40,38,42,38,39,32,51,39,16,11,"45.2",220.05,"18"
"41","Joe Burrow","CIN","QB",41,50,52,40,31,39,48,31,5,10,"39.5",305,"8"
"42","Marvin Harrison Jr.","ARI","WR",42,39,46,44,50,38,42,50,16,8,"48.5",233.07,"35"
"43","Rashee Rice","KC","WR",43,29,34,33,66,45,40,66,14,10,"45",226.94,"15"
"44","Courtland Sutton","DEN","WR",44,62,43,55,38,43,53,38,31,12,"68.7",202.62,"6"
"45","Joe Mixon","HOU","RB",45,56,41,49,53,44,43,53,21,6,"36.2",215.59,"19"
"46","James Conner","ARI","RB",46,49,49,46,58,46,50,58,18,8,"53.5",217.33,"11"
"47","DeVonta Smith","PHI","WR",47,51,59,56,44,56,52,44,25,9,"70.9",214.14,"27"
"48","Chuba Hubbard","CAR","RB",48,52,35,41,69,52,45,69,19,14,"53.4",215.04,"3"
"49","Zay Flowers","BAL","WR",49,57,68,54,36,67,46,36,28,7,"69.4",212.2,"16"
"50","D'Andre Swift","CHI","RB",50,60,56,53,54,58,62,54,23,5,"71",207.5,"13"
"51","Jameson Williams","DET","WR",51,45,60,60,62,65,49,62,22,8,"83.8",214.58,"7"
"52","Xavier Worthy","KC","WR",52,53,55,48,74,41,58,74,26,10,"60.4",213.05,"6"
"53","Sam LaPorta","DET","TE",53,69,67,62,52,47,55,52,5,8,"49.5",182.5,"20"
"54","Jerry Jeudy","CLE","WR",54,70,47,59,49,54,81,49,36,9,"86.8",194.73,"3"
"55","Omarion Hampton","LAC","RB",55,35,58,50,76,61,57,76,14,12,"47.1",226.28,"N/A"
"56","Tetairoa McMillan","CAR","WR",56,46,71,65,61,63,67,61,23,14,"89.3",216.15,"N/A"
"57","Quinshon Judkins","CLE","RB",57,59,61,52,72,57,78,72,22,9,"61.7",217.44,"N/A"
"58","Tony Pollard","TEN","RB",58,72,66,71,56,66,70,56,25,10,"82.8",203.5,"7"
"59","David Montgomery","DET","RB",59,76,53,68,70,74,54,70,27,8,"61.2",185.95,"10"
"60","Chris Godwin","TB","WR",60,67,57,72,87,59,56,87,34,9,"105.3",197.67,"16"
"61","Jakobi Meyers","LV","WR",61,68,77,74,48,69,105,48,35,8,"114.5",196.26,"3"
"62","Chris Olave","NO","WR",62,55,81,75,75,64,69,75,27,11,"97.1",195.8,"33"
"63","Travis Kelce","KC","TE",63,102,69,77,55,53,91,55,11,10,"66.3",158.93,"20"
"64","Jordan Addison","MIN","WR",64,63,70,73,78,70,73,78,32,6,"95.1",196.5,"6"
"65","Baker Mayfield","TB","QB",65,75,88,91,57,79,60,57,7,9,"77.1",285.02,"1"
"66","Calvin Ridley","TEN","WR",66,85,79,57,65,82,74,65,42,10,"83.8",191.12,"14"
"67","David Njoku","CLE","TE",67,89,64,76,64,60,96,64,7,9,"80",174.41,"6"
"68","Jaylen Waddle","MIA","WR",68,58,80,58,83,76,76,83,29,12,"80.9",209.46,"33"
"69","RJ Harvey","DEN","RB",69,48,65,67,85,106,68,85,17,12,"65.4",218.56,"N/A"
"70","George Pickens","DAL","WR",70,74,74,61,88,87,61,88,37,10,"73.3",191.11,"20"
"71","T.J. Hockenson","MIN","TE",71,65,84,63,96,72,63,96,4,6,"61.7",186.83,"2"
"72","Jonnu Smith","MIA","TE",72,82,97,107,59,71,80,59,6,12,"106.3",179.76,"1"
"73","Mark Andrews","BAL","TE",73,103,105,78,68,62,84,68,12,7,"83.2",154.76,"16"
"74","Kaleb Johnson","PIT","RB",74,88,75,84,79,100,65,79,33,5,"83.6",154.05,"N/A"
"75","TreVeyon Henderson","NE","RB",75,87,50,83,102,86,71,102,32,14,"84.9",165.27,"N/A"
"76","Stefon Diggs","NE","WR",76,94,122,96,45,85,102,45,43,14,"106.9",173.64,"19"
"77","Jauan Jennings","SF","WR",77,77,72,81,104,80,86,104,38,14,"103.5",189.8,"1"
"78","Jaylen Warren","PIT","RB",78,73,83,89,101,75,85,101,26,5,"104.5",186.98,"11"
"79","Rome Odunze","CHI","WR",79,83,92,64,107,83,83,107,40,5,"86",188.34,"5"
"80","Khalil Shakir","BUF","WR",80,108,82,80,86,84,104,86,45,7,"106",193.82,"5"
"81","Isiah Pacheco","KC","RB",81,80,78,85,108,108,66,108,29,10,"82.7",186.82,"31"
"82","Jayden Reed","GB","WR",82,144,106,100,63,94,89,63,55,5,"null",187.17,"12"
"83","Kyler Murray","ARI","QB",83,106,121,93,84,90,82,84,13,8,"96.9",268.32,"8"
"84","Darnell Mooney","ATL","WR",84,96,100,111,67,96,128,67,44,5,"null",182.04,"2"
"85","Rhamondre Stevenson","NE","RB",85,86,89,90,89,115,111,89,31,14,"104.1",168.15,"15"
"86","Bo Nix","DEN","QB",86,104,96,92,116,68,77,116,12,12,"78.1",270.5,"N/A"
"87","Cooper Kupp","SEA","WR",87,117,73,82,94,88,121,94,47,8,"91.5",176.83,"30"
"88","Brock Purdy","SF","QB",88,90,115,94,93,117,88,93,8,14,"104.3",277.4,"3"
"89","Jared Goff","DET","QB",89,111,108,128,80,114,72,80,15,8,"null",265.12,"4"
"90","Tucker Kraft","GB","TE",90,92,110,108,90,112,92,90,8,5,"null",153.2,"N/A"
"91","Matthew Golden","GB","WR",91,79,93,79,127,93,119,127,39,5,"92.7",180.2,"N/A"
"92","Javonte Williams","DAL","RB",92,116,90,86,92,120,132,92,40,10,"96.4",157.08,"6"
"93","Caleb Williams","CHI","QB",93,110,104,104,105,113,90,105,14,5,"null",230.67,"2"
"94","Josh Downs","IND","WR",94,114,103,112,99,103,103,99,46,11,"null",182.23,"2"
"95","Najee Harris","LAC","RB",95,107,91,119,114,116,87,114,38,12,"109.4",94.21,"9"
"96","Ricky Pearsall","SF","WR",96,128,85,97,110,124,98,110,49,14,"null",136.04,"2"
"97","Evan Engram","DEN","TE",97,113,113,106,136,81,95,136,14,12,"97.4",150.18,"12"
"98","Zach Charbonnet","SEA","RB",98,127,109,120,113,98,109,113,46,8,"null",152.94,"3"
"99","J.K. Dobbins","DEN","RB",99,101,101,103,124,97,143,124,36,12,"null",108,"3"
"100","Rachaad White","TB","RB",100,149,116,117,97,102,118,97,52,9,"null",124.18,"23"
"101","Brandon Aiyuk","SF","WR",101,84,158,137,91,128,113,91,41,14,"106.7",195.56,"23"
"102","Justin Herbert","LAC","QB",102,112,135,105,121,118,97,121,16,12,"112.3",265.9,"1"
"103","Austin Ekeler","WAS","RB",103,157,95,102,109,110,137,109,56,12,"113.5",148.12,"5"
"104","Tyjae Spears","TEN","RB",104,115,117,115,118,125,116,118,39,10,"null",150.43,"7"
"105","Dak Prescott","DAL","QB",105,217,99,124,100,105,101,100,21,10,"null",264.55,"8"
"106","Keon Coleman","BUF","WR",106,145,126,98,119,101,149,119,56,7,"null",173.42,"7"
"107","Jake Ferguson","DAL","TE",107,135,146,135,103,121,122,103,16,10,"null",146.25,"9"
"108","Cam Skattebo","NYG","RB",108,93,94,101,168,135,108,168,34,14,"102.8",156.5,"N/A"
"109","Rashid Shaheed","NO","WR",109,146,138,110,106,132,136,106,57,11,"111.5",183.65,"2"
"110","Drake Maye","NE","QB",110,136,136,126,139,127,94,139,20,14,"null",237.35,"N/A"
"111","Justin Fields","NYJ","QB",111,91,102,125,204,109,75,204,9,9,"null",267.99,"1"
"112","Trevor Lawrence","JAX","QB",112,100,125,198,129,126,106,129,11,8,"null",242.1,"2"
"113","Pat Freiermuth","PIT","TE",113,221,148,121,95,89,144,95,22,5,"null",151.89,"3"
"114","J.J. McCarthy","MIN","QB",114,98,151,129,151,111,127,151,10,6,"null",244.2,"1"
"115","Ray Davis","BUF","RB",115,139,130,153,125,131,139,125,51,7,"null",102.83,"2"
"116","Dallas Goedert","PHI","TE",116,125,140,113,165,122,117,165,15,9,"null",148.89,"3"
"117","Jordan Mason","MIN","RB",117,78,107,118,181,186,99,181,28,6,"null",124.98,"1"
"118","Rashod Bateman","BAL","WR",118,163,161,143,111,130,134,111,67,7,"null",145.22,"2"
"119","Tank Bigsby","JAX","RB",119,124,124,116,163,160,112,163,44,8,"113.1",118.7,"1"
"120","Tyler Warren","IND","TE",120,109,118,136,149,158,151,149,13,11,"null",151.43,"N/A"
"121","Cedric Tillman","CLE","WR",121,154,142,133,120,146,159,120,62,9,"null",189.09,"N/A"
"122","Tyler Allgeier","ATL","RB",122,132,155,148,128,152,133,128,48,5,"null",100.86,"3"
"123","Christian Kirk","HOU","WR",123,142,120,161,161,104,131,161,53,6,"null",191.81,"20"
"124","Luther Burden III","CHI","WR",124,137,123,144,148,144,152,148,51,5,"null",98.47,"N/A"
"125","Colston Loveland","CHI","TE",125,99,111,109,205,145,129,205,10,5,"null",158.81,"N/A"
"126","Jordan Love","GB","QB",126,121,131,127,197,134,100,197,17,5,"null",253.89,"10"
"127","Adam Thielen","CAR","WR",127,152,167,132,140,99,181,140,61,14,"null",165.35,"2"
"128","Jayden Higgins","HOU","WR",128,143,139,123,137,157,177,137,54,6,"null",116.55,"N/A"
"129","Bhayshul Tuten","JAX","RB",129,105,129,149,150,209,125,150,37,8,"null",62.46,"N/A"
"130","Romeo Doubs","GB","WR",130,150,137,194,112,151,166,112,60,5,"null",171.24,"4"
"131","C.J. Stroud","HOU","QB",131,122,154,197,155,143,110,155,18,6,"null",249.13,"12"
"132","Xavier Legette","CAR","WR",132,164,152,131,134,142,189,134,68,14,"null",116.85,"1"
"133","Kyle Pitts","ATL","TE",133,138,149,193,133,136,165,133,17,5,"null",138.18,"13"
"134","Quentin Johnston","LAC","WR",134,169,175,166,122,137,174,122,71,12,"170",174.21,"1"
"135","Emeka Egbuka","TB","WR",135,129,134,138,175,153,162,175,50,9,"null",128.95,"N/A"
"136","Braelon Allen","NYJ","RB",136,119,144,156,131,204,192,131,41,9,"170",83.07,"1"
"137","Isaac Guerendo","SF","RB",137,134,119,151,167,201,145,167,50,14,"null",110.22,"1"
"138","Roschon Johnson","CHI","RB",138,120,132,155,177,154,178,177,42,5,"null",109.37,"1"
"139","Rico Dowdle","CAR","RB",139,158,160,223,126,162,138,126,57,14,"null",102.09,"4"
"140","Wan'Dale Robinson","NYG","WR",140,166,153,141,144,119,226,144,70,14,"null",177.8,"1"
"141","Jaydon Blue","DAL","RB",141,126,114,150,162,210,184,162,45,10,"null",109.16,"N/A"
"142","Zach Ertz","WAS","TE",142,222,145,168,135,140,170,135,23,12,"null",130.01,"1"
"143","Trey Benson","ARI","RB",143,130,127,147,185,208,154,185,47,8,"null",107.67,"5"
"144","Jack Bech","LV","WR",144,159,147,130,153,243,157,153,64,8,"null",149.33,"N/A"
"145","Michael Wilson","ARI","WR",145,175,190,160,142,148,238,142,73,8,"170",139.35,"1"
"146","Michael Penix Jr.","ATL","QB",146,131,185,200,152,230,146,152,19,5,"null",222.56,"N/A"
"147","Kareem Hunt","KC","RB",147,244,193,154,117,159,221,117,70,10,"null",76.25,"N/A"
"148","Brenton Strange","JAX","TE",148,177,163,207,176,147,175,176,20,8,"null",133.77,"N/A"
"149","Jalen McMillan","TB","WR",149,181,183,146,179,193,160,179,77,9,"null",98.02,"1"
"150","Tyler Lockett","TEN","WR",150,187,177,201,141,149,274,141,81,10,"null",134.99,"3"
"151","Jerome Ford","CLE","RB",151,251,172,221,138,202,158,138,73,9,"170",46.92,"7"
"152","Bryce Young","CAR","QB",152,218,166,219,170,220,123,170,22,14,"null",213.22,"1"
"153","Alec Pierce","IND","WR",153,183,178,232,158,197,186,158,79,11,"170",99.89,"1"
"154","Nick Chubb","HOU","RB",154,151,159,212,193,203,204,193,53,6,"null",71.81,"5"
"155","Mike Gesicki","CIN","TE",155,223,182,206,192,133,202,192,24,10,"null",128.42,"1"
"156","Darius Slayton","NYG","WR",156,242,180,209,156,156,249,156,84,14,"170",125.89,"1"
"157","Kendre Miller","NO","RB",157,188,186,214,178,238,196,178,67,11,"170.1",124.88,"2"
"158","Dylan Sampson","CLE","RB",158,168,157,222,200,216,218,200,59,9,"170",100.33,"N/A"
"159","Isaiah Likely","BAL","TE",159,141,179,289,196,253,130,196,18,7,"null",126.48,"1"
"160","Will Shipley","PHI","RB",160,192,165,164,187,235,259,187,69,9,"170",33.86,"1"
"161","Justice Hill","BAL","RB",161,274,189,165,157,257,235,157,77,7,"null",115.92,"1"
"162","Brandin Cooks","NO","WR",162,250,199,208,174,171,300,174,87,11,"170",110.31,"3"
"163","Jalen Tolbert","DAL","WR",163,257,197,263,143,242,303,143,88,10,"170",114.55,"1"
"164","DJ Giddens","IND","RB",164,186,188,240,201,328,242,201,66,11,"170",46.08,"N/A"
"165","Kenneth Walker III","SEA","RB",165,28,32,37,NA,NA,41,NA,10,8,"40.8",246.37,"16"
"166","DJ Moore","CHI","WR",166,42,44,45,NA,48,47,NA,19,5,"55.8",222.76,"24"
"167","Travis Hunter","JAX","WR",167,47,51,66,98,78,NA,98,24,8,"null",215.01,"N/A"
"168","D.K. Metcalf","PIT","WR",168,61,NA,NA,NA,NA,NA,NA,30,5,"55.2",223.44,"32"
"169","Deebo Samuel","WAS","WR",169,64,NA,NA,77,NA,NA,77,33,12,"null",197.87,"26"
"170","Patrick Mahomes","KC","QB",170,66,NA,70,60,NA,NA,60,6,10,"56.9",297.05,"21"
"171","Aaron Jones","MIN","RB",171,71,62,69,46,51,NA,46,24,6,"75.8",204.31,"12"
"172","Brian Robinson","WAS","RB",172,81,NA,NA,NA,NA,NA,NA,30,12,"null",168.74,"5"
"173","Tyrone Tracy","NYG","RB",173,95,NA,NA,NA,NA,NA,NA,35,14,"null",162.79,"1"
"174","Dalton Kincaid","BUF","TE",174,97,128,122,NA,150,114,NA,9,7,"null",150.04,"17"
"175","Marvin Mims Jr.","DEN","WR",175,118,169,142,NA,138,142,NA,48,12,"null",160.64,"1"
"176","Travis Etienne Jr.","JAX","RB",176,123,86,114,NA,107,120,NA,43,8,"115.7",157.74,"30"
"177","Keaton Mitchell","BAL","RB",177,133,NA,280,NA,312,251,NA,49,7,"170",47.64,"1"
"178","Michael Pittman Jr.","IND","WR",178,140,112,99,82,NA,115,82,52,11,"null",170.07,"30"
"179","Marquise Brown","KC","WR",179,147,164,NA,123,139,164,123,58,10,"null",157.8,"17"
"180","Demario Douglas","NE","WR",180,148,NA,NA,NA,NA,NA,NA,59,14,"170",144.49,"2"
"181","MarShawn Lloyd","GB","RB",181,153,162,152,NA,215,155,NA,54,5,"null",94.82,"2"
"182","Jaylen Wright","MIA","RB",182,155,143,163,NA,214,141,NA,55,12,"null",100.37,"2"
"183","Tre Harris","LAC","WR",183,156,141,140,NA,129,197,NA,63,12,"null",104.67,"N/A"
"184","Calvin Austin III","PIT","WR",184,160,NA,231,NA,123,263,NA,65,5,"170",165.89,"1"
"185","Kyle Williams","NE","WR",185,161,150,139,NA,213,153,NA,66,14,"null",87.64,"N/A"
"186","Blake Corum","LAR","RB",186,162,NA,195,212,227,161,212,58,8,"null",71.92,"5"
"187","Pat Bryant","DEN","WR",187,165,NA,145,NA,271,231,NA,69,12,"null",78.13,"N/A"
"188","Chigoziem Okonkwo","TEN","TE",188,167,NA,167,NA,NA,NA,NA,19,10,"null",136.8,"1"
"189","Jarquez Hunter","LAR","RB",189,170,171,242,NA,342,214,NA,60,8,"170",37.51,"N/A"
"190","Tutu Atwell","LAR","WR",190,171,NA,252,171,195,NA,171,72,8,"170",122.42,"1"
"191","Raheem Mostert","LV","RB",191,172,NA,226,172,258,237,172,61,8,"null",73.94,"8"
"192","Miles Sanders","DAL","RB",192,173,NA,239,188,207,295,188,62,10,"170",65.67,"1"
"193","Isaiah Davis","NYJ","RB",193,174,NA,283,NA,323,313,NA,63,9,"170",56.25,"N/A"
"194","Joshua Palmer","BUF","WR",194,176,170,204,NA,196,228,NA,74,7,"170",127.44,"4"
"195","Jaylin Noel","HOU","WR",195,178,NA,233,NA,232,201,NA,75,6,"170",39.98,"N/A"
"196","Jalen Royals","KC","WR",196,179,NA,NA,NA,354,252,NA,76,10,"170",64.35,"N/A"
"197","Kyle Monangai","CHI","RB",197,180,NA,277,NA,332,256,NA,64,5,"170",17.4,"N/A"
"198","Jalen Coker","CAR","WR",198,182,200,253,NA,226,182,NA,78,14,"170",63.44,"N/A"
"199","Elijah Mitchell","KC","RB",199,184,187,249,NA,278,271,NA,65,10,"170",66.6,"2"
"200","Adonai Mitchell","IND","WR",200,185,NA,211,NA,217,220,NA,80,11,"170.1",74.05,"1"
"201","Dyami Brown","JAX","WR",201,189,NA,NA,NA,212,315,NA,82,8,"170",90.96,"N/A"
"202","Zack Moss","CIN","RB",202,190,NA,196,194,247,298,194,68,10,"169.9",68.01,"6"
"203","DeAndre Hopkins","BAL","WR",203,191,173,210,NA,205,195,NA,83,7,"null",102.9,"6"
"204","Pittsburgh Steelers DST","PIT","DST",204,193,NA,NA,NA,NA,NA,NA,1,5,"103.4",112.25,"N/A"
"205","Buffalo Bills DST","BUF","DST",205,194,NA,NA,NA,NA,NA,NA,2,7,"null",112.31,"N/A"
"206","Baltimore Ravens DST","BAL","DST",206,195,NA,NA,NA,NA,NA,NA,3,7,"109",96.45,"N/A"
"207","Denver Broncos DST","DEN","DST",207,196,NA,NA,NA,NA,NA,NA,4,12,"92.3",104.88,"N/A"
"208","Detroit Lions DST","DET","DST",208,197,NA,NA,NA,NA,NA,NA,5,8,"null",109.71,"N/A"
"209","Philadelphia Eagles DST","PHI","DST",209,198,NA,NA,NA,NA,NA,NA,6,9,"109.4",105.68,"N/A"
"210","Matt Gay","WAS","K",210,199,NA,192,221,185,241,221,1,12,"null",141.01,"N/A"
"211","Brandon Aubrey","DAL","K",211,200,NA,184,199,164,171,199,2,10,"null",147.19,"N/A"
"212","Jake Bates","DET","K",212,201,NA,181,210,168,180,210,3,8,"106.8",149.27,"N/A"
"213","Harrison Butker","KC","K",213,202,NA,189,NA,188,200,NA,4,10,"null",142.44,"N/A"
"214","Cameron Dicker","LAC","K",214,203,NA,183,208,169,176,208,5,12,"null",145.36,"N/A"
"215","Jake Elliott","PHI","K",215,204,NA,187,214,190,211,214,6,9,"null",146.12,"N/A"
"216","Tyler Bass","BUF","K",216,205,NA,186,226,182,217,226,7,7,"null",143.27,"N/A"
"217","Chase McLaughlin","TB","K",217,206,NA,182,209,180,194,209,8,9,"null",143.99,"N/A"
"218","Evan McPherson","CIN","K",218,207,NA,257,225,459,193,225,9,10,"null",143.46,"N/A"
"219","Ka'imi Fairbairn","HOU","K",219,208,NA,237,222,177,203,222,10,6,"null",138.29,"N/A"
"220","Wil Lutz","DEN","K",220,209,NA,288,NA,178,187,NA,11,12,"null",133.98,"N/A"
"221","Younghoe Koo","ATL","K",221,210,NA,NA,NA,466,219,NA,12,5,"null",135.02,"N/A"
"222","Minnesota Vikings DST","MIN","DST",222,211,NA,NA,NA,NA,NA,NA,7,6,"null",104.23,"N/A"
"223","Houston Texans DST","HOU","DST",223,212,NA,NA,NA,NA,NA,NA,8,6,"95.2",103.11,"N/A"
"224","Dallas Cowboys DST","DAL","DST",224,213,NA,NA,NA,NA,NA,NA,9,10,"null",106.65,"N/A"
"225","Kansas City Chiefs DST","KC","DST",225,214,NA,NA,NA,NA,NA,NA,10,10,"null",97.65,"N/A"
"226","Seattle Seahawks DST","SEA","DST",226,215,NA,NA,NA,NA,NA,NA,11,8,"null",102.2,"N/A"
"227","Los Angeles Chargers DST","LAC","DST",227,216,NA,NA,NA,NA,NA,NA,12,12,"null",95.86,"N/A"
"228","Tua Tagovailoa","MIA","QB",228,219,133,157,NA,173,124,NA,23,12,"null",252.47,"3"
"229","Hunter Henry","NE","TE",229,220,NA,159,145,155,147,145,21,14,"null",134.16,"1"
"230","Geno Smith","LV","QB",230,224,NA,220,203,222,135,203,24,8,"null",249.49,"1"
"231","Cam Ward","TEN","QB",231,225,NA,NA,NA,219,NA,NA,25,10,"null",231.33,"N/A"
"232","Mason Taylor","NYJ","TE",232,226,NA,217,NA,246,227,NA,25,9,"null",110.07,"N/A"
"233","Ja'Tavion Sanders","CAR","TE",233,227,NA,291,NA,288,229,NA,26,14,"169.9",109.77,"N/A"
"234","Oronde Gadsden II","LAC","TE",234,228,NA,NA,NA,441,306,NA,27,12,"170",26.58,"N/A"
"235","Matthew Stafford","LAR","QB",235,229,176,158,NA,233,126,NA,26,8,"null",243.23,"1"
"236","Aaron Rodgers","PIT","QB",236,230,NA,268,NA,234,198,NA,27,5,"null",245.55,"1"
"237","Sam Darnold","SEA","QB",237,231,NA,267,146,224,169,146,28,8,"null",242.7,"N/A"
"238","Cade Otton","TB","TE",238,232,NA,215,147,248,205,147,28,9,"null",129.05,"1"
"239","Green Bay Packers DST","GB","DST",239,233,NA,NA,NA,NA,NA,NA,13,5,"null",103.62,"N/A"
"240","San Francisco 49ers DST","SF","DST",240,234,NA,NA,NA,NA,NA,NA,14,14,"null",110.73,"N/A"
"241","Chris Boswell","PIT","K",241,235,NA,188,218,187,185,218,13,5,"null",145.15,"N/A"
"242","Tyler Loop","BAL","K",242,236,NA,191,223,492,257,223,14,7,"null",142.01,"N/A"
"243","Anthony Richardson","IND","QB",243,237,174,218,NA,NA,NA,NA,29,11,"null",226.35,"11"
"244","Dalton Schultz","HOU","TE",244,238,NA,216,NA,240,234,NA,29,6,"null",123.38,"2"
"245","Tyler Shough","NO","QB",245,239,NA,270,NA,249,307,NA,30,11,"169.9",219.97,"N/A"
"246","Juwan Johnson","NO","TE",246,240,NA,290,159,245,299,159,30,11,"170",112.71,"1"
"247","Russell Wilson","NYG","QB",247,241,NA,269,NA,239,232,NA,31,14,"null",201.42,"1"
"248","Theo Johnson","NYG","TE",248,243,NA,259,NA,241,288,NA,31,14,"169.9",110.83,"N/A"
"249","Tahj Brooks","CIN","RB",249,245,NA,NA,NA,296,285,NA,71,10,"170",2.11,"N/A"
"250","Cam Akers","NO","RB",250,246,NA,NA,NA,266,NA,NA,72,11,"170",0,"1"
"251","Noah Fant","SEA","TE",251,247,NA,260,NA,269,287,NA,32,8,"169.9",101.13,"1"
"252","Andrei Iosivas","CIN","WR",252,248,NA,229,160,163,236,160,85,10,"170",113.47,"1"
"253","Diontae Johnson","CLE","WR",253,249,NA,205,NA,198,254,NA,86,9,"170",127.56,"14"
"254","Kenny Pickett","CLE","QB",254,252,NA,NA,NA,287,NA,NA,32,9,"170",201.44,"N/A"
"255","Cincinnati Bengals DST","CIN","DST",255,253,NA,NA,NA,NA,NA,NA,15,10,"null",100.77,"N/A"
"256","Los Angeles Rams DST","LAR","DST",256,254,NA,NA,NA,NA,NA,NA,16,8,"null",103.36,"N/A"
"257","Joshua Karty","LAR","K",257,255,NA,238,NA,467,233,NA,15,8,"null",138.84,"N/A"
"258","Jason Sanders","MIA","K",258,256,NA,185,NA,192,225,NA,16,12,"null",141.45,"N/A"
"259","Noah Brown","WAS","WR",259,258,192,271,191,221,NA,191,89,12,"170",112.3,"1"
"260","Devaughn Vele","DEN","WR",260,259,181,NA,189,254,264,189,90,12,"170",88.63,"N/A"
"261","Tyler Higbee","LAR","TE",261,260,NA,258,NA,285,267,NA,33,8,"null",99.88,"N/A"
"262","Tyler Conklin","LAC","TE",262,261,NA,293,NA,311,NA,NA,34,12,"170",106.92,"1"
"263","Elijah Arroyo","SEA","TE",263,262,196,292,NA,396,279,NA,35,8,"null",84.49,"N/A"
"264","AJ Dillon","PHI","RB",264,263,NA,NA,NA,NA,NA,NA,74,9,"170",70.81,"1"
"265","Trevor Etienne","CAR","RB",265,264,NA,241,NA,302,314,NA,75,14,"null",43.46,"N/A"
"266","Joe Flacco","CLE","QB",266,265,NA,NA,NA,267,278,NA,33,9,"170",32.63,"N/A"
"267","Cole Kmet","CHI","TE",267,266,NA,NA,NA,292,230,NA,36,5,"null",43.16,"2"
"268","Ray-Ray McCloud III","ATL","WR",268,267,NA,234,NA,141,NA,NA,91,5,"170",151.18,"N/A"
"269","Dontayvion Wicks","GB","WR",269,268,NA,NA,NA,251,208,NA,92,5,"170",73.64,"3"
"270","Terrance Ferguson","LAR","TE",270,269,NA,NA,NA,327,209,NA,37,8,"169.9",58.62,"N/A"
"271","Michael Mayer","LV","TE",271,270,NA,NA,NA,274,NA,NA,38,8,"170.1",83.03,"1"
"272","Noah Gray","KC","TE",272,271,NA,NA,NA,290,294,NA,39,10,"170",84.17,"N/A"
"273","Khalil Herbert","IND","RB",273,272,NA,NA,NA,299,248,NA,76,11,"170",12.56,"1"
"274","Ben Sinnott","WAS","TE",274,273,NA,NA,NA,338,320,NA,40,12,"170",49.16,"N/A"
"275","Jordan James","SF","RB",275,275,NA,282,NA,295,245,NA,78,14,"170",27.33,"N/A"
"276","Tre Tucker","LV","WR",276,276,NA,274,166,184,317,166,93,8,"170.1",125.16,"1"
"277","Josh Reynolds","NYJ","WR",277,277,NA,264,NA,199,NA,NA,94,9,"170.1",65.92,"1"
"278","Mike Williams","LAC","WR",278,278,NA,162,NA,244,286,NA,95,12,"170",89.65,"2"
"279","Daniel Jones","IND","QB",279,279,NA,296,NA,228,291,NA,34,11,"170",66.48,"1"
"280","Parker Washington","JAX","WR",280,280,NA,262,NA,260,308,NA,96,8,"170",73.46,"N/A"
"281","Tim Patrick","DET","WR",281,281,NA,NA,195,264,284,195,97,8,"170",83.23,"1"
"282","Jordan Whittington","LAR","WR",282,282,NA,294,NA,265,310,NA,98,8,"170.1",72.9,"N/A"
"283","Roman Wilson","PIT","WR",283,283,NA,NA,NA,223,272,NA,99,5,"169.9",112.95,"1"
"284","Jalen Nailor","MIN","WR",284,284,NA,NA,NA,225,NA,NA,100,6,"170",76.66,"N/A"
"285","Jaxson Dart","NYG","QB",285,285,NA,NA,NA,310,NA,NA,35,14,"null",51.84,"N/A"
"286","Marquez Valdes-Scantling","SEA","WR",286,286,194,295,NA,237,NA,NA,101,8,"170",88.9,"N/A"
"287","Savion Williams","GB","WR",287,287,NA,NA,NA,307,NA,NA,102,5,"170",33.97,"N/A"
"288","Spencer Rattler","NO","QB",288,288,NA,NA,NA,294,NA,NA,36,11,"170",24.19,"N/A"
"289","Kirk Cousins","ATL","QB",289,289,NA,NA,NA,546,NA,NA,37,5,"170",24.53,"2"
"290","Jalen Milroe","SEA","QB",290,290,NA,NA,NA,NA,NA,NA,38,8,"null",30.18,"N/A"
"291","Zach Wilson","MIA","QB",291,291,NA,NA,NA,435,NA,NA,39,12,"170.1",28.05,"N/A"
"292","Tyrod Taylor","NYJ","QB",292,292,NA,NA,NA,347,NA,NA,40,9,"170",22.83,"N/A"
"293","Jake Moody","SF","K",293,293,NA,NA,NA,500,292,NA,17,14,"null",135.7,"N/A"
"294","Tampa Bay Buccaneers DST","TB","DST",294,294,NA,NA,NA,NA,NA,NA,17,9,"null",103.25,"N/A"
"295","Brandon McManus","GB","K",295,295,NA,256,NA,483,NA,NA,18,5,"null",144.2,"N/A"
"296","Indianapolis Colts DST","IND","DST",296,296,NA,NA,NA,NA,NA,NA,18,11,"null",100.67,"N/A"
"297","Daniel Carlson","LV","K",297,297,NA,NA,224,482,276,224,19,8,"null",138.97,"N/A"
"298","New York Jets DST","NYJ","DST",298,298,NA,NA,NA,NA,NA,NA,19,9,"null",100.97,"N/A"
"299","Will Reichard","MIN","K",299,299,NA,NA,NA,462,239,NA,20,6,"null",130.82,"N/A"
"300","Atlanta Falcons DST","ATL","DST",300,300,NA,NA,NA,NA,NA,NA,20,5,"170",100.6,"N/A"
"301","Antonio Gibson","NE","RB",301,301,NA,245,NA,275,246,NA,79,14,"170",25.98,"2"
"302","Arian Smith","NYJ","WR",302,302,NA,NA,NA,353,NA,NA,103,9,"170",79.85,"N/A"
"303","Dont'e Thornton Jr.","LV","WR",303,303,NA,NA,NA,236,NA,NA,104,8,"170",38.33,"N/A"
"304","Devin Singletary","NYG","RB",304,304,NA,246,182,272,258,182,80,14,"170.1",57.68,"7"
"305","Chimere Dike","TEN","WR",305,305,NA,NA,NA,340,NA,NA,105,10,"170",58.88,"N/A"
"306","KaVontae Turpin","DAL","WR",306,306,NA,272,NA,250,NA,NA,106,10,"null",92.61,"N/A"
"307","Sean Tucker","TB","RB",307,307,NA,250,NA,284,283,NA,81,9,"170",21.97,"N/A"
"308","Woody Marks","HOU","RB",308,308,NA,213,NA,306,296,NA,82,6,"170",71.87,"N/A"
"309","Kenneth Gainwell","PIT","RB",309,309,NA,NA,NA,268,215,NA,83,5,"170",29.22,"1"
"310","Audric Estime","DEN","RB",310,310,NA,NA,NA,319,212,NA,84,12,"170",25.23,"1"
"311","Sincere McCormick","LV","RB",311,311,NA,243,NA,350,266,NA,85,8,"170.1",25.74,"N/A"
"312","Ty Chandler","MIN","RB",312,312,NA,NA,NA,352,301,NA,86,6,"170",16.66,"3"
"313","Devin Neal","NO","RB",313,313,195,278,NA,341,240,NA,87,11,"170",14.77,"N/A"
"314","Isaac TeSlaa","DET","WR",314,314,NA,NA,NA,348,NA,NA,107,8,"170",41.52,"N/A"
"315","Jaleel McLaughlin","DEN","RB",315,315,NA,245,NA,303,210,NA,88,12,"170",0,"3"
"316","Ollie Gordon II","MIA","RB",316,316,NA,NA,NA,377,282,NA,89,12,"170",0,"N/A"
"317","Alexander Mattison","MIA","RB",317,317,NA,225,202,279,280,202,90,12,"170",78.18,"1"
"318","Nick Westbrook-Ikhine","MIA","WR",318,318,NA,203,173,218,289,173,108,12,"170",94.21,"N/A"
"319","Tai Felton","MIN","WR",319,319,NA,NA,NA,304,311,NA,109,6,"170",3.77,"N/A"
"320","Jahan Dotson","PHI","WR",320,320,NA,NA,NA,282,NA,NA,110,9,"170",64.1,"2"
"321","Brashard Smith","KC","RB",321,321,NA,NA,NA,297,260,NA,91,10,"170",7.19,"N/A"
"322","Greg Dortch","ARI","WR",322,322,NA,284,NA,270,NA,NA,111,8,"170",55.93,"1"
"323","Troy Franklin","DEN","WR",323,323,NA,NA,NA,206,NA,NA,112,12,"170",76.78,"1"
"324","Allen Lazard","NYJ","WR",324,324,NA,230,169,229,NA,169,113,9,"170",48.23,"1"
"325","Elijah Moore","BUF","WR",325,325,NA,NA,NA,315,243,NA,114,7,"170",50.33,"1"
"326","Jaylin Lane","WAS","WR",326,326,NA,NA,NA,391,NA,NA,115,12,"170",44.15,"N/A"
"327","KhaDarel Hodge","ATL","WR",327,327,NA,NA,NA,325,NA,NA,116,5,"170",9.16,"N/A"
"328","Ty Johnson","BUF","RB",328,328,NA,247,164,263,262,164,92,7,"170",64.48,"N/A"
"329","Demarcus Robinson","SF","WR",329,329,NA,NA,NA,283,NA,NA,117,14,"170",50.57,"1"
"330","Elic Ayomanor","TEN","WR",330,330,NA,NA,NA,298,255,NA,118,10,"170",31.69,"N/A"
"331","Curtis Samuel","BUF","WR",331,331,NA,NA,NA,301,NA,NA,119,7,"170",54.91,"4"
"332","Jermaine Burton","CIN","WR",332,332,NA,NA,NA,309,NA,NA,120,10,"170",53.58,"2"
"333","Kalel Mullings","TEN","RB",333,333,NA,NA,NA,365,NA,NA,93,10,"170",10.77,"N/A"
"334","Kimani Vidal","LAC","RB",334,334,NA,NA,NA,368,268,NA,94,12,"170",18.63,"2"
"335","Jeremy McNichols","WAS","RB",335,335,NA,NA,NA,382,NA,NA,95,12,"170.1",26.43,"N/A"
"336","Chris Rodriguez Jr.","WAS","RB",336,336,NA,NA,NA,NA,NA,NA,96,12,"170",13.45,"1"
"337","JuJu Smith-Schuster","KC","WR",337,337,NA,NA,NA,256,NA,NA,121,10,"170",51.06,"N/A"
"338","Amari Cooper","BUF","WR",338,338,198,227,NA,172,224,NA,122,7,"null",0,"18"
"339","Keenan Allen","CHI","WR",339,339,156,224,NA,194,173,NA,123,5,"null",0,"11"
"340","Christian Watson","GB","WR",340,340,NA,228,NA,259,NA,NA,124,5,"169.9",0,"11"
"341","Kendrick Bourne","NE","WR",341,341,NA,NA,NA,316,NA,NA,125,14,"170",89.42,"1"
"342","Olamide Zaccheaus","CHI","WR",342,342,NA,NA,NA,305,NA,NA,126,5,"170",20.09,"N/A"
"343","Jalin Hyatt","NYG","WR",343,343,NA,NA,NA,314,NA,NA,127,14,"170",37.93,"1"
"344","Rondale Moore","MIN","WR",344,344,NA,NA,NA,320,NA,NA,128,6,"170",12.94,"1"
"345","Will Levis","TEN","QB",345,345,NA,NA,NA,380,NA,NA,41,10,"170",23.15,"1"
"346","Kalif Raymond","DET","WR",346,346,NA,NA,NA,276,NA,NA,129,8,"170",50.43,"N/A"
"347","Tory Horton","SEA","WR",347,347,NA,NA,NA,291,293,NA,130,8,"170",39.56,"N/A"
"348","Van Jefferson","TEN","WR",348,348,NA,275,NA,255,NA,NA,131,10,"170.1",69.58,"N/A"
"349","Samaje Perine","CIN","RB",349,349,NA,248,NA,252,NA,NA,97,10,"170",72.16,"1"
"350","Treylon Burks","TEN","WR",350,350,NA,NA,NA,286,NA,NA,132,10,"170",35.05,"1"
"351","Malik Washington","MIA","WR",351,351,NA,NA,NA,277,316,NA,133,12,"170",65.49,"N/A"
"352","Mason Rudolph","PIT","QB",352,352,NA,NA,NA,403,NA,NA,42,5,"170",36.41,"N/A"
"353","Robert Woods","PIT","WR",353,353,NA,273,NA,262,290,NA,134,5,"170",56.97,"N/A"
"354","Ja'Lynn Polk","NE","WR",354,354,NA,NA,NA,402,NA,NA,135,14,"170",28.09,"3"
"355","Luke McCaffrey","WAS","WR",355,355,NA,NA,NA,231,318,NA,136,12,"170",28.9,"1"
"356","Mack Hollins","NE","WR",356,356,NA,NA,180,331,NA,180,137,14,"170",0,"N/A"
"357","Damien Martinez","SEA","RB",357,357,NA,NA,NA,410,304,NA,98,8,"170",7.03,"N/A"
"358","Emanuel Wilson","GB","RB",358,358,NA,NA,184,333,NA,184,99,5,"170",59.74,"N/A"
"359","Emari Demercado","ARI","RB",359,359,NA,276,NA,273,NA,NA,100,8,"170.1",63.56,"1"
"360","Zay Jones","ARI","WR",360,360,NA,NA,NA,343,NA,NA,138,8,"170",32.87,"1"
"361","Joe Milton III","DAL","QB",361,361,NA,NA,NA,514,NA,NA,43,10,"null",33.47,"N/A"
"362","Craig Reynolds","DET","RB",362,362,NA,NA,NA,345,NA,NA,101,8,"170.1",18.65,"N/A"
"363","Harold Fannin Jr.","CLE","TE",363,363,NA,NA,NA,317,247,NA,41,9,"170",46.23,"N/A"
"364","KeAndre Lambert-Smith","LAC","WR",364,364,NA,NA,NA,NA,NA,NA,139,12,"170",24.87,"N/A"
"365","Jake Bobo","SEA","WR",365,365,NA,NA,NA,344,NA,NA,140,8,"170",38.96,"N/A"
"366","Jacory Croskey-Merritt","WAS","RB",366,366,NA,NA,NA,281,NA,NA,102,12,"170",0,"N/A"
"367","Taysom Hill","NO","TE",367,367,NA,NA,NA,335,273,NA,42,11,"null",0,"1"
"368","David Moore","CAR","WR",368,368,NA,NA,NA,406,NA,NA,141,14,"170",17.86,"N/A"
"369","Jameis Winston","NYG","QB",369,369,NA,NA,NA,318,NA,NA,44,14,"170",29.13,"N/A"
"370","Jonathan Mingo","DAL","WR",370,370,NA,NA,NA,425,NA,NA,142,10,"170",27.83,"1"
"371","Dameon Pierce","HOU","RB",371,371,NA,NA,NA,357,275,NA,103,6,"170",1.16,"1"
"372","Kayshon Boutte","NE","WR",372,372,NA,NA,NA,211,265,NA,143,14,"170",17.54,"N/A"
"373","Austin Hooper","NE","TE",373,373,NA,NA,NA,313,NA,NA,43,14,"170",80.95,"N/A"
"374","Dillon Gabriel","CLE","QB",374,374,NA,NA,NA,423,NA,NA,45,9,"170",13.63,"N/A"
"375","Gabe Davis","JAX","WR",375,375,NA,261,NA,280,281,NA,144,8,"null",0,"1"
"376","Cordarrelle Patterson","PIT","RB",376,376,NA,265,NA,361,NA,NA,104,5,"170",26.23,"N/A"
"377","Jordan Watkins","SF","WR",377,377,NA,NA,NA,490,NA,NA,145,14,"170",10.16,"N/A"
"378","Tommy Tremble","CAR","TE",378,378,NA,NA,NA,488,NA,NA,44,14,"170",50.05,"N/A"
"379","Devontez Walker","BAL","WR",379,379,NA,NA,NA,356,NA,NA,146,7,"170",9.3,"1"
"380","Shedeur Sanders","CLE","QB",380,380,NA,NA,NA,393,NA,NA,46,9,"null",13.63,"N/A"
"381","Phil Mafah","DAL","RB",381,381,NA,NA,NA,346,NA,NA,105,10,"170",0,"N/A"
"382","Johnny Wilson","PHI","WR",382,382,NA,NA,NA,414,NA,NA,147,9,"170",26.97,"N/A"
"383","Will Dissly","LAC","TE",383,383,NA,NA,NA,289,297,NA,45,12,"170.1",85.43,"N/A"
"384","Cedrick Wilson Jr.","NO","WR",384,384,NA,NA,NA,381,NA,NA,148,11,"170.1",10.24,"N/A"
"385","Chris Brooks","GB","RB",385,385,NA,NA,NA,372,309,NA,106,5,"170",12.63,"N/A"
"386","Mac Jones","SF","QB",386,386,NA,NA,NA,445,NA,NA,47,14,"170.1",28.27,"N/A"
"387","Bub Means","NO","WR",387,387,NA,NA,NA,330,NA,NA,149,11,"170",22.2,"N/A"
"388","Foster Moreau","NO","TE",388,388,NA,NA,NA,324,NA,NA,46,11,"170",71.52,"N/A"
"389","Jamari Thrash","CLE","WR",389,389,NA,NA,NA,322,NA,NA,150,9,"170",26.97,"N/A"
"390","LeQuint Allen","JAX","RB",390,390,NA,NA,NA,375,NA,NA,107,8,"170",0,"N/A"
"391","John Metchie III","HOU","WR",391,391,NA,NA,NA,508,NA,NA,151,6,"170",37.67,"N/A"
"392","Marcus Mariota","WAS","QB",392,392,NA,NA,NA,431,NA,NA,48,12,"170",28.34,"N/A"
"393","Konata Mumpfield","LAR","WR",393,393,NA,NA,NA,513,NA,NA,152,8,"170",15.36,"N/A"
"394","Clyde Edwards-Helaire","NO","RB",394,394,NA,251,NA,409,NA,NA,108,11,"170",9.15,"1"
"395","Dawson Knox","BUF","TE",395,395,NA,NA,NA,329,NA,NA,47,7,"null",72.83,"N/A"
"396","Tyler Johnson","NYJ","WR",396,396,NA,NA,NA,437,NA,NA,153,9,"170",24.18,"N/A"
"397","Jacoby Brissett","ARI","QB",397,397,NA,NA,NA,NA,NA,NA,49,8,"170",25.94,"N/A"
"398","Hunter Renfrow","CAR","WR",398,398,NA,NA,NA,424,NA,NA,154,14,"170",0,"N/A"
"399","Kenny McIntosh","SEA","RB",399,399,NA,NA,NA,370,NA,NA,109,8,"170",15.24,"N/A"
"400","Cade Stover","HOU","TE",400,400,NA,NA,NA,413,NA,NA,48,6,"170",46.89,"N/A"
"401","Sterling Shepard","TB","WR",401,401,NA,NA,NA,399,NA,NA,155,9,"170",32.27,"N/A"
"402","Tylan Wallace","BAL","WR",402,402,NA,NA,NA,349,NA,NA,156,7,"170",21.78,"N/A"
"403","Sam Howell","MIN","QB",403,403,NA,NA,NA,326,NA,NA,50,6,"170",25.81,"N/A"
"404","Zamir White","LV","RB",404,404,NA,NA,NA,460,NA,NA,110,8,"170",0,"13"
"405","Josh Oliver","MIN","TE",405,405,NA,NA,NA,364,NA,NA,49,6,"170",47.97,"N/A"
"406","Ihmir Smith-Marsette","NYG","WR",406,406,NA,NA,NA,499,NA,NA,157,14,"170",21.86,"N/A"
"407","Devin Duvernay","CHI","WR",407,407,NA,NA,NA,458,NA,NA,158,5,"170",11.95,"N/A"
"408","Tyler Goodson","IND","RB",408,408,NA,NA,NA,395,NA,NA,111,11,"170",6.61,"N/A"
"409","Jimmy Garoppolo","LAR","QB",409,409,NA,NA,NA,511,NA,NA,51,8,"170",34.18,"N/A"
"410","Jacob Cowing","SF","WR",410,410,NA,NA,NA,418,NA,NA,159,14,"170",17.65,"N/A"
"411","Darnell Washington","PIT","TE",411,411,NA,NA,NA,390,NA,NA,50,5,"170",42.67,"N/A"
"412","Tyler Badie","DEN","RB",412,412,NA,NA,NA,456,NA,NA,112,12,"170",0.96,"N/A"
"413","Xavier Gipson","NYJ","WR",413,413,NA,NA,NA,384,NA,NA,160,9,"170",18.07,"N/A"
"414","K.J. Osborn","WAS","WR",414,414,NA,NA,NA,367,NA,NA,161,12,"170.1",2.79,"N/A"
"415","Malik Willis","GB","QB",415,415,NA,NA,NA,394,NA,NA,52,5,"170",22.47,"N/A"
"416","Luke Musgrave","GB","TE",416,416,NA,NA,NA,321,NA,NA,51,5,"170.1",40.51,"1"
"417","Trey Palmer","TB","WR",417,417,NA,NA,NA,540,NA,NA,162,9,"170",1.64,"1"
"418","Pierre Strong Jr.","CLE","RB",418,418,NA,NA,NA,NA,NA,NA,113,9,"170",0.68,"N/A"
"419","Chris Blair","ATL","WR",419,419,NA,NA,NA,554,NA,NA,163,5,"170",6.28,"N/A"
"420","Luke Schoonmaker","DAL","TE",420,420,NA,NA,NA,351,NA,NA,52,10,"170",47.32,"N/A"
"421","Jake Browning","CIN","QB",421,421,NA,NA,NA,565,NA,NA,53,10,"170",30.29,"N/A"
"422","Patrick Taylor","SF","RB",422,422,NA,NA,NA,NA,NA,NA,114,14,"null",1.07,"N/A"
"423","Austin Trammell","JAX","WR",423,423,NA,NA,NA,447,NA,NA,164,8,"170",19.06,"N/A"
"424","DeAndre Carter","CLE","WR",424,424,NA,NA,NA,407,NA,NA,165,9,"170",21.26,"N/A"
"425","Julius Chestnut","TEN","RB",425,425,NA,NA,NA,388,NA,NA,115,10,"170",28.38,"N/A"
"426","Elijah Higgins","ARI","TE",426,426,NA,NA,NA,383,NA,NA,53,8,"170",45.22,"N/A"
"427","Ben Skowronek","PIT","WR",427,427,NA,NA,NA,NA,NA,NA,166,5,"170",39.83,"N/A"
"428","Gardner Minshew","KC","QB",428,428,NA,NA,NA,NA,NA,NA,54,10,"170",32.52,"N/A"
"429","Charlie Jones","CIN","WR",429,429,NA,NA,NA,444,NA,NA,167,10,"170",18.86,"N/A"
"430","Chicago Bears DST","CHI","DST",430,430,NA,NA,NA,NA,NA,NA,21,5,"null",99.23,"N/A"
"431","Jason Myers","SEA","K",431,431,NA,287,NA,471,269,NA,21,8,"null",140.38,"N/A"
"432","Michael Carter","ARI","RB",432,432,NA,NA,NA,339,NA,NA,116,8,"170.1",0,"N/A"
"433","Laviska Shenault Jr.","BUF","WR",433,433,NA,NA,NA,NA,NA,NA,168,7,"170",9.78,"N/A"
"434","Josh Whyle","TEN","TE",434,434,NA,NA,NA,355,NA,NA,54,10,"170.1",45.47,"N/A"
"435","Andy Dalton","CAR","QB",435,435,NA,NA,NA,548,NA,NA,55,14,"170",21.75,"N/A"
"436","Ainias Smith","PHI","WR",436,436,NA,NA,NA,454,NA,NA,169,9,"169.9",11.88,"N/A"
"437","Arizona Cardinals DST","ARI","DST",437,437,NA,NA,NA,NA,NA,NA,22,8,"null",100.02,"N/A"
"438","Cairo Santos","CHI","K",438,438,NA,190,NA,506,NA,NA,22,5,"null",134.52,"N/A"
"439","Sione Vaki","DET","RB",439,439,NA,NA,NA,373,NA,NA,117,8,"170",5.98,"N/A"
"440","Skyy Moore","KC","WR",440,440,NA,NA,NA,NA,NA,NA,170,10,"170.1",5.45,"N/A"
"441","Tanner Hudson","CIN","TE",441,441,NA,NA,NA,564,NA,NA,55,10,"170.1",47.18,"N/A"
"442","David Bell","CLE","WR",442,442,NA,NA,NA,428,NA,NA,171,9,"170",2.73,"N/A"
"443","Cooper Rush","BAL","QB",443,443,NA,NA,NA,422,NA,NA,56,7,"170",26.13,"N/A"
"444","Miami Dolphins DST","MIA","DST",444,444,NA,NA,NA,NA,NA,NA,23,12,"null",103.02,"N/A"
"445","Cam Little","JAX","K",445,445,NA,NA,NA,498,NA,NA,23,8,"null",139.38,"N/A"
"446","Hassan Haskins","LAC","RB",446,446,NA,NA,NA,371,NA,NA,118,12,"170.1",0,"N/A"
"447","Derius Davis","LAC","WR",447,447,NA,NA,NA,376,NA,NA,172,12,"170",20.58,"N/A"
"448","Gunnar Helm","TEN","TE",448,448,NA,NA,NA,496,NA,NA,56,10,"170",32.84,"N/A"
"449","Ricky White","SEA","WR",449,449,NA,NA,NA,NA,NA,NA,173,8,"null",0,"N/A"
"450","Eric Gray","NYG","RB",450,450,NA,NA,NA,434,NA,NA,119,14,"170",6,"1"
"451","New York Giants DST","NYG","DST",451,451,NA,NA,NA,NA,NA,NA,24,14,"null",102.71,"N/A"
"452","Chad Ryland","ARI","K",452,452,NA,NA,NA,516,NA,NA,24,8,"170",135.31,"N/A"
"453","Davis Mills","HOU","QB",453,453,NA,NA,NA,NA,NA,NA,57,6,"170.1",24.45,"N/A"
"454","Jimmy Horn Jr.","CAR","WR",454,454,NA,NA,NA,NA,NA,NA,174,14,"null",0,"N/A"
"455","Grant Calcaterra","PHI","TE",455,455,NA,NA,NA,389,NA,NA,57,9,"170",43.66,"N/A"
"456","Michael Gallup","WAS","WR",456,456,NA,NA,NA,385,NA,NA,175,12,"170",0,"N/A"
"457","Rasheen Ali","BAL","RB",457,457,NA,NA,NA,426,NA,NA,120,7,"170",0.97,"1"
"458","Javon Baker","NE","WR",458,458,NA,NA,NA,430,NA,NA,176,14,"170",0.83,"1"
"459","Cleveland Browns DST","CLE","DST",459,459,NA,NA,NA,NA,NA,NA,25,9,"null",109.69,"N/A"
"460","Dustin Hopkins","CLE","K",460,460,NA,NA,NA,531,NA,NA,25,9,"null",132.4,"N/A"
"461","Mitch Trubisky","BUF","QB",461,461,NA,NA,NA,NA,NA,NA,58,7,"null",26.47,"N/A"
"462","Ashton Dulin","IND","WR",462,462,NA,NA,NA,440,NA,NA,177,11,"170",13.68,"N/A"
"463","AJ Barner","SEA","TE",463,463,NA,NA,NA,369,NA,NA,58,8,"170",31.6,"N/A"
"464","Deuce Vaughn","DAL","RB",464,464,NA,NA,NA,401,NA,NA,121,10,"170",0,"1"
"465","Simi Fehoko","ARI","WR",465,465,NA,NA,NA,518,NA,NA,178,8,"170",27.95,"N/A"
"466","New England Patriots DST","NE","DST",466,466,NA,NA,NA,NA,NA,NA,26,14,"null",104.03,"N/A"
"467","Spencer Shrader","IND","K",467,467,NA,NA,NA,562,NA,NA,26,11,"170",135.63,"N/A"
"468","Aidan O'Connell","LV","QB",468,468,NA,NA,NA,510,NA,NA,59,8,"170",28.74,"N/A"
"469","Anthony Gould","IND","WR",469,469,NA,NA,NA,433,NA,NA,179,11,"170",1.64,"N/A"
"470","Travis Homer","CHI","RB",470,470,NA,NA,NA,404,NA,NA,122,5,"170",6.17,"N/A"
"471","Jeremy Ruckert","NYJ","TE",471,471,NA,NA,NA,472,NA,NA,59,9,"170",21.19,"N/A"
"472","Las Vegas Raiders DST","LV","DST",472,472,NA,NA,NA,NA,NA,NA,27,8,"null",97.39,"N/A"
"473","Blake Grupe","NO","K",473,473,NA,NA,NA,494,NA,NA,27,11,"170",132.04,"N/A"
"474","D'Wayne Eskridge","MIA","WR",474,474,NA,NA,NA,NA,NA,NA,180,12,"null",11.15,"N/A"
"475","Tommy Mellott","LV","WR",475,475,NA,NA,NA,NA,NA,NA,181,8,"170",10.34,"N/A"
"476","Kyle Trask","TB","QB",476,476,NA,NA,NA,NA,NA,NA,60,9,"170",20.11,"N/A"
"477","Ronnie Rivers","LAR","RB",477,477,NA,NA,NA,NA,NA,NA,123,8,"170",0,"N/A"
"478","Daniel Bellinger","NYG","TE",478,478,NA,NA,NA,549,NA,NA,60,14,"170",29.37,"N/A"
"479","Xavier Restrepo","TEN","WR",479,479,NA,NA,NA,408,319,NA,182,10,"170",0,"N/A"
"480","Jacksonville Jaguars DST","JAX","DST",480,480,NA,NA,NA,NA,NA,NA,28,8,"170",100.66,"N/A"
"481","Joey Slye","TEN","K",481,481,NA,NA,NA,521,NA,NA,28,10,"170",130.3,"N/A"
"482","Tez Johnson","TB","WR",482,482,NA,NA,NA,NA,NA,NA,183,9,"null",0,"N/A"
"483","Raheem Blackshear","CAR","RB",483,483,NA,NA,NA,517,NA,NA,124,14,"170",8.06,"N/A"
"484","Jarrett Stidham","DEN","QB",484,484,NA,NA,NA,NA,NA,NA,61,12,"170",20.67,"N/A"
"485","Colby Parkinson","LAR","TE",485,485,NA,NA,NA,NA,NA,NA,61,8,"170",32.3,"1"
"486","Tyler Scott","CHI","WR",486,486,NA,NA,NA,449,NA,NA,184,5,"170",0,"N/A"
"487","New Orleans Saints DST","NO","DST",487,487,NA,NA,NA,NA,NA,NA,29,11,"170",101.49,"N/A"
"488","Matthew Wright","CAR","K",488,488,NA,NA,NA,567,NA,NA,29,14,"170.1",131.98,"N/A"
"489","Ja'Quinden Jackson","JAX","RB",489,489,NA,NA,NA,NA,NA,NA,125,8,"null",0,"N/A"
"490","Xavier Hutchinson","HOU","WR",490,490,NA,NA,NA,452,NA,NA,185,6,"170",0,"N/A"
"491","LaJohntay Wester","BAL","WR",491,491,NA,NA,NA,NA,NA,NA,186,7,"170",9.43,"N/A"
"492","Stone Smartt","NYJ","TE",492,492,NA,NA,NA,NA,NA,NA,62,9,"170",27.94,"N/A"
"493","Washington Commanders DST","WAS","DST",493,493,NA,NA,NA,NA,NA,NA,30,12,"null",96.8,"N/A"
"494","Graham Gano","NYG","K",494,494,NA,NA,NA,509,NA,NA,30,14,"169.8",138.34,"N/A"
"495","Hendon Hooker","DET","QB",495,495,NA,NA,NA,NA,NA,NA,62,8,"170",26.28,"N/A"
"496","Rakim Jarrett","TB","WR",496,496,NA,NA,NA,446,NA,NA,187,9,"170.1",1.09,"N/A"
"497","Gus Edwards","LAC","RB",497,497,NA,NA,NA,NA,NA,NA,126,12,"null",0,"4"
"498","Kaden Prather","BUF","WR",498,498,NA,NA,NA,NA,NA,NA,188,7,"170",0,"N/A"
"499","Julian Hill","MIA","TE",499,499,NA,NA,NA,470,NA,NA,63,12,"170",30.78,"N/A"
"500","Carolina Panthers DST","CAR","DST",500,500,NA,NA,NA,NA,NA,NA,31,14,"null",89.81,"N/A"
"501","Andres Borregales","NE","K",501,501,NA,NA,NA,563,NA,NA,31,14,"null",130.46,"N/A"
"502","Nick Mullens","JAX","QB",502,502,NA,NA,NA,504,NA,NA,63,8,"170",23.7,"N/A"
"503","Dominic Lovett","DET","WR",503,503,NA,NA,NA,NA,NA,NA,189,8,"170",0,"N/A"
"504","Terrell Jennings","NE","RB",504,504,NA,NA,NA,532,NA,NA,127,14,"170",0,"N/A"
"505","Junior Bergen","SF","WR",505,505,NA,NA,NA,NA,NA,NA,190,14,"170",0,"N/A"
"506","Tennessee Titans DST","TEN","DST",506,506,NA,NA,NA,NA,NA,NA,32,10,"169.9",98.12,"N/A"
"507","Caden Davis","NYJ","K",507,507,NA,NA,NA,NA,NA,NA,32,9,"null",129.74,"N/A"
"508","Charlie Woerner","ATL","TE",508,508,NA,NA,NA,NA,NA,NA,64,5,"170",27.61,"N/A"
"509","Xavier Weaver","ARI","WR",509,509,NA,NA,NA,443,NA,NA,191,8,"170",0,"N/A"
"510","Tanner McKee","PHI","QB",510,510,NA,NA,NA,417,NA,NA,64,9,"170",25.36,"N/A"
"511","Carlos Washington Jr.","ATL","RB",511,511,NA,NA,NA,NA,NA,NA,128,5,"170",18.89,"N/A"
"512","Malachi Corley","NYJ","WR",512,512,NA,NA,NA,362,NA,NA,192,9,"170",0,"1"
