"","Name","Position","School","mddRank","tankRank","buzz_rank","Rank_average","Rank_combined"
"1","Arch Manning","QB","Texas",1,3,1,1.66666666666667,1
"2","Caleb Downs","S","Ohio State",8,1,2,3.66666666666667,2
"3","Kadyn Proctor","OT","Alabama",4,4,4,4,3
"4","TJ Parker","DL","Clemson",5,2,5,4,4
"5","Garrett Nussmeier","QB","LSU",3,10,6,6.33333333333333,5
"6","Francis Mauigoa","OT","Miami (FL)",10,6,3,6.33333333333333,6
"7","Keldric Faulk","DL","Auburn",9,8,7,8,7
"8","Peter Woods","DL","Clemson",11,5,11,9,8
"9","Cade Klubnik","QB","Clemson",2,20,8,10,9
"10","Drew Allar","QB","Penn State",7,7,16,10,10
"11","LaNorris Sellers","QB","South Carolina",6,15,13,11.3333333333333,11
"12","Spencer Fano","OT","Utah",13,12,9,11.3333333333333,12
"13","Rueben Bain","EDGE","Miami (FL)",12,NA,NA,12,13
"14","Jeremiyah Love","RB","Notre Dame",15,11,12,12.6666666666667,14
"15","Anthony Hill Jr","LB","Texas",17,13,10,13.3333333333333,15
"16","Jermod McCoy","CB","Tennessee",16,9,18,14.3333333333333,16
"17","LT Overton","EDGE","Alabama",22,18,20,20,17
"18","Jordyn Tyson","WR","Arizona State",18,21,23,20.6666666666667,18
"19","Carnell Tate","WR","Ohio State",28,16,19,21,19
"20","Dani Dennis-Sutton","EDGE","Penn State",25,19,NA,22,20
"21","Avieon Terrell","CB","Clemson",26,17,27,23.3333333333333,21
"22","Malik Muhammad","CB","Texas",42,25,15,27.3333333333333,22
"23","Matayo Uiagalelei","EDGE","Oregon",33,22,28,27.6666666666667,23
"24","Dillon Thieneman","S","Oregon",30,24,30,28,24
"25","Caleb Banks","DL","Florida",20,23,42,28.3333333333333,25
"26","Fernando Mendoza","QB","Indiana",14,43,NA,28.5,26
"27","Antonio Williams","WR","Clemson",19,30,37,28.6666666666667,27
"28","AJ Harris","CB","Penn State",27,31,32,30,28
"29","Denzel Boston","WR","Washington",36,28,26,30,29
"30","Isaiah World","OT","Oregon",23,26,49,32.6666666666667,30
"31","Deontae Lawson","LB","Alabama",47,35,17,33,31
"32","CJ Allen","LB","Georgia",24,33,43,33.3333333333333,32
"33","Sam Leavitt","QB","Arizona State",29,39,38,35.3333333333333,33
"34","Tyreak Sapp","DL","Florida",34,40,34,36,34
"35","Nico Iamaleava","QB","UCLA",40,48,22,36.6666666666667,35
"36","Eric Singleton Jr","WR","Auburn",46,45,21,37.3333333333333,36
"37","Austin Barber","OT","Florida",31,44,NA,37.5,37
"38","Christen Miller","DL","Georgia",38,36,40,38,38
"39","Jake Slaughter","IOL","Florida",49,41,24,38,39
"40","Nick Singleton","RB","Penn State",39,NA,NA,39,40
"41","Caleb Lomu","OT","Utah",21,34,65,40,41
"42","Xavier Chaplin","OT","Auburn",44,NA,NA,44,42
"43","Zachariah Branch","WR","Georgia",72,42,29,47.6666666666667,43
"44","Jalon Kilgore","CB","South Carolina",35,32,77,48,44
"45","Suntarine Perkins","LB","Mississippi",50,29,67,48.6666666666667,45
"46","Harold Perkins","LB","LSU",52,NA,NA,52,46
"47","Nyck Harbor","WR","South Carolina",79,47,31,52.3333333333333,47
"48","Aaron Anderson","WR","LSU",51,57,NA,54,48
"49","Makai Lemon","WR","USC",62,67,35,54.6666666666667,49
"50","Gennings Dunker","OT","Iowa",64,65,36,55,50
"51","Eli Stowers","TE","Vanderbilt",60,50,56,55.3333333333333,51
"52","Ar'maj Reed-Adams","IOL","Texas A&M",56,56,60,57.3333333333333,52
"53","Anto Saka","EDGE","Northwestern",58,NA,NA,58,53
"54","Blake Miller","OT","Clemson",65,63,46,58,54
"55","Zane Durant","DL","Penn State",67,60,48,58.3333333333333,55
"56","Chandler Rivers","CB","Duke",37,79,64,60,56
"57","Domani Jackson","CB","Alabama",32,49,101,60.6666666666667,57
"58","David Bailey","EDGE","Stanford",70,38,76,61.3333333333333,58
"59","Makhi Hughes","RB","Oregon",80,55,50,61.6666666666667,59
"60","Mikail Kamara","EDGE","Indiana",78,76,33,62.3333333333333,60
"61","Trevor Goosby","OT","Texas",63,NA,NA,63,61
"62","Mansoor Delane","CB","LSU",59,53,78,63.3333333333333,62
"63","Ja'Kobi Lane","WR","USC",55,72,NA,63.5,63
"64","Elijah Sarratt","WR","Indiana",66,NA,62,64,64
"65","Max Klare","TE","Purdue",82,74,39,65,65
"66","Cayden Green","OT","Missouri",96,58,44,66,66
"67","Emmanuel Pregnon","IOL","Oregon",53,81,NA,67,67
"68","Sonny Styles","LB","Ohio State",68,52,82,67.3333333333333,68
"69","Christian Gray","CB","Notre Dame",69,NA,NA,69,69
"70","Carson Beck","QB","Miami (FL)",74,59,75,69.3333333333333,70
"71","Kamari Ramsey","S","USC",71,80,58,69.6666666666667,71
"72","Tacario Davis","CB","Arizona",54,51,106,70.3333333333333,72
"73","Kenyon Sadiq","TE","Oregon",43,78,93,71.3333333333333,73
"74","Keon Sabb","S","Alabama",91,46,79,72,74
"75","R Mason Thomas","EDGE","Oklahoma",61,NA,86,73.5,75
"76","Jude Bowry","OT","Boston College",57,93,NA,75,76
"77","Joshua Josephs","EDGE","Tennessee",85,91,51,75.6666666666667,77
"78","Joe Royer","TE","Cincinnati",99,NA,54,76.5,78
"79","Cashius Howell","EDGE","Texas A&M",73,69,89,77,79
"80","Damon Wilson Jr","EDGE","Georgia",77,NA,NA,77,80
"81","Nic Anderson","WR","LSU",48,62,129,79.6666666666667,81
"82","Will Lee III","CB","Texas A&M",45,90,105,80,82
"83","Caleb Tiernan","OT","Northwestern",76,NA,85,80.5,83
"84","Connor Lew","IOL","Auburn",89,NA,72,80.5,84
"85","Darrell Jackson Jr","DL","Florida State",105,66,73,81.3333333333333,85
"86","Taurean York","LB","Texas A&M",115,75,55,81.6666666666667,86
"87","Gabe Jacas","EDGE","Illinois",100,54,92,82,87
"88","Kevin Concepcion","WR","Texas A&M",118,NA,47,82.5,88
"89","Dontay Corleone","DL","Cincinnati",88,77,84,83,89
"90","Domonique Orange","DL","Iowa State",81,NA,87,84,90
"91","Ryan Baer","IOL","Pittsburgh",84,NA,NA,84,91
"92","Max Llewellyn","EDGE","Iowa",86,NA,NA,86,92
"93","Malachi Fields","WR","Virginia",110,70,81,87,93
"94","DJ McKinney","CB","Colorado",41,68,155,88,94
"95","Parker Brailsford","IOL","Alabama",87,73,104,88,95
"96","Fa'alili Fa'amoe","OT","Wake Forest",92,NA,NA,92,96
"97","Charles Jagusah","OT","Notre Dame",104,64,108,92,97
"98","Drew Shelton","OT","Penn State",93,NA,NA,93,98
"99","Jack Endries","TE","California",90,NA,98,94,99
"100","Derrick Moore","EDGE","Michigan",153,89,41,94.3333333333333,100
"101","Evan Stewart","WR","Oregon",75,NA,115,95,101
"102","Josh Cameron","WR","Baylor",95,NA,NA,95,102
"103","Germie Bernard","WR","Alabama",149,87,52,96,103
"104","Adonijah Green","DL","Louisville",97,NA,NA,97,104
"105","Whit Weeks","LB","LSU",123,96,74,97.6666666666667,105
"106","Eli Holstein","QB","Pittsburgh",98,NA,NA,98,106
"107","Raylen Wilson","LB","Georgia",114,71,114,99.6666666666667,107
"108","Kaytron Allen","RB","Penn State",103,NA,97,100,108
"109","Calvin Clements","OT","Kansas",101,NA,NA,101,109
"110","Zeke Berry","S","Michigan",102,NA,NA,102,110
"111","Tim Keenan III","DL","Alabama",143,NA,63,103,111
"112","Iapani Laloulu","IOL","Oregon",150,NA,59,104.5,112
"113","DeMonte Capehart","DL","Clemson",94,92,132,106,113
"114","Eugene Wilson III","WR","Florida",155,NA,57,106,114
"115","Amare Ferrell","S","Indiana",108,NA,NA,108,115
"116","Daylen Everette","CB","Georgia",125,88,111,108,116
"117","Keanu Tanuvasa","DL","Utah",109,NA,NA,109,117
"118","Michael Taaffe","S","Texas",174,NA,45,109.5,118
"119","Ethan Onianwa","OT","Rice",135,85,NA,110,119
"120","Chase Bisontis","IOL","Texas A&M",111,NA,110,110.5,120
"121","Jyaire Hill","CB","Michigan",131,82,121,111.333333333333,121
"122","Jaeden Roberts","IOL","Alabama",157,98,80,111.666666666667,122
"123","Febechi Nwaiwu","IOL","Oklahoma",112,NA,NA,112,123
"124","Knijeah Harris","IOL","Florida",113,NA,NA,113,124
"125","Justice Haynes","RB","Michigan",140,83,118,113.666666666667,125
"126","Zxavian Harris","DL","Mississippi",145,86,NA,115.5,126
"127","Quintrevion Wisner","RB","Texas",116,NA,NA,116,127
"128","Jonah Coleman","RB","Washington",83,NA,150,116.5,128
"129","D'angelo Ponds","CB","Indiana",117,NA,NA,117,129
"130","Jaden Greathouse","WR","Notre Dame",126,NA,109,117.5,130
"131","Kage Casey","OT","Boise State",107,NA,130,118.5,131
"132","Kayden McDonald","DL","Ohio State",119,NA,NA,119,132
"133","Jaydn Ott","RB","Oklahoma",152,97,113,120.666666666667,133
"134","Deion Burks","WR","Oklahoma",121,100,143,121.333333333333,134
"135","Davison Igbinosun","CB","Ohio State",127,95,142,121.333333333333,135
"136","Drayk Bowen","LB","Notre Dame",175,NA,69,122,136
"137","Rayshaun Benny","DL","Michigan",180,NA,66,123,137
"138","Oscar Delp","TE","Georgia",137,NA,112,124.5,138
"139","Thaddeus Dixon","CB","North Carolina",154,99,NA,126.5,139
"140","Elijah Pritchett","OT","Alabama",129,NA,NA,129,140
"141","Austin Romaine","LB","Kansas State",142,NA,117,129.5,141
"142","Olaivavega Ioane","IOL","Penn State",130,NA,NA,130,142
"143","Aaron Graves","DL","Iowa",179,NA,83,131,143
"144","Roderick Kearney","OT","Florida",139,NA,124,131.5,144
"145","Ben Murawski","IOL","UConn",132,NA,NA,132,145
"146","Tanner Koziol","TE","Wisconsin",168,NA,96,132,146
"147","Greg Johnson","IOL","Minnesota",134,NA,NA,134,147
"148","McKale Boley","IOL","Virginia",136,NA,NA,136,148
"149","Duce Robinson","WR","Florida State",146,NA,133,139.5,149
"150","Bud Clark","S","TCU",210,NA,70,140,150
"151","Ben Taylor-Whitfield","OT","TCU",141,NA,NA,141,151
"152","Antonio Kite","CB","Auburn",138,NA,148,143,152
"153","Kerry Brown","S","Minnesota",144,NA,NA,144,153
"154","Tristan Leigh","OT","Clemson",106,NA,188,147,154
"155","BJ Williams","IOL","Pittsburgh",147,NA,NA,147,155
"156","Aamil Wagner","OT","Notre Dame",233,NA,61,147,156
"157","Xavier Scott","S","Illinois",133,NA,162,147.5,157
"158","Logan Jones","IOL","Iowa",204,NA,91,147.5,158
"159","Keylan Rutledge","IOL","Georgia Tech",148,NA,NA,148,159
"160","CJ Baxter","RB","Texas",151,NA,NA,151,160
"161","Amare Campbell","LB","North Carolina",208,NA,95,151.5,161
"162","James Smith","DL","Alabama",122,NA,182,152,162
"163","Bray Hubbard","S","Alabama",185,NA,119,152,163
"164","Jermaine Mathews Jr","CB","Ohio State",162,NA,144,153,164
"165","Rod Moore","S","Michigan",184,NA,122,153,165
"166","Adepoju Adebawore","EDGE","Oklahoma",193,NA,116,154.5,166
"167","Tao Johnson","S","Utah",158,NA,NA,158,167
"168","Aidan Chiles","QB","Michigan State",124,NA,193,158.5,168
"169","Kyle Louis","LB","Pittsburgh",178,NA,139,158.5,169
"170","Anthony Donkoh","OT","Penn State",160,NA,NA,160,170
"171","Markis Deal","DL","TCU",161,NA,NA,161,171
"172","Lawson Luckie","TE","Georgia",120,NA,203,161.5,172
"173","Josh Moten","CB","Marshall",222,NA,102,162,173
"174","John Michael Gyllenborg","TE","Wyoming",164,NA,NA,164,174
"175","Peyton Bowen","S","Oklahoma",215,94,184,164.333333333333,175
"176","Emmanuel McNeil-Warren","S","Toledo",165,NA,NA,165,176
"177","Lander Barton","LB","Utah",182,NA,149,165.5,177
"178","Daniel Harris","CB","Georgia",166,NA,NA,166,178
"179","Raion Strader","CB","Auburn",167,NA,NA,167,179
"180","Darius Taylor","RB","Minnesota",214,NA,123,168.5,180
"181","Davin Stoffel","TE","Illinois",169,NA,NA,169,181
"182","Isaac Smith","S","Mississippi State",203,NA,135,169,182
"183","Dane Key","WR","Nebraska",183,NA,156,169.5,183
"184","Bryce Lance","WR","North Dakota State",170,NA,NA,170,184
"185","Monroe Mills","OT","Louisville",206,NA,134,170,185
"186","Teitum Tuioti","EDGE","Oregon",171,NA,NA,171,186
"187","Monroe Freeling","OT","Georgia",240,NA,103,171.5,187
"188","Josh Hoover","QB","TCU",172,NA,NA,172,188
"189","Albert Regis","DL","Texas A&M",173,NA,NA,173,189
"190","Khalil Barnes","S","Clemson",176,NA,171,173.5,190
"191","DeAndre Moore Jr","WR","Texas",279,NA,68,173.5,191
"192","PJ Williams","OT","SMU",128,NA,227,177.5,192
"193","Luke Hasz","TE","Mississippi",225,NA,131,178,193
"194","Fernando Carmona","OT","Arkansas",159,NA,201,180,194
"195","Boubacar Traore","DL","Notre Dame",181,NA,NA,181,195
"196","Avery Johnson","QB","Kansas State",156,NA,207,181.5,196
"197","Patrick Payton","EDGE","LSU",188,NA,175,181.5,197
"198","Samuel Omosigho","LB","Oklahoma",238,NA,126,182,198
"199","JMichael Sturdivant","WR","Florida",177,NA,195,186,199
"200","Dorion Strawn","IOL","Texas State",186,NA,NA,186,200
"201","Deven Eastern","DL","Minnesota",187,NA,NA,187,201
"202","Xavier Nwankpa","S","Iowa",207,NA,169,188,202
"203","John Mateer","QB","Oklahoma",241,NA,136,188.5,203
"204","Barion Brown","WR","LSU",198,NA,180,189,204
"205","JC Davis","OT","Illinois",163,NA,216,189.5,205
"206","Bryce Boettcher","LB","Oregon",254,NA,125,189.5,206
"207","Jalil Farooq","WR","Maryland",190,NA,NA,190,207
"208","Tree Babalade","OT","South Carolina",227,NA,153,190,208
"209","Micah Pettus","OT","Mississippi",191,NA,NA,191,209
"210","Le'Veon Moss","RB","Texas A&M",231,NA,152,191.5,210
"211","Benjamin Brahmer","TE","Iowa State",192,NA,NA,192,211
"212","Connor Tollison","IOL","Missouri",235,NA,151,193,212
"213","Eli Raridon","TE","Notre Dame",194,NA,NA,194,213
"214","Jackson Arnold","QB","Auburn",234,NA,154,194,214
"215","Josh Thompson","IOL","LSU",195,NA,NA,195,215
"216","Rocco Becht","QB","Iowa State",196,NA,NA,196,216
"217","Jahiem White","RB","West Virginia",228,NA,164,196,217
"218","Bryce Foster","IOL","Kansas",219,NA,174,196.5,218
"219","Braylan Shelby","EDGE","USC",232,NA,161,196.5,219
"220","Wade Woodaz","LB","Clemson",197,NA,NA,197,220
"221","Billy Schrauth","IOL","Notre Dame",199,NA,NA,199,221
"222","Jordan Castell","S","Florida",226,NA,173,199.5,222
"223","Dillon Bell","WR","Georgia",200,NA,NA,200,223
"224","Collin Sadler","OT","Clemson",201,NA,NA,201,224
"225","Kelby Collins","DL","Florida",202,NA,204,203,225
"226","Judge Collier","CB","South Carolina",205,NA,NA,205,226
"227","Trey Moore","EDGE","Texas",189,NA,226,207.5,227
"228","DJ Campbell","IOL","Texas",229,NA,186,207.5,228
"229","Earnest Greene","OT","Georgia",209,NA,NA,209,229
"230","Shamar Easter","TE","Arkansas",244,NA,177,210.5,230
"231","Elliot Washington II","S","Penn State",211,NA,NA,211,231
"232","Max Iheanachor","OT","Arizona State",212,NA,NA,212,232
"233","Jaren Kanak","LB","Oklahoma",213,NA,NA,213,233
"234","Smith Snowden","CB","Utah",236,NA,192,214,234
"235","Trey White","EDGE","San Diego State",216,NA,NA,216,235
"236","Roman Hemby","RB","Maryland",217,NA,NA,217,236
"237","Malachi Nelson","QB","UTEP",266,NA,168,217,237
"238","Ashton Stamps","CB","LSU",218,NA,NA,218,238
"239","Hykeem Williams","WR","Florida State",242,NA,197,219.5,239
"240","Brett Norfleet","TE","Missouri",243,NA,196,219.5,240
"241","DJ Hicks","DL","Texas A&M",220,NA,NA,220,241
"242","Adon Shuler","S","Notre Dame",221,NA,NA,221,242
"243","Jack Velling","TE","Michigan State",230,NA,214,222,243
"244","Zakee Wheatley","S","Penn State",223,NA,NA,223,244
"245","Izavion Miller","OT","Auburn",224,NA,NA,224,245
"246","Joenel Aguero","S","Georgia",263,NA,194,228.5,246
"247","Malik Hartford","S","Ohio State",291,NA,172,231.5,247
"248","Brandon Inniss","WR","Ohio State",276,NA,190,233,248
"249","Dante Moore","QB","Oregon",270,NA,200,235,249
"250","Anthony Evans III","WR","Georgia",274,NA,199,236.5,250
"251","Cole Wisniewski","S","Texas Tech",237,NA,NA,237,251
"252","Bryson Washington","RB","Baylor",239,NA,NA,239,252
"253","Princewill Umanmielen","EDGE","Mississippi",278,NA,206,242,253
"254","Dylan Edwards","RB","Colorado",245,NA,NA,245,254
"255","RJ Maryland","TE","SMU",246,NA,NA,246,255
"256","Isaiah Horton","WR","Alabama",247,NA,NA,247,256
"257","Quinten Joyner","RB","Texas Tech",332,NA,163,247.5,257
"258","Akheem Mesidor","EDGE","Miami (FL)",248,NA,NA,248,258
"259","Alex Birchmeier","IOL","Penn State",287,NA,210,248.5,259
"260","Zeke Barry","CB","Michigan",249,NA,NA,249,260
"261","Jalen Hale","WR","Alabama",283,NA,215,249,261
"262","Cam Miller","CB","Rutgers",250,NA,NA,250,262
"263","Tomas Rimac","IOL","Virginia Tech",251,NA,NA,251,263
"264","Alex Harkey","OT","Texas State",252,NA,NA,252,264
"265","Deshaun Lee","CB","Iowa",253,NA,NA,253,265
"266","Lee Hunter","DL","Texas Tech",349,NA,157,253,266
"267","Geimere Latimer","CB","Jacksonville State",255,NA,NA,255,267
"268","Will Shaffer","LB","Abilene Christian",256,NA,NA,256,268
"269","Bruno Onwuazor","OT","Virginia State",257,NA,NA,257,269
"270","Mark Gronowski","QB","Iowa",258,NA,NA,258,270
"271","Ryder Langsdale","OT","Lafayette",259,NA,NA,259,271
"272","Jordan Hall","DL","Georgia",260,NA,NA,260,272
"273","Jurrion Dickey","WR","Oregon",261,NA,NA,261,273
"274","Lance Heard","OT","Tennessee",262,NA,NA,262,274
"275","J'ven Williams","OT","Penn State",264,NA,NA,264,275
"276","Da'Shawn Womack","EDGE","Mississippi",265,NA,NA,265,276
"277","Daevin Hobbs","DL","Tennessee",342,NA,189,265.5,277
"278","Yhonzae Pierre","EDGE","Alabama",267,NA,NA,267,278
"279","Keon Keeley","EDGE","Alabama",268,NA,NA,268,279
"280","Cormani McClain","CB","Colorado",269,NA,NA,269,280
"281","Jaylon Braxton","CB","Mississippi",308,NA,232,270,281
"282","Vic Burley","DL","Clemson",271,NA,NA,271,282
"283","Samson Okunlola","OT","Miami (FL)",272,NA,NA,272,283
"284","Rueben Owens","RB","Texas A&M",273,NA,NA,273,284
"285","Elijah Paige","OT","USC",275,NA,NA,275,285
"286","Cameron Seldon","RB","Tennessee",277,NA,NA,277,286
"287","Johntay Cook II","WR","Washington",316,NA,239,277.5,287
"288","Jaiden Ausberry","LB","Notre Dame",280,NA,NA,280,288
"289","Shelton Sampson Jr","WR","LSU",281,NA,NA,281,289
"290","Ayden Williams","WR","Mississippi",282,NA,NA,282,290
"291","Jacobe Johnson","CB","Oklahoma",350,NA,217,283.5,291
"292","Austin Mack","QB","Alabama",284,NA,NA,284,292
"293","Pearce Spurlin III","TE","Georgia",285,NA,NA,285,293
"294","Noah Rogers","WR","NC State",286,NA,NA,286,294
"295","Dijon Johnson","S","Florida",363,NA,209,286,295
"296","Ka'morreun Pimpton","TE","LSU",288,NA,NA,288,296
"297","Djay Braswell","RB","South Carolina",289,NA,NA,289,297
"298","Tyree Adams","OT","LSU",290,NA,NA,290,298
"299","Chimdy Onoh","OT","Penn State",292,NA,NA,292,299
"300","Grayson Howard","LB","Florida",293,NA,NA,293,300
"301","Riley Williams","TE","Miami (FL)",294,NA,NA,294,301
"302","Dante Dowdell","RB","Kentucky",359,NA,229,294,302
"303","Jelani McDonald","S","Texas",295,NA,NA,295,303
"304","Arvell Reese","LB","Ohio State",296,NA,NA,296,304
"305","Hunter Osborne","DL","Alabama",297,NA,NA,297,305
"306","Damari Brown","CB","Miami (FL)",298,NA,NA,298,306
"307","Caleb Herring","EDGE","Tennessee",299,NA,NA,299,307
"308","Raymond Cottrell","WR","Kentucky",300,NA,NA,300,308
"309","Ethan Davis","TE","Tennessee",301,NA,NA,301,309
"310","Ty Lockwood","TE","Alabama",302,NA,NA,302,310
"311","Malachi Coleman","WR","Nebraska",303,NA,NA,303,311
"312","Dakaari Nelson","S","Penn State",304,NA,NA,304,312
"313","Kedrick Reescano","RB","Arizona",305,NA,NA,305,313
"314","Lewis Carter","LB","Oklahoma",306,NA,NA,306,314
"315","Daylen Austin","CB","Oregon",307,NA,NA,307,315
"316","Cooper Flanagan","TE","Notre Dame",309,NA,NA,309,316
"317","Javien Toviano","S","LSU",401,NA,218,309.5,317
"318","Joshua Padilla","IOL","Ohio State",310,NA,NA,310,318
"319","Conner Weigman","QB","Houston",451,NA,170,310.5,319
"320","Jelani Thurman","TE","Ohio State",311,NA,NA,311,320
"321","Stephiylan Green","DL","Clemson",312,NA,NA,312,321
"322","Richard Young","RB","Alabama",313,NA,NA,313,322
"323","Braylon James","WR","TCU",314,NA,NA,314,323
"324","Olaus Alinen","OT","Alabama",315,NA,NA,315,324
"325","Jordan Renaud","EDGE","Alabama",317,NA,NA,317,325
"326","King Mack","S","Penn State",318,NA,NA,318,326
"327","Andrew Rappleyea","TE","Penn State",319,NA,NA,319,327
"328","Jaishawn Barham","LB","Michigan",454,NA,185,319.5,328
"329","Ryan Niblett","WR","Texas",320,NA,NA,320,329
"330","Jaden Rashada","QB","Sacramento State",321,NA,NA,321,330
"331","Jalen Brown","WR","Florida State",322,NA,NA,322,331
"332","Rico Flores","WR","UCLA",323,NA,NA,323,332
"333","Troy Bowles","LB","Michigan",324,NA,NA,324,333
"334","Madden Sanker","OT","Louisville",325,NA,NA,325,334
"335","Jamaal Jarrett","DL","USC",326,NA,NA,326,335
"336","Jayden Wayne","EDGE","Washington",327,NA,NA,327,336
"337","London Humphreys","WR","Georgia",430,NA,224,327,337
"338","Colton Vasek","EDGE","Texas",328,NA,NA,328,338
"339","Derion Gullette","EDGE","Mississippi State",329,NA,NA,329,339
"340","Luke Montgomery","IOL","Ohio State",330,NA,NA,330,340
"341","Caden Jenkins","CB","Baylor",331,NA,NA,331,341
"342","Jahlil Hurley","CB","Kansas",333,NA,NA,333,342
"343","Ty Simpson","QB","Alabama",442,NA,225,333.5,343
"344","Cole Martin","CB","Arizona State",334,NA,NA,334,344
"345","Ta'Mere Robinson","S","Penn State",335,NA,NA,335,345
"346","Randon Fontenette","S","Vanderbilt",336,NA,NA,336,346
"347","Hunter Clegg","EDGE","Utah",337,NA,NA,337,347
"348","Joshua Mickens","EDGE","Ohio State",338,NA,NA,338,348
"349","Markee Anderson","IOL","South Carolina",339,NA,NA,339,349
"350","Jordan Bass","LB","Pittsburgh",340,NA,NA,340,350
"351","DaKaari Nelson","S","Penn State",341,NA,NA,341,351
"352","Robert Stafford","CB","Miami (FL)",343,NA,NA,343,352
"353","Mark Fletcher","RB","Miami (FL)",344,NA,NA,344,353
"354","Brenan Vernon","DL","Notre Dame",345,NA,NA,345,354
"355","Nathan Leacock","WR","Tennessee",346,NA,NA,346,355
"356","Wilkin Formby","OT","Alabama",347,NA,NA,347,356
"357","Andrew Depaepe","DL","Michigan State",348,NA,NA,348,357
"358","Rodrick Pleasant","CB","Oregon",351,NA,NA,351,358
"359","Dezz Ricks","CB","Texas A&M",352,NA,NA,352,359
"360","Tausili Akana","LB","Texas",353,NA,NA,353,360
"361","TJ Shanahan","IOL","Texas A&M",354,NA,NA,354,361
"362","Xzavier McLeod","DL","Georgia",355,NA,NA,355,362
"363","John Randle Jr","RB","Utah",356,NA,NA,356,363
"364","Jaquaize Pettaway","WR","East Carolina",357,NA,NA,357,364
"365","Jaxon Howard","EDGE","LSU",358,NA,NA,358,365
"366","Desmond Reid","RB","Pittsburgh",569,NA,147,358,366
"367","Bear Alexander","DL","Oregon",507,NA,211,359,367
"368","John Walker","DL","UCF",360,NA,NA,360,368
"369","Harris Sewell","IOL","Clemson",361,NA,NA,361,369
"370","Malik Bryant","EDGE","Miami (FL)",362,NA,NA,362,370
"371","Kamran James","DL","Florida",364,NA,NA,364,371
"372","Noah Fifita","QB","Arizona",562,NA,166,364,372
"373","Jaydon Chatman","OT","Texas",365,NA,NA,365,373
"374","Collins Acheampong","EDGE","UCLA",366,NA,NA,366,374
"375","Stanton Ramil","OT","Michigan State",367,NA,NA,367,375
"376","Qua Russaw","EDGE","Alabama",368,NA,NA,368,376
"377","Edric Hill","DL","Alabama",369,NA,NA,369,377
"378","Lucas Simmons","OT","Florida State",370,NA,NA,370,378
"379","Kaleb Jackson","RB","LSU",371,NA,NA,371,379
"380","Kylin Jackson","S","LSU",372,NA,NA,372,380
"381","Ja'Keem Jackson","CB","LSU",373,NA,NA,373,381
"382","Samuel Singleton Jr","RB","Florida State",374,NA,NA,374,382
"383","Makari Vickers","CB","Colorado",375,NA,NA,375,383
"384","Jaybron Harvey","EDGE","North Carolina",376,NA,NA,376,384
"385","Gabe Harris","EDGE","Georgia",377,NA,NA,377,385
"386","Damonic Williams","DL","Oklahoma",378,NA,NA,378,386
"387","Enow Etta","EDGE","Michigan",379,NA,NA,379,387
"388","Tackett Curtis","LB","Wisconsin",380,NA,NA,380,388
"389","Calvin Simpson-Hunt","CB","Ohio State",381,NA,NA,381,389
"390","Jameial Lyons","EDGE","Penn State",382,NA,NA,382,390
"391","Jayvon Thomas","CB","Texas A&M",383,NA,NA,383,391
"392","Shamurad Umarov","OT","Tennessee",384,NA,NA,384,392
"393","Bai Jobe","EDGE","Michigan State",385,NA,NA,385,393
"394","Arion Carter","LB","Tennessee",386,NA,NA,386,394
"395","Tyler White","P","Texas A&M",387,NA,NA,387,395
"396","Tony Rojas","LB","Penn State",388,NA,NA,388,396
"397","Bravion Rogers","CB","Texas A&M",389,NA,NA,389,397
"398","Austin Novosad","QB","Oregon",390,NA,NA,390,398
"399","Eric Rivers","WR","Georgia Tech",727,NA,53,390,399
"400","Cordale Russell","WR","TCU",391,NA,NA,391,400
"401","Roderick Robinson II","RB","Georgia",392,NA,NA,392,401
"402","Treyaun Webb","RB","Florida",393,NA,NA,393,402
"403","Nolan Rucci","OT","Penn State",605,NA,181,393,403
"404","Jason Moore","DL","Ohio State",394,NA,NA,394,404
"405","Derek Williams Jr","S","Texas",395,NA,NA,395,405
"406","Bo Hughley","OT","Georgia",396,NA,NA,396,406
"407","Kam Robinson","LB","Virginia",397,NA,NA,397,407
"408","DJ Chester","IOL","LSU",398,NA,NA,398,408
"409","Ian Reed","IOL","Clemson",399,NA,NA,399,409
"410","Samuel M'Pemba","EDGE","Georgia",400,NA,NA,400,410
"411","Desmond Umeozulu","EDGE","South Carolina",402,NA,NA,402,411
"412","Nicolas Radicic","K","Indiana",403,NA,NA,403,412
"413","Nate Johnson","QB","Vanderbilt",404,NA,NA,404,413
"414","Marcus Ratcliffe","S","Texas A&M",405,NA,NA,405,414
"415","Hudson Kaak","P","Oklahoma State",406,NA,NA,406,415
"416","Declan Duley","P","Illinois",407,NA,NA,407,416
"417","Jayce Brown","WR","Kansas State",408,NA,NA,408,417
"418","Grayson Loftis","QB","Duke",409,NA,NA,409,418
"419","Aidan Flintoft","P","Stanford",410,NA,NA,410,419
"420","Hank Brown","QB","Iowa",411,NA,NA,411,420
"421","Amare Thomas","WR","UAB",412,NA,NA,412,421
"422","James Durand","IOL","Wisconsin",413,NA,NA,413,422
"423","Alex Kilgore","LB","SMU",414,NA,NA,414,423
"424","Evan Link","OT","Michigan",415,NA,NA,415,424
"425","Carl Williams IV","CB","Baylor",416,NA,NA,416,425
"426","Miller Moss","QB","Louisville",667,NA,165,416,426
"427","James Williams","EDGE","Florida State",603,NA,230,416.5,427
"428","Joey Schlaffer","TE","Penn State",417,NA,NA,417,428
"429","Ja'Bril Rawls","S","Florida State",418,NA,NA,418,429
"430","Chris Johnson Jr","RB","SMU",419,NA,NA,419,430
"431","Trey Zuhn III","OT","Texas A&M",661,NA,178,419.5,431
"432","Conor Talty","K","Alabama",420,NA,NA,420,432
"433","Phillip Daniels","OT","Ohio State",421,NA,NA,421,433
"434","Dion Crawford","LB","Buffalo",422,NA,NA,422,434
"435","Peyton Woodring","K","Georgia",423,NA,NA,423,435
"436","David Olano","K","Illinois",424,NA,NA,424,436
"437","A'Marion McCoy","CB","Boise State",425,NA,NA,425,437
"438","Palmer Williams","P","Baylor",426,NA,NA,426,438
"439","Sedrick Alexander","RB","Vanderbilt",427,NA,NA,427,439
"440","Kaden Feagin","RB","Illinois",428,NA,NA,428,440
"441","Mikey Matthews","WR","California",429,NA,NA,429,441
"442","Jake Eldridge","LS","Rutgers",431,NA,NA,431,442
"443","Tyler Brown","WR","Clemson",432,NA,NA,432,443
"444","Taylen Green","QB","Arkansas",719,NA,146,432.5,444
"445","Brock Taylor","K","Vanderbilt",433,NA,NA,433,445
"446","Jarra Anderson","DL","Memphis",434,NA,NA,434,446
"447","Ryder Burns","LS","Southern Miss",435,NA,NA,435,447
"448","Trey Dubuc","LS","South Florida",436,NA,NA,436,448
"449","Jaylen Raynor","QB","Arkansas State",437,NA,NA,437,449
"450","Jager Burton","IOL","Kentucky",438,NA,NA,438,450
"451","Tony Mitchell","S","Alabama",439,NA,NA,439,451
"452","Chandavian Bradley","EDGE","Tennessee",440,NA,NA,440,452
"453","De'Zhaun Stribling","WR","Mississippi",701,NA,179,440,453
"454","Jaheim Singletary","CB","Arkansas",441,NA,NA,441,454
"455","Zach Rice","IOL","North Carolina",443,NA,NA,443,455
"456","Travis Shaw","DL","North Carolina",444,NA,NA,444,456
"457","CJ Hicks","LB","Ohio State",445,NA,NA,445,457
"458","Ricardo Hallman","CB","Wisconsin",704,NA,187,445.5,458
"459","Marvin Jones Jr","EDGE","Florida State",446,NA,NA,446,459
"460","Jeremiah Alexander","EDGE","Alabama",447,NA,NA,447,460
"461","Chris Marshall","WR","Boise State",448,NA,NA,448,461
"462","Denver Harris","CB","UTSA",449,NA,NA,449,462
"463","Jeadyn Lukus","CB","Clemson",450,NA,NA,450,463
"464","Jaylen Sneed","LB","Notre Dame",452,NA,NA,452,464
"465","Riley Mahlman","OT","Wisconsin",684,NA,220,452,465
"466","Gabriel Brownlow-Dindy","DL","South Carolina",453,NA,NA,453,466
"467","Walker Howard","QB","Louisiana-Lafayette",455,NA,NA,455,467
"468","Kendrick Law","WR","Kentucky",456,NA,NA,456,468
"469","Noah Thomas","WR","Texas A&M",457,NA,NA,457,469
"470","Donovan Green","TE","Texas A&M",458,NA,NA,458,470
"471","Jaylon Guilbeau","CB","Texas",459,NA,NA,459,471
"472","Ephesians Prysock","CB","Washington",460,NA,NA,460,472
"473","Omari Abor","EDGE","SMU",461,NA,NA,461,473
"474","Pat Coogan","IOL","Notre Dame",731,NA,191,461,474
"475","Darris Smith","EDGE","Missouri",462,NA,NA,462,475
"476","Enai White","EDGE","Penn State",463,NA,NA,463,476
"477","Nyjalik Kelly","EDGE","UCF",464,NA,NA,464,477
"478","Maalik Murphy","QB","Oregon State",465,NA,NA,465,478
"479","Devon Jackson","LB","Oregon",466,NA,NA,466,479
"480","Vincent Anthony Jr","EDGE","Duke",467,NA,NA,467,480
"481","Cole Hutson","IOL","Texas",468,NA,NA,468,481
"482","Shawn Murphy","LB","Florida State",469,NA,NA,469,482
"483","Julian Armella","OT","Florida State",470,NA,NA,470,483
"484","Cyrus Moss","EDGE","Portland State",471,NA,NA,471,484
"485","Kaden Helms","TE","Oklahoma",472,NA,NA,472,485
"486","Neto Umeozulu","IOL","Texas",473,NA,NA,473,486
"487","Popeye Williams","EDGE","Western Michigan",474,NA,NA,474,487
"488","Kenyatta Jackson","EDGE","Ohio State",475,NA,NA,475,488
"489","Jayden Gibson","WR","Oklahoma",476,NA,NA,476,489
"490","Dallan Hayden","RB","Colorado",477,NA,NA,477,490
"491","Gentry Williams","CB","Oklahoma",478,NA,NA,478,491
"492","Talyn Shettron","WR","Oklahoma State",479,NA,NA,479,492
"493","Kaleb Brown","WR","Iowa",480,NA,NA,480,493
"494","Jalon Daniels","QB","Kansas",794,NA,167,480.5,494
"495","Jamarion Miller","RB","Alabama",481,NA,NA,481,495
"496","Jyaire Brown","CB","UCF",482,NA,NA,482,496
"497","Terrance Brooks","CB","Illinois",483,NA,NA,483,497
"498","Kobe Prentice","WR","Alabama",484,NA,NA,484,498
"499","Gavin Sawchuk","RB","Oklahoma",485,NA,NA,485,499
"500","Adam Randall","WR","Clemson",486,NA,NA,486,500
"501","JQ Hardaway","CB","Kentucky",487,NA,NA,487,501
"502","Devin Moore","CB","Florida",488,NA,NA,488,502
"503","Kamari Wilson","S","Arizona State",489,NA,NA,489,503
"504","TreVonte Citizen","RB","McNeese State",490,NA,NA,490,504
"505","Zavion Thomas","WR","LSU",491,NA,NA,491,505
"506","Tony Grimes","CB","Purdue",751,NA,231,491,506
"507","Kevin Coleman","WR","Mississippi State",492,NA,NA,492,507
"508","Emmanuel Henderson","RB","Alabama",493,NA,NA,493,508
"509","Kam Dewberry","IOL","Alabama",494,NA,NA,494,509
"510","Dasan McCullough","EDGE","Nebraska",495,NA,NA,495,510
"511","Jordan White","IOL","Vanderbilt",783,NA,208,495.5,511
"512","Jacolby Spells","CB","West Virginia",496,NA,NA,496,512
"513","Tosh Baker","OT","Notre Dame",757,NA,236,496.5,513
"514","Braylin Presley","WR","Tulsa",497,NA,NA,497,514
"515","Ryan Otton","TE","Washington",498,NA,NA,498,515
"516","Jaylon Glover","RB","UNLV",499,NA,NA,499,516
"517","Jaheim Oatis","DL","Colorado",500,NA,NA,500,517
"518","Julian Humphrey","CB","Texas A&M",501,NA,NA,501,518
"519","Kevin Coleman Jr","WR","Missouri",502,NA,NA,502,519
"520","Patrick Kutas","IOL","Mississippi",503,NA,NA,503,520
"521","Earl Little II","CB","Florida State",504,NA,NA,504,521
"522","Haynes King","QB","Georgia Tech",772,NA,237,504.5,522
"523","Carson Hinzman","IOL","Ohio State",505,NA,NA,505,523
"524","MJ Morris","QB","Maryland",506,NA,NA,506,524
"525","Jamari Lyons","DL","Florida",508,NA,NA,508,525
"526","Bryce Anderson","S","Texas A&M",509,NA,NA,509,526
"527","Khurtiss Perry","DL","Virginia Tech",510,NA,NA,510,527
"528","Wesley Bissainthe","LB","Miami (FL)",511,NA,NA,511,528
"529","Dayne Shor","OT","Akron",512,NA,NA,512,529
"530","Malick Sylla","EDGE","Mississippi State",513,NA,NA,513,530
"531","AJ Swann","QB","LSU",514,NA,NA,514,531
"532","Toriano Pride","CB","Missouri",515,NA,NA,515,532
"533","Nick Evers","QB","UConn",516,NA,NA,516,533
"534","Jack Pedersen","TE","UCLA",517,NA,NA,517,534
"535","Jordan Hudson","WR","SMU",518,NA,NA,518,535
"536","Jalen Catalon","S","UNLV",816,NA,221,518.5,536
"537","Zion Branch","S","Georgia",519,NA,NA,519,537
"538","Kyion Grayes","WR","California",520,NA,NA,520,538
"539","Anthony Lucas","EDGE","USC",521,NA,NA,521,539
"540","Jake Johnson","TE","North Carolina",522,NA,NA,522,540
"541","George Pettaway","RB","James Madison",523,NA,NA,523,541
"542","Justice Finkley","EDGE","Texas",524,NA,NA,524,542
"543","Raleek Brown","RB","Arizona State",525,NA,NA,525,543
"544","Andre Greene Jr","WR","Virginia",526,NA,NA,526,544
"545","Holden Staes","TE","Tennessee",527,NA,NA,527,545
"546","Jacoby Mathews","S","Texas A&M",528,NA,NA,528,546
"547","Tegra Tshabola","OT","Ohio State",529,NA,NA,529,547
"548","Robert Spears-Jennings","S","Oklahoma",530,NA,NA,530,548
"549","Amari Niblack","TE","Texas",531,NA,NA,531,549
"550","Devin Brown","QB","California",532,NA,NA,532,550
"551","Kaden Saunders","WR","Penn State",533,NA,NA,533,551
"552","Jacob Sexton","OT","Oklahoma",534,NA,NA,534,552
"553","Keaten Wade","EDGE","Kentucky",535,NA,NA,535,553
"554","Gunner Stockton","QB","Georgia",536,NA,NA,536,554
"555","Branson Robinson","RB","Georgia",537,NA,NA,537,555
"556","Antonio Gates Jr","WR","Michigan State",538,NA,NA,538,556
"557","Jaleel Skinner","TE","Louisville",539,NA,NA,539,557
"558","Quency Wiggins","DL","Colorado",540,NA,NA,540,558
"559","Joe Brunner","IOL","Wisconsin",541,NA,NA,541,559
"560","Emar'rion Winston","EDGE","Baylor",542,NA,NA,542,560
"561","CJ Williams","WR","Stanford",543,NA,NA,543,561
"562","Tobias Merriweather","WR","California",544,NA,NA,544,562
"563","Brendan Sorsby","QB","Cincinnati",545,NA,NA,545,563
"564","Jeremiah Earby","CB","Boise State",546,NA,NA,546,564
"565","Richard Reese","RB","Baylor",547,NA,NA,547,565
"566","Jaylin Lucas","RB","Florida State",548,NA,NA,548,566
"567","Jaron Glover","WR","Mississippi State",549,NA,NA,549,567
"568","Malik Spencer","S","Michigan State",550,NA,NA,550,568
"569","Jack Pyburn","EDGE","LSU",551,NA,NA,551,569
"570","Eddie Kelly","DL","Missouri",552,NA,NA,552,570
"571","Gavin Gibson","CB","East Carolina",553,NA,NA,553,571
"572","Amari Jackson","CB","Boston College",554,NA,NA,554,572
"573","Ernest Hausmann","LB","Michigan",555,NA,NA,555,573
"574","Dean Connors","RB","Rice",556,NA,NA,556,574
"575","Samuel Okunlola","EDGE","Colorado",557,NA,NA,557,575
"576","Ti Mims","WR","Southern Miss",558,NA,NA,558,576
"577","Darren Agu","EDGE","Vanderbilt",559,NA,NA,559,577
"578","DQ Smith","S","South Carolina",560,NA,NA,560,578
"579","Thomas Castellanos","QB","Florida State",561,NA,NA,561,579
"580","Jayden McGowan","WR","Charlotte",563,NA,NA,563,580
"581","Drew Azzopardi","OT","Washington",564,NA,NA,564,581
"582","Jeremiah Cooper","S","Iowa State",565,NA,NA,565,582
"583","Marcus Allen","CB","North Carolina",566,NA,NA,566,583
"584","Josh Kattus","TE","Kentucky",567,NA,NA,567,584
"585","Colbie Young","WR","Georgia",568,NA,NA,568,585
"586","Sean FitzSimmons","DL","Pittsburgh",570,NA,NA,570,586
"587","Byrum Brown","QB","South Florida",571,NA,NA,571,587
"588","Marlin Klein","TE","Michigan",572,NA,NA,572,588
"589","Carsen Ryan","TE","Utah",573,NA,NA,573,589
"590","Mason Johnstone","OT","Clemson",574,NA,NA,574,590
"591","Chris Brazzell","WR","Tennessee",575,NA,NA,575,591
"592","Van Wells","IOL","Oregon State",576,NA,NA,576,592
"593","D'Andre Martin","DL","Charlotte",577,NA,NA,577,593
"594","Jayden Maiava","QB","USC",578,NA,NA,578,594
"595","Savion Red","RB","Nevada",579,NA,NA,579,595
"596","DJ Wingfield","IOL","Purdue",580,NA,NA,580,596
"597","Pichon Wimbley","IOL","Georgia Southern",581,NA,NA,581,597
"598","John Bock II","IOL","Florida International",582,NA,NA,582,598
"599","Cameron Ball","TE","Mississippi State",583,NA,NA,583,599
"600","Kyron Barnes","OT","Southern Miss",584,NA,NA,584,600
"601","CJ Donaldson","RB","West Virginia",585,NA,NA,585,601
"602","Andrew Paul","RB","Jacksonville State",586,NA,NA,586,602
"603","Jalen Huskey","CB","Maryland",587,NA,NA,587,603
"604","Donovan Saunders","CB","Utah",588,NA,NA,588,604
"605","Squirrel White","WR","Tennessee",589,NA,NA,589,605
"606","Owen McCown","QB","UTSA",590,NA,NA,590,606
"607","AJ Haulcy","S","Houston",591,NA,NA,591,607
"608","Justus Ross-Simmons","WR","Syracuse",592,NA,NA,592,608
"609","Ethan Burke","EDGE","Texas",593,NA,NA,593,609
"610","Jordan Dwyer","WR","TCU",594,NA,NA,594,610
"611","Bryan Thomas Jr","EDGE","South Carolina",595,NA,NA,595,611
"612","Asani Redwood","DL","West Virginia",596,NA,NA,596,612
"613","Jay'Vion Cole","CB","Texas",597,NA,NA,597,613
"614","Lance St Louis","LS","Texas",598,NA,NA,598,614
"615","Justin Joly","TE","NC State",599,NA,NA,599,615
"616","Bryan McCoy","LB","Akron",600,NA,NA,600,616
"617","Jordan Pollard","LB","San Jose State",601,NA,NA,601,617
"618","Maurice Westmoreland","EDGE","UTEP",602,NA,NA,602,618
"619","Justin Kirkland","DL","Oklahoma State",604,NA,NA,604,619
"620","Xavian Sorey Jr","LB","Arkansas",606,NA,NA,606,620
"621","Sage Ryan","S","Mississippi",607,NA,NA,607,621
"622","Camar Wheaton","RB","SMU",608,NA,NA,608,622
"623","Keeshawn Silver","DL","USC",609,NA,NA,609,623
"624","Korey Foreman","EDGE","Fresno State",610,NA,NA,610,624
"625","Damon Payne","DL","Michigan",611,NA,NA,611,625
"626","Sam Huard","QB","Utah",612,NA,NA,612,626
"627","Latrell McCutchin","CB","Houston",613,NA,NA,613,627
"628","Jabari Ishmael","EDGE","Southern Miss",614,NA,NA,614,628
"629","Agiye Hall","WR","Sacramento State",615,NA,NA,615,629
"630","Kyron Drones","QB","Virginia Tech",616,NA,NA,616,630
"631","Kaidon Salter","QB","Colorado",617,NA,NA,617,631
"632","Destyn Hill","WR","LSU",618,NA,NA,618,632
"633","Raesjon Davis","LB","USC",619,NA,NA,619,633
"634","Carlos Del Rio-Wilson","QB","Syracuse",620,NA,NA,620,634
"635","Sawyer Robertson","QB","Baylor",621,NA,NA,621,635
"636","Shadrach Banks","LB","TCU",622,NA,NA,622,636
"637","Laurance Seymore","IOL","Akron",623,NA,NA,623,637
"638","Elliot Donald","DL","Pittsburgh",624,NA,NA,624,638
"639","Marcus Burris","DL","Indiana",625,NA,NA,625,639
"640","Avante Dickerson","CB","Utah State",626,NA,NA,626,640
"641","Derrick Davis Jr","RB","Pittsburgh",627,NA,NA,627,641
"642","Clayton Smith","EDGE","Arizona State",628,NA,NA,628,642
"643","James Brockermeyer","IOL","Miami (FL)",629,NA,NA,629,643
"644","Keli Lawson","LB","Virginia Tech",630,NA,NA,630,644
"645","Trevion Cooley","RB","Georgia Tech",631,NA,NA,631,645
"646","Quaydarius Davis","WR","Florida Atlantic",632,NA,NA,632,646
"647","Kendal Daniels","S","Oklahoma State",633,NA,NA,633,647
"648","David Daniel-Sisavanh","S","Georgia",634,NA,NA,634,648
"649","Michael Trigg","TE","Baylor",635,NA,NA,635,649
"650","Christian Leary","WR","Georgia Tech",636,NA,NA,636,650
"651","Tywone Malone","DL","Ohio State",637,NA,NA,637,651
"652","Jayden Ballard","WR","Ohio State",638,NA,NA,638,652
"653","Jaylin Davies","CB","Oklahoma State",639,NA,NA,639,653
"654","Jonathan Jefferson","DL","SMU",640,NA,NA,640,654
"655","Julien Simon","LB","UConn",641,NA,NA,641,655
"656","Teddy Prochazka","OT","Nebraska",642,NA,NA,642,656
"657","Dylan Brooks","EDGE","Kansas",643,NA,NA,643,657
"658","Wilfredo Aybar","EDGE","Stanford",644,NA,NA,644,658
"659","Luke Altmyer","QB","Illinois",645,NA,NA,645,659
"660","Jake Garcia","QB","East Carolina",646,NA,NA,646,660
"661","Kadarius Calloway","RB","California",647,NA,NA,647,661
"662","LJ Johnson Jr","RB","SMU",648,NA,NA,648,662
"663","Armoni Goodwin","RB","UAB",649,NA,NA,649,663
"664","JP Benzschawel","IOL","Wisconsin",650,NA,NA,650,664
"665","JK Johnson","CB","Oklahoma State",651,NA,NA,651,665
"666","Ceyair Wright","CB","Nebraska",652,NA,NA,652,666
"667","Deion Colzie","WR","Miami (OH)",653,NA,NA,653,667
"668","Nyland Green","CB","Arizona State",654,NA,NA,654,668
"669","Bryce Carter","EDGE","Virginia",655,NA,NA,655,669
"670","JoJo Earle","WR","UNLV",656,NA,NA,656,670
"671","Kelvin Gilliam","DL","Virginia Tech",657,NA,NA,657,671
"672","RaRa Dillworth","LB","Troy",658,NA,NA,658,672
"673","Will Heldt","EDGE","Purdue",659,NA,NA,659,673
"674","Zaire Patterson","EDGE","Clemson",660,NA,NA,660,674
"675","Cody Jackson","WR","Tarleton State",662,NA,NA,662,675
"676","Ethan Calvert","LB","Cal Poly",663,NA,NA,663,676
"677","Chris Hilton","WR","LSU",664,NA,NA,664,677
"678","Cade Denhoff","EDGE","Clemson",665,NA,NA,665,678
"679","Malik McClain","WR","Arizona State",666,NA,NA,666,679
"680","Devonta Smith","CB","Notre Dame",668,NA,NA,668,680
"681","Savion Byrd","IOL","SMU",669,NA,NA,669,681
"682","Tunmise Adeleye","DL","Texas State",670,NA,NA,670,682
"683","Behren Morton","QB","Texas Tech",671,NA,NA,671,683
"684","Ben Christman","IOL","Kentucky",672,NA,NA,672,684
"685","Byron Cardwell","RB","California",673,NA,NA,673,685
"686","Xavier Hill","IOL","Colorado",674,NA,NA,674,686
"687","Raheem Anderson","IOL","Michigan",675,NA,NA,675,687
"688","Ty Thompson","QB","Tulane",676,NA,NA,676,688
"689","Gabriel Rubio","DL","Notre Dame",677,NA,NA,677,689
"690","Romello Brinson","WR","SMU",678,NA,NA,678,690
"691","Keanu Koht","EDGE","Vanderbilt",679,NA,NA,679,691
"692","Terrence Ferguson II","IOL","Florida State",680,NA,NA,680,692
"693","Bram Walden","IOL","Arizona State",681,NA,NA,681,693
"694","Lorenzo Styles Jr","CB","Ohio State",682,NA,NA,682,694
"695","Giovanni El-Hadi","OT","Michigan",683,NA,NA,683,695
"696","Kyron Ware-Hudson","WR","Penn State",685,NA,NA,685,696
"697","Malik Benson","WR","Florida State",686,NA,NA,686,697
"698","Ezra Dotson-Oyetade","IOL","TCU",687,NA,NA,687,698
"699","Preston Stone","QB","Northwestern",688,NA,NA,688,699
"700","Evan Pryor","RB","Cincinnati",689,NA,NA,689,700
"701","Dacari Collins","WR","NC State",690,NA,NA,690,701
"702","Jardin Gilbert","S","LSU",691,NA,NA,691,702
"703","Prince Kollie","LB","Vanderbilt",692,NA,NA,692,703
"704","Zen Michalski","OT","Indiana",693,NA,NA,693,704
"705","Eric McAlister","WR","TCU",694,NA,NA,694,705
"706","Jeremiah Williams","EDGE","Texas A&M",695,NA,NA,695,706
"707","Prophet Brown","CB","USC",696,NA,NA,696,707
"708","Kamarro Edmonds","RB","East Carolina",697,NA,NA,697,708
"709","Reid Carrico","LB","West Virginia",698,NA,NA,698,709
"710","Micah Morris","IOL","Georgia",699,NA,NA,699,710
"711","Damarius McGhee","CB","Kansas",700,NA,NA,700,711
"712","Jaden Bray","WR","West Virginia",702,NA,NA,702,712
"713","Khordae Sydnor","EDGE","Purdue",703,NA,NA,703,713
"714","Jason Henderson","LB","Old Dominion",705,NA,NA,705,714
"715","Corey Platt Jr","LB","Houston",706,NA,NA,706,715
"716","Jerand Bradley","WR","Boston College",707,NA,NA,707,716
"717","Darian Chestnut","CB","Syracuse",708,NA,NA,708,717
"718","Tiaoalii Savea","DL","Texas",709,NA,NA,709,718
"719","Dylan Rosiek","LB","Illinois",710,NA,NA,710,719
"720","Logan Diggs","RB","Mississippi",711,NA,NA,711,720
"721","Cole Rusk","TE","Illinois",712,NA,NA,712,721
"722","DeAndre Boykins","CB","North Carolina",713,NA,NA,713,722
"723","Joseph Manjack IV","WR","TCU",714,NA,NA,714,723
"724","Tyler Onyedim","DL","Texas A&M",715,NA,NA,715,724
"725","Jack Kelly","LB","BYU",716,NA,NA,716,725
"726","Sean Brown","S","NC State",717,NA,NA,717,726
"727","Kolbey Taylor","CB","Vanderbilt",718,NA,NA,718,727
"728","Eric Gentry","LB","USC",720,NA,NA,720,728
"729","Andrel Anthony","WR","Duke",721,NA,NA,721,729
"730","Tyreek Chappell","CB","Texas A&M",722,NA,NA,722,730
"731","David Gusta","DL","Washington State",723,NA,NA,723,731
"732","Horatio Fields","WR","Auburn",724,NA,NA,724,732
"733","Daylan Carnell","S","Missouri",725,NA,NA,725,733
"734","Cyrus Allen","WR","Cincinnati",726,NA,NA,726,734
"735","Jordan van den Berg","DL","Georgia Tech",728,NA,NA,728,735
"736","Dominick Giudice","IOL","Michigan",729,NA,NA,729,736
"737","Jamal Haynes","RB","Georgia Tech",730,NA,NA,730,737
"738","Chamon Metayer","TE","Arizona State",732,NA,NA,732,738
"739","Alton McCaskill IV","RB","Arizona State",733,NA,NA,733,739
"740","Jordan Favors","S","Appalachian State",734,NA,NA,734,740
"741","Jared Brown","WR","South Carolina",735,NA,NA,735,741
"742","Jayden Thomas","WR","Virginia",736,NA,NA,736,742
"743","Rara Thomas","WR","Georgia",737,NA,NA,737,743
"744","Malachi Lawrence","EDGE","UCF",738,NA,NA,738,744
"745","Tommy Doman","P","Florida",739,NA,NA,739,745
"746","Mason Murphy","OT","Auburn",740,NA,NA,740,746
"747","Jake Retzlaff","QB","BYU",741,NA,NA,741,747
"748","Will Kacmarek","TE","Ohio State",742,NA,NA,742,748
"749","Cade Zimmerly","IOL","Bowling Green",743,NA,NA,743,749
"750","Preston Hodge","S","Colorado",744,NA,NA,744,750
"751","Bert Auburn","K","Texas",745,NA,NA,745,751
"752","Seydou Traore","TE","Mississippi State",746,NA,NA,746,752
"753","Kamryn Waites","OT","Florida",747,NA,NA,747,753
"754","David Blay","DL","Miami (FL)",748,NA,NA,748,754
"755","Bauer Sharp","TE","LSU",749,NA,NA,749,755
"756","Sav'ell Smalls","TE","Colorado",750,NA,NA,750,756
"757","EJ Williams","WR","Indiana",752,NA,NA,752,757
"758","Roydell Williams","RB","Florida State",753,NA,NA,753,758
"759","Jeff Sims","QB","Arizona State",754,NA,NA,754,759
"760","Drew Pyne","QB","Missouri",755,NA,NA,755,760
"761","Troy Omeire","WR","UNLV",756,NA,NA,756,761
"762","Fred Davis II","CB","Northwestern",758,NA,NA,758,762
"763","Xavion Alford","S","Arizona State",759,NA,NA,759,763
"764","Demorie Tate","CB","Florida A&M",760,NA,NA,760,764
"765","Key Lawrence","S","UCLA",761,NA,NA,761,765
"766","Patrick Jenkins","DL","Tulane",762,NA,NA,762,766
"767","Malcolm Greene","S","UMass",763,NA,NA,763,767
"768","Demon Clowney","EDGE","Charlotte",764,NA,NA,764,768
"769","Reggie Grimes","EDGE","Memphis",765,NA,NA,765,769
"770","Turner Corcoran","IOL","Nebraska",766,NA,NA,766,770
"771","Keionte Scott","CB","Auburn",767,NA,NA,767,771
"772","Aki Ogunbiyi","IOL","Texas A&M",768,NA,NA,768,772
"773","Max Johnson","QB","North Carolina",769,NA,NA,769,773
"774","Romello Height","EDGE","Texas Tech",770,NA,NA,770,774
"775","Chip Trayanum","RB","Kentucky",771,NA,NA,771,775
"776","Joshua Braun","IOL","Kentucky",773,NA,NA,773,776
"777","Bangally Kamara","LB","Kansas",774,NA,NA,774,777
"778","Andrew Gentry","OT","Michigan",775,NA,NA,775,778
"779","Stephen Dix Jr","LB","Marshall",776,NA,NA,776,779
"780","Tyler Van Dyke","QB","Wisconsin",777,NA,NA,777,780
"781","Chad Lindberg","OT","Rice",778,NA,NA,778,781
"782","Walker Parks","IOL","Clemson",779,NA,NA,779,782
"783","Caullin Lacy","WR","Louisville",780,NA,NA,780,783
"784","Ja'Mori Maclin","WR","Kentucky",781,NA,NA,781,784
"785","Karon Prunty","CB","Wake Forest",782,NA,NA,782,785
"786","Tyler Grubbs","LB","Tulane",784,NA,NA,784,786
"787","Dominic Richardson","RB","Baylor",785,NA,NA,785,787
"788","DJ Graham","CB","Kansas",786,NA,NA,786,788
"789","Dillon Wade","IOL","Auburn",787,NA,NA,787,789
"790","Payton Zdroik","DL","Air Force",788,NA,NA,788,790
"791","Gilber Edmond","EDGE","South Carolina",789,NA,NA,789,791
"792","Braydon Bennett","RB","Coastal Carolina",790,NA,NA,790,792
"793","Miles Scott","S","Illinois",791,NA,NA,791,793
"794","Jahmeer Carter","DL","Virginia",792,NA,NA,792,794
"795","Leon Lowery Jr","LB","Illinois",793,NA,NA,793,795
"796","Jeremiah Hunter","WR","Washington",795,NA,NA,795,796
"797","Courtland Ford","OT","Kentucky",796,NA,NA,796,797
"798","Nate Rutchena","TE","California",797,NA,NA,797,798
"799","TJ Finley","QB","Tulane",798,NA,NA,798,799
"800","Nick Dawkins","IOL","Penn State",799,NA,NA,799,800
"801","Hunter Zambrano","IOL","Texas Tech",800,NA,NA,800,801
"802","Terion Stewart","RB","Virginia Tech",801,NA,NA,801,802
"803","Jimari Butler","LB","LSU",802,NA,NA,802,803
"804","Stefon Thompson","LB","Florida State",803,NA,NA,803,804
"805","Jalen Berger","RB","UCLA",804,NA,NA,804,805
"806","Noah Whittington","RB","Oregon",805,NA,NA,805,806
"807","CJ Daniels","WR","Miami (FL)",806,NA,NA,806,807
"808","Tyree Skipper","S","Louisiana-Lafayette",807,NA,NA,807,808
"809","Diego Pavia","QB","Vanderbilt",808,NA,NA,808,809
"810","Alex Wollschlaeger","OT","Kentucky",809,NA,NA,809,810
"811","Jeremiah Walker","CB","Stephen F. Austin",810,NA,NA,810,811
"812","Tavian Coleman","DL","Texas State",811,NA,NA,811,812
"813","Matthew Sluka","QB","UNLV",812,NA,NA,812,813
"814","Dylan Morris","QB","James Madison",813,NA,NA,813,814
"815","Avery Huff","LB","Florida International",814,NA,NA,814,815
"816","Tyler Johnson","IOL","Colorado",815,NA,NA,815,816
"817","Ja'Varrius Johnson","WR","UCF",817,NA,NA,817,817
"818","Mycah Pittman","WR","Utah",818,NA,NA,818,818
"819","Keiondre Jones","IOL","Florida State",819,NA,NA,819,819
"820","Cade McNamara","QB","Iowa",820,NA,NA,820,820
"821","Donavon Greene","WR","Wake Forest",821,NA,NA,821,821
"822","Rodrigues Clark","RB","Southern Miss",822,NA,NA,822,822
"823","Zion Nelson","OT","Miami (FL)",823,NA,NA,823,823
"824","Matthew Bedford","OT","Oregon",824,NA,NA,824,824
"825","Antonio Clary","S","Virginia",825,NA,NA,825,825
"826","Ben Coleman","IOL","Arizona State",826,NA,NA,826,826
"827","Darrell Simmons Jr","IOL","Kansas",827,NA,NA,827,827
"828","Dequan Finn","QB","Miami (OH)",828,NA,NA,828,828
"829","Mohamed Toure","LB","Rutgers",829,NA,NA,829,829
"830","Zach Calzada","QB","Kentucky",830,NA,NA,830,830
"831","Rahsul Faison","RB","South Carolina",831,NA,NA,831,831
"832","Chandler Rogers","QB","California",832,NA,NA,832,832
"833","Dawson Jaramillo","OT","NC State",833,NA,NA,833,833
"834","Darnell Jefferies","DL","Minnesota",834,NA,NA,834,834
"835","Montre Miller","CB","Mississippi State",835,NA,NA,835,835
"836","Levani Damuni","LB","Utah",836,NA,NA,836,836
